/*
 Navicat Premium Data Transfer

 Source Server         : JSite
 Source Server Type    : MySQL
 Source Server Version : 80018
 Source Host           : 39.105.173.191:3306
 Source Schema         : jsite

 Target Server Type    : MySQL
 Target Server Version : 80018
 File Encoding         : 65001

 Date: 18/03/2020 17:25:08
*/

SET NAMES utf8mb4;
SET FOREIGN_KEY_CHECKS = 0;

-- ----------------------------
-- Table structure for ACT_DE_DATABASECHANGELOG
-- ----------------------------
DROP TABLE IF EXISTS `ACT_DE_DATABASECHANGELOG`;
CREATE TABLE `ACT_DE_DATABASECHANGELOG`  (
  `ID` varchar(255) CHARACTER SET utf8 COLLATE utf8_bin NOT NULL,
  `AUTHOR` varchar(255) CHARACTER SET utf8 COLLATE utf8_bin NOT NULL,
  `FILENAME` varchar(255) CHARACTER SET utf8 COLLATE utf8_bin NOT NULL,
  `DATEEXECUTED` datetime(0) NOT NULL,
  `ORDEREXECUTED` int(11) NOT NULL,
  `EXECTYPE` varchar(10) CHARACTER SET utf8 COLLATE utf8_bin NOT NULL,
  `MD5SUM` varchar(35) CHARACTER SET utf8 COLLATE utf8_bin NULL DEFAULT NULL,
  `DESCRIPTION` varchar(255) CHARACTER SET utf8 COLLATE utf8_bin NULL DEFAULT NULL,
  `COMMENTS` varchar(255) CHARACTER SET utf8 COLLATE utf8_bin NULL DEFAULT NULL,
  `TAG` varchar(255) CHARACTER SET utf8 COLLATE utf8_bin NULL DEFAULT NULL,
  `LIQUIBASE` varchar(20) CHARACTER SET utf8 COLLATE utf8_bin NULL DEFAULT NULL,
  `CONTEXTS` varchar(255) CHARACTER SET utf8 COLLATE utf8_bin NULL DEFAULT NULL,
  `LABELS` varchar(255) CHARACTER SET utf8 COLLATE utf8_bin NULL DEFAULT NULL,
  `DEPLOYMENT_ID` varchar(10) CHARACTER SET utf8 COLLATE utf8_bin NULL DEFAULT NULL
) ENGINE = InnoDB CHARACTER SET = utf8 COLLATE = utf8_bin ROW_FORMAT = Dynamic;

-- ----------------------------
-- Records of ACT_DE_DATABASECHANGELOG
-- ----------------------------
INSERT INTO `ACT_DE_DATABASECHANGELOG` VALUES ('1', 'flowable', 'META-INF/liquibase/flowable-modeler-app-db-changelog.xml', '2020-01-02 15:23:50', 1, 'EXECUTED', '8:e70d1d9d3899a734296b2514ccc71501', 'createTable tableName=ACT_DE_MODEL; createIndex indexName=idx_proc_mod_created, tableName=ACT_DE_MODEL; createTable tableName=ACT_DE_MODEL_HISTORY; createIndex indexName=idx_proc_mod_history_proc, tableName=ACT_DE_MODEL_HISTORY; createTable tableN...', '', NULL, '3.6.2', NULL, NULL, '7949827397');
INSERT INTO `ACT_DE_DATABASECHANGELOG` VALUES ('3', 'flowable', 'META-INF/liquibase/flowable-modeler-app-db-changelog.xml', '2020-01-02 15:23:51', 2, 'EXECUTED', '8:3a9143bef2e45f2316231cc1369138b6', 'addColumn tableName=ACT_DE_MODEL; addColumn tableName=ACT_DE_MODEL_HISTORY', '', NULL, '3.6.2', NULL, NULL, '7949827397');

-- ----------------------------
-- Table structure for ACT_DE_DATABASECHANGELOGLOCK
-- ----------------------------
DROP TABLE IF EXISTS `ACT_DE_DATABASECHANGELOGLOCK`;
CREATE TABLE `ACT_DE_DATABASECHANGELOGLOCK`  (
  `ID` int(11) NOT NULL,
  `LOCKED` bit(1) NOT NULL,
  `LOCKGRANTED` datetime(0) NULL DEFAULT NULL,
  `LOCKEDBY` varchar(255) CHARACTER SET utf8 COLLATE utf8_bin NULL DEFAULT NULL,
  PRIMARY KEY (`ID`) USING BTREE
) ENGINE = InnoDB CHARACTER SET = utf8 COLLATE = utf8_bin ROW_FORMAT = Dynamic;

-- ----------------------------
-- Records of ACT_DE_DATABASECHANGELOGLOCK
-- ----------------------------
INSERT INTO `ACT_DE_DATABASECHANGELOGLOCK` VALUES (1, b'0', NULL, NULL);

-- ----------------------------
-- Table structure for ACT_DE_MODEL
-- ----------------------------
DROP TABLE IF EXISTS `ACT_DE_MODEL`;
CREATE TABLE `ACT_DE_MODEL`  (
  `id` varchar(255) CHARACTER SET utf8 COLLATE utf8_bin NOT NULL,
  `name` varchar(400) CHARACTER SET utf8 COLLATE utf8_bin NOT NULL,
  `model_key` varchar(400) CHARACTER SET utf8 COLLATE utf8_bin NOT NULL,
  `description` varchar(4000) CHARACTER SET utf8 COLLATE utf8_bin NULL DEFAULT NULL,
  `model_comment` varchar(4000) CHARACTER SET utf8 COLLATE utf8_bin NULL DEFAULT NULL,
  `created` datetime(6) NULL DEFAULT NULL,
  `created_by` varchar(255) CHARACTER SET utf8 COLLATE utf8_bin NULL DEFAULT NULL,
  `last_updated` datetime(6) NULL DEFAULT NULL,
  `last_updated_by` varchar(255) CHARACTER SET utf8 COLLATE utf8_bin NULL DEFAULT NULL,
  `version` int(11) NULL DEFAULT NULL,
  `model_editor_json` longtext CHARACTER SET utf8 COLLATE utf8_bin NULL,
  `thumbnail` longblob NULL,
  `model_type` int(11) NULL DEFAULT NULL,
  `tenant_id` varchar(255) CHARACTER SET utf8 COLLATE utf8_bin NULL DEFAULT NULL,
  PRIMARY KEY (`id`) USING BTREE,
  INDEX `idx_proc_mod_created`(`created_by`) USING BTREE
) ENGINE = InnoDB CHARACTER SET = utf8 COLLATE = utf8_bin ROW_FORMAT = Dynamic;

-- ----------------------------
-- Records of ACT_DE_MODEL
-- ----------------------------
INSERT INTO `ACT_DE_MODEL` VALUES ('02d0e7c3-3675-11ea-aa63-00163e2e65eb', 'sdgsd', 'sdgsg', 'sdgsgsg', NULL, '2020-01-14 10:24:37.454000', 'admin', '2020-01-14 10:24:51.979000', 'admin', 1, '{\"name\":\"sdgsd\",\"key\":\"sdgsg\",\"version\":0,\"fields\":[{\"fieldType\":\"FormField\",\"id\":\"label\",\"name\":\"Label\",\"type\":\"text\",\"required\":false,\"readOnly\":false,\"overrideId\":false},{\"fieldType\":\"FormField\",\"id\":\"label\",\"name\":\"Label\",\"type\":\"text\",\"required\":false,\"readOnly\":false,\"overrideId\":false},{\"fieldType\":\"FormField\",\"id\":\"label\",\"name\":\"Label\",\"type\":\"text\",\"required\":false,\"readOnly\":false,\"overrideId\":false}],\"outcomes\":[]}', 0x89504E470D0A1A0A0000000D494844520000012C0000006C0806000000D0528FAD0000070349444154785EEDDDCB2B755F1CC7F12FC7FD7E2BA13021131919F807CC0D949831F70790BB44FE05332931306120A544463A294303CA2DC95D38AE4FFBFCF22BCFCFAF7D8EF3DDEB9C75F67BD7D333B0ADF55DAFEFEED3F3B0CE5E29A150E853B8104000010B0452082C0BBA44890820101620B078101040C01A0102CB9A565128020810583C030820608D0081654DAB28140104082C9E010410B04680C0B2A655148A0002AE81F5F4F424D9D9D948218000024604AEAFAFA5B8B8F8C7B9082C232D601204108854E0EEEE4E0A0A0A08AC48C1B80F0104E2274060C5CF9E991140204A01B5C01A1C1C94D1D1D17FA73F393991AAAAAA6FE5CCCFCF4B4747479425723B020820F08F807A601D1E1ECAE9E9A9D4D4D4C8D1D191949797CBDADA9A9C9F9F4B5D5D1D81C593870002BF16500FACD9D959696F6F97CBCBCBF0BFB0565656A4BABA5AF6F6F624353595C0FA75ABF8460410500B2C2811400001AF05082CAF85191F0104D404D402EBF6F656727272D40AF3FB40CE7F9FB9EC15F8F8F8B0B7F804AC3C3D3D5DF787EE9F9F9F92999999804BA5240410B05DE0E5E585C0B2BD89D48F805F04082CBF749A752290040204561234912520E01701CF02EBE2E242A6A7A7A5ADAD4D5A5A5ABE790E0F0F8BF3870B0104108846C0B3C0728A98989890BEBE3E595A5A926030284D4D4DE14F586F6C6CC8F8F8B8A4A4A444532BF7228080CF058C04D6E4E4A438EFCCCACACA92E7E767090402E27CE6900B0104108846C0D3C08AA610EE45000104DC04D4032B140AB9CDC9D7A31060E368145809782B1B47759BF2B5C7536DA7BB6E798C86000208FC5720E6C0727E3EC5850002089810703E02585454F4E354AEEF743751207320800002910810589128710F02082484008195106DA0080410884480C08A44897B104020210408AC846803452080402402AE81E5EC35E163369150720F0208680838EFDDFBBF3D8AAE81C551F51A2D600C04108854C0D9D6505858F8E3ED0456A48ADC870002460462DE389A9D9D6DA4502641000104082C9E010410B046402DB038AADE9A9E532802D60AA807D6C1C1813883969595C9D5D595A4A5A5C9EEEEAEECEFEF4B7D7D3D273F5BFBA8503802F117500FAC999919E9EEEE96B3B3B3F051F5ABABAB525959295B5B5B525C5C4C60C5BFE7548080B5026A8165AD00852380803502049635ADA2500410500B2CE79DED797979882A09F0090225C8380DE3ECC8E6D213787B7B0B0FA616581C55AFD71C46420081EF02EAEF7427B078C41040C02B0102CB2B59C64500017501024B9D94011140C02B01CF02EBE6E646A6A6A6A4B3B3531A1B1BBFD53F3434242323235EAD897111402049053C0B2CC7EBEBA8FAF5F575D9DCDC94E6E666292D2D95E5E565191B1B4B5252968500025E091809ACFEFE7E797D7D959C9C1C797C7C94FCFC7C191818F06A4D8C8B0002492AE0696025A919CB4200813809A807569CD6C1B40820E02301B58DA33E3263A9082010278198032B3333334EA5332D0208F84DC0D985505252F2E3B25DDFE9EE372CD68B0002892B4060256E6FA80C0104FE1220B078241040C01A0102CB9A565128020810583C030820608D806B60BDBFBF7354BD35EDA45004EC17705E631508047EF75B428EAAB7FF01600508D82410F33E2C4E7EB6A9DDD48A80DD020496DDFDA37A047C254060F9AADD2C1601BB05D4028BA3EAED7E10A81E011B04D403CB39AADEF9EDA1F3B3AD5028143E96E7F8F858767676A4A1A181939F6D782AA811810415500DACBEBE3E999B9B93AEAE2EB9BCBC94B2B232D9DEDE0E9F57E8FC5D5E5E4E6025E883405908D820A01658362C961A1140C06E0102CBEEFE513D02BE12500B2CE715A61C55EFAB6787C522604C40FD15C99CFC6CAC774C8480EF04082CDFB59C052360AF0081656FEFA81C01DF091058BE6B390B46C05E01CF02EBE1E1217C547D4F4F8FD4D6D67E13FA7B37BCBD7C548E000226053C0B2C67115F47D52F2E2E4A301894D6D6D6F026D28585058EAA37D965E6422049048C04566F6F6F982B373757EEEFEFA5A2A2429CE3EBB91040008168043C0DAC680AE15E041040C04D403DB0DC26E4EB08208040AC026A3BDD632D84EF47000104DC04620EAC8C8C0CB739F83A020820A022E01C555F5A5AFAE358AEA7E6A854C02008208080820081A580C8100820604680C032E3CC2C0820A0204060292032040208981120B0CC38330B0208280810580A880C8100026604082C33CECC8200020A020496022243208080190102CB8C33B3208080820081A580C8100820604680C032E3CC2C0820A0204060292032040208981120B0CC38330B0208280810580A880C8100026604082C33CECC8200020A020496022243208080190102CB8C33B3208080820081A580C8100820604680C032E3CC2C0820A0204060292032040208981120B0CC38330B0208280810580A880C8100026604082C33CECC8200020A020496022243208080190102CB8C33B320808082C01F758BB961F585E63A0000000049454E44AE426082, 2, NULL);
INSERT INTO `ACT_DE_MODEL` VALUES ('053f1298-62ba-11ea-9661-00163e2e65eb', 'cc', 'cc', '', NULL, '2020-03-10 18:29:27.958000', 'admin', '2020-03-10 18:32:32.649000', 'admin', 1, '{\"modelId\":\"053f1298-62ba-11ea-9661-00163e2e65eb\",\"bounds\":{\"lowerRight\":{\"x\":1200,\"y\":1050},\"upperLeft\":{\"x\":0,\"y\":0}},\"properties\":{\"process_id\":\"cc\",\"name\":\"cc\",\"documentation\":\"\",\"process_author\":\"\",\"process_version\":\"\",\"process_namespace\":\"http://www.flowable.org/processdef\",\"process_historylevel\":\"\",\"isexecutable\":true,\"dataproperties\":\"\",\"executionlisteners\":\"\",\"eventlisteners\":\"\",\"signaldefinitions\":\"\",\"messagedefinitions\":\"\",\"process_potentialstarteruser\":\"\",\"process_potentialstartergroup\":\"\",\"iseagerexecutionfetch\":\"false\"},\"childShapes\":[{\"resourceId\":\"startEvent1\",\"properties\":{\"overrideid\":\"\",\"name\":\"\",\"documentation\":\"\",\"executionlisteners\":\"\",\"initiator\":\"\",\"formkeydefinition\":\"\",\"formreference\":\"\",\"formproperties\":\"\"},\"stencil\":{\"id\":\"StartNoneEvent\"},\"childShapes\":[],\"outgoing\":[{\"resourceId\":\"sid-810FB694-A735-42AB-B72A-42D5D320D02A\"}],\"bounds\":{\"lowerRight\":{\"x\":240,\"y\":193},\"upperLeft\":{\"x\":210,\"y\":163}},\"dockers\":[]},{\"resourceId\":\"sid-810FB694-A735-42AB-B72A-42D5D320D02A\",\"properties\":{\"overrideid\":\"\",\"name\":\"\",\"documentation\":\"\",\"conditionsequenceflow\":\"\",\"executionlisteners\":\"\",\"defaultflow\":\"false\",\"skipexpression\":\"\",\"showdiamondmarker\":false},\"stencil\":{\"id\":\"SequenceFlow\"},\"childShapes\":[],\"outgoing\":[{\"resourceId\":\"sid-362BA056-4C5F-4FB1-8F42-E65CCA93C8AA\"}],\"bounds\":{\"lowerRight\":{\"x\":320,\"y\":178},\"upperLeft\":{\"x\":240.25,\"y\":178}},\"dockers\":[{\"x\":15,\"y\":15},{\"x\":1,\"y\":40}],\"target\":{\"resourceId\":\"sid-362BA056-4C5F-4FB1-8F42-E65CCA93C8AA\"}},{\"resourceId\":\"sid-362BA056-4C5F-4FB1-8F42-E65CCA93C8AA\",\"properties\":{\"overrideid\":\"\",\"name\":\"经理审批\",\"documentation\":\"\",\"asynchronousdefinition\":\"false\",\"exclusivedefinition\":\"false\",\"executionlisteners\":\"\",\"multiinstance_type\":\"None\",\"multiinstance_cardinality\":\"\",\"multiinstance_collection\":\"\",\"multiinstance_variable\":\"\",\"multiinstance_condition\":\"\",\"isforcompensation\":\"false\",\"usertaskassignment\":\"\",\"formkeydefinition\":\"\",\"formreference\":\"\",\"duedatedefinition\":\"\",\"prioritydefinition\":\"\",\"formproperties\":\"\",\"tasklisteners\":\"\",\"skipexpression\":\"\",\"categorydefinition\":\"\"},\"stencil\":{\"id\":\"UserTask\"},\"childShapes\":[],\"outgoing\":[{\"resourceId\":\"sid-3C99A45F-E6AD-4182-8F6A-440AA469C7CB\"}],\"bounds\":{\"lowerRight\":{\"x\":420,\"y\":218},\"upperLeft\":{\"x\":320,\"y\":138}},\"dockers\":[]},{\"resourceId\":\"sid-F458EF96-70A0-496B-A9FD-37C9C61DC6AA\",\"properties\":{\"overrideid\":\"\",\"name\":\"老板审批\",\"documentation\":\"\",\"asynchronousdefinition\":\"false\",\"exclusivedefinition\":\"false\",\"executionlisteners\":\"\",\"multiinstance_type\":\"None\",\"multiinstance_cardinality\":\"\",\"multiinstance_collection\":\"\",\"multiinstance_variable\":\"\",\"multiinstance_condition\":\"\",\"isforcompensation\":\"false\",\"usertaskassignment\":\"\",\"formkeydefinition\":\"\",\"formreference\":\"\",\"duedatedefinition\":\"\",\"prioritydefinition\":\"\",\"formproperties\":\"\",\"tasklisteners\":\"\",\"skipexpression\":\"\",\"categorydefinition\":\"\"},\"stencil\":{\"id\":\"UserTask\"},\"childShapes\":[],\"outgoing\":[{\"resourceId\":\"sid-FD774FF4-CE43-424E-B363-D16322E2D611\"}],\"bounds\":{\"lowerRight\":{\"x\":565,\"y\":218},\"upperLeft\":{\"x\":465,\"y\":138}},\"dockers\":[]},{\"resourceId\":\"sid-3C99A45F-E6AD-4182-8F6A-440AA469C7CB\",\"properties\":{\"overrideid\":\"\",\"name\":\"\",\"documentation\":\"\",\"conditionsequenceflow\":\"\",\"executionlisteners\":\"\",\"defaultflow\":\"false\",\"skipexpression\":\"\"},\"stencil\":{\"id\":\"SequenceFlow\"},\"childShapes\":[],\"outgoing\":[{\"resourceId\":\"sid-F458EF96-70A0-496B-A9FD-37C9C61DC6AA\"}],\"bounds\":{\"lowerRight\":{\"x\":464.15625,\"y\":178},\"upperLeft\":{\"x\":420.84375,\"y\":178}},\"dockers\":[{\"x\":50,\"y\":40},{\"x\":50,\"y\":40}],\"target\":{\"resourceId\":\"sid-F458EF96-70A0-496B-A9FD-37C9C61DC6AA\"}},{\"resourceId\":\"sid-C242ED95-24F1-413D-BE4A-2C7A7727317F\",\"properties\":{\"overrideid\":\"\",\"name\":\"抄送\",\"documentation\":\"\",\"asynchronousdefinition\":\"false\",\"exclusivedefinition\":\"false\",\"executionlisteners\":\"\",\"multiinstance_type\":\"None\",\"multiinstance_cardinality\":\"\",\"multiinstance_collection\":\"\",\"multiinstance_variable\":\"\",\"multiinstance_condition\":\"\",\"isforcompensation\":\"false\",\"usertaskassignment\":\"\",\"formkeydefinition\":\"\",\"formreference\":\"\",\"duedatedefinition\":\"\",\"prioritydefinition\":\"\",\"formproperties\":\"\",\"tasklisteners\":\"\",\"skipexpression\":\"\",\"categorydefinition\":\"\"},\"stencil\":{\"id\":\"UserTask\"},\"childShapes\":[],\"outgoing\":[{\"resourceId\":\"sid-8653317C-99D0-4010-B366-8A21EC69FAD7\"}],\"bounds\":{\"lowerRight\":{\"x\":710,\"y\":218},\"upperLeft\":{\"x\":610,\"y\":138}},\"dockers\":[]},{\"resourceId\":\"sid-FD774FF4-CE43-424E-B363-D16322E2D611\",\"properties\":{\"overrideid\":\"\",\"name\":\"\",\"documentation\":\"\",\"conditionsequenceflow\":\"\",\"executionlisteners\":\"\",\"defaultflow\":\"false\",\"skipexpression\":\"\"},\"stencil\":{\"id\":\"SequenceFlow\"},\"childShapes\":[],\"outgoing\":[{\"resourceId\":\"sid-C242ED95-24F1-413D-BE4A-2C7A7727317F\"}],\"bounds\":{\"lowerRight\":{\"x\":609.15625,\"y\":178},\"upperLeft\":{\"x\":565.84375,\"y\":178}},\"dockers\":[{\"x\":50,\"y\":40},{\"x\":50,\"y\":40}],\"target\":{\"resourceId\":\"sid-C242ED95-24F1-413D-BE4A-2C7A7727317F\"}},{\"resourceId\":\"sid-04F526E6-43FB-4AC7-A753-DFCE3CCB94DB\",\"properties\":{\"overrideid\":\"\",\"name\":\"\",\"documentation\":\"\",\"executionlisteners\":\"\"},\"stencil\":{\"id\":\"EndNoneEvent\"},\"childShapes\":[],\"outgoing\":[],\"bounds\":{\"lowerRight\":{\"x\":783,\"y\":192},\"upperLeft\":{\"x\":755,\"y\":164}},\"dockers\":[]},{\"resourceId\":\"sid-8653317C-99D0-4010-B366-8A21EC69FAD7\",\"properties\":{\"overrideid\":\"\",\"name\":\"\",\"documentation\":\"\",\"conditionsequenceflow\":\"\",\"executionlisteners\":\"\",\"defaultflow\":\"false\",\"skipexpression\":\"\"},\"stencil\":{\"id\":\"SequenceFlow\"},\"childShapes\":[],\"outgoing\":[{\"resourceId\":\"sid-04F526E6-43FB-4AC7-A753-DFCE3CCB94DB\"}],\"bounds\":{\"lowerRight\":{\"x\":754.375,\"y\":178},\"upperLeft\":{\"x\":710.390625,\"y\":178}},\"dockers\":[{\"x\":50,\"y\":40},{\"x\":14,\"y\":14}],\"target\":{\"resourceId\":\"sid-04F526E6-43FB-4AC7-A753-DFCE3CCB94DB\"}}],\"stencil\":{\"id\":\"BPMNDiagram\"},\"stencilset\":{\"namespace\":\"http://b3mn.org/stencilset/bpmn2.0#\",\"url\":\"../editor/stencilsets/bpmn2.0/bpmn2.0.json\"}}', 0x89504E470D0A1A0A0000000D49484452000000EB0000002E0806000000C92FEED20000041D4944415478DAED9DBD4B5B5118871D1C3A74ECD0A143870E0E1DFA077408742D7451E2C735B992063B3814259B5F041C02826085407110DA6A43290EA193D7AF4841080E1D422445A148483585D89454D2249EBE6FC885E49A9810136F72F27BE090A8C1C3EB8FE7BEE7DC7B4DBABA0000000000000000000000E8548410DDC7C7C79FF6F7F7739B9B9B626363C3B4A1699A080402BF6828A80FD901031CF6DEDE9E383B3B13E974DAF4118FC7C5EEEEEE6F0ABF17F5757676C0001F958BC3FEF6C5951F7F125133434FD3D13A8CFA3A3B3B6080974FC57F6C3DF0F0B6C7D4A334059E417D9D9D1D30C0FB8D72818734B7D9810BD4D7D9D9811A03377BFFD36C5965A84FF6ECC03581F35E470F3CF2F58D74B2CA569FECD9810A81EB411B872CB2CA589FECD9812A4BA95619CD5A06CB549FECD901C80A59DB50D68181817B345EF6F7F7CFD2E3EBBEBEBE474D11827EF9D3D1D1514D55D5044D26144549D96CB6CFF4FC216485ACA8ED7AAC56EB02B972C1EE140FFAFEFAD0D0D083864D343E3EFEDEE17064FC7EBF88C56282E10BD9ABABAB99E1E1E10BBBDDFE0CB24256D4561E92F21D8B39383878E9F178726B6B6B62696929FF7541DA137AFEA421A24E4D4D651389842807DF2AE6743A93D4D2EF4256C88ADAAE88DACB428E8C8C5C4622911277D829B7DBAD77D9931BAD5279E9CB1DB592A83A8B8B8B627272F22D6485ACA8AD14EA98119631180C9675279BCD160BEBAF7B22DEA3F2D2B71A87878782BA6F1CB24256D456B24F7DCC12D2EA342F6525B8192A8A92E3D7D67DD24955D524EF4DAB914C26F36DFEB625A5E2C27C664DC6C0F5DA387099EB93B9361A6E16D0EBF556758856A7197E2D9F25AE7752512BC6B35CB7395A397099EB4376B50D9FCF57D51F7E4DE1F5B375C96AB3D912D168B4EA44DCC6A9B3E6B00CC63218B59534BB57B576568FC793BC516725593FACACAC64AA4DC49BE7898989EF9015B2A2B69213B43D34B24EA733BF55ACC4D1D111EF59D3246BA6EE6BAEB4D9BD6FB7DB537C79A612BC71A60DF4BFB1B1312B6485ACA8ED4A77DDE68E3937372752A9D4157F0E0E0E84C3E1C8166E905868C49D4BE7F3F3F322140A09FD320E3F7247655169B275DC140159515BF9EE4A22C65946EEB0BC24E6FDE9F2F2B270B95C257732592C96EE1B4FA8AAEA9D999919EFF4F4F44F12F7B2709137C74B5F333B2A6485ACED70075341D8ED0A27A04EE8E74A43446D07202B646D931BF97B0A279DF237F2D3A3851B6157270159212BFE450EB24256C80A202BEA83AC9015B24256C8DAAA18DF7BB645C645B3DE3758A6FA64CF0E18080402B156F9F8057D44A3D18F8D7A577799EB933D3B60606B6BEBC5CECECEF9E9E9E9DF56382A73D89AA6FD68D4E7A5C85C9FECD98132D01FF7391D0D83BC7C31F393C80AF3871B1DB6CCF5C99E1D00000000000000000000000000000000000000000000C8C37F2B0CC98C6C758C750000000049454E44AE426082, 0, NULL);
INSERT INTO `ACT_DE_MODEL` VALUES ('22896c2b-610a-11ea-9661-00163e2e65eb', '测试', 'ceshi', '测试', NULL, '2020-03-08 14:57:54.515000', 'admin', '2020-03-08 14:57:54.515000', 'admin', 1, '{\"id\":\"canvas\",\"resourceId\":\"canvas\",\"stencilset\":{\"namespace\":\"http://b3mn.org/stencilset/bpmn2.0#\"},\"properties\":{\"process_id\":\"ceshi\",\"name\":\"测试\",\"documentation\":\"测试\"},\"childShapes\":[{\"bounds\":{\"lowerRight\":{\"x\":130,\"y\":193},\"upperLeft\":{\"x\":100,\"y\":163}},\"childShapes\":[],\"dockers\":[],\"outgoing\":[],\"resourceId\":\"startEvent1\",\"stencil\":{\"id\":\"StartNoneEvent\"}}]}', 0x89504E470D0A1A0A0000000D494844520000002D0000002D08060000003A1AE29A000002E04944415478DAED58DF6B526118DEC52EFA23BA080AEACFF08F48747A5051F157F3D74C10744CA6178A8C5D0B42188B2E4236314B6585919814132744B46A3936E7C19B31AA63FEC8AFF71D79135DCC73BEF38DE03C7038777ECF7978BEE77D5E1716142850F0FF821072ADDD6EDBB3D9ECAB442271EEF178C626938968B55AC271DCD4E9740EC3E1F0613299DC82E7F69593CDE5720F63B1D8D8E7F391743A4D1A8D06E976BB6430181004BEFBFD3ED9DBDB23F051C4EBF54EFD7E7FC766B35999130672E6783CFE33180C5E109A4C26E4B268B55A24140A4DEC76FB07B55A7D8B85BA8BF97CFEA5C3E1208542612EB27FA3542A11B3D92CC8AA3A12AE56AB6FDD6E373938382034D0E97408082058ADD67BB290468591307A9426F0F740ED6F4B4B4B1C750FA3256829FC2FC50D06C31910BF432D25D6D7D787E86139512C1605BD5EFF860AE9EDEDED479812A3D188C80D97CBC54BB609AA8C398CB1C602FBFBFB43C96AE3A4C3CB2725DAE605C4200FD3F48668D2389A33990C6189CDCDCD1690BE2F9A3476091CCD2C51AFD73B40BA209A34969F5EAFC79434CFF37D207D2C9A34B6B559F961053C0F480F4493C67A7915C0734593361A8D53D64A0B82C04B521AE26EC8DAD3A7A7A71F25797A7575F513EBF42897CBCF24A5472A95CAB0CEE9B5B5B5A2A49C8E4422379797977F319C88039D4EF745D24444ACACAC7C66D53DC01A5B40F8B5E49667B158D4814060CC40ED3350B9496D198025B42D779FC6FB832AAB54AA452AA4D163B884CAB5B9409BCCC3193D6A9BCB0C1CC7E941F11FB477C49393931AD8E288FA8E38031474332EA1B414478591B046A309C9FADF071CA005D5CF777676BE4BB89C671B1B1B0FD012F09898FCC3841E07855E805DF866B329CC93C3954AE5317CF43BBC74D43D7C49F277913C54D83E2C0CEF6BB5DA51B7DBEDCD4A16961FEC12BBBBBB4FA3D1E873B0D721924575A9A58404AF5F07D57C40E6093C5FB1A561BDFCF33EC62E81A359F2A453A0408102050AE4C66FB109509232650D3B0000000049454E44AE426082, 0, NULL);
INSERT INTO `ACT_DE_MODEL` VALUES ('261c7127-6282-11ea-9661-00163e2e65eb', '11112', '112s', '', NULL, '2020-03-10 11:49:31.282000', 'admin', '2020-03-10 11:52:32.271000', 'admin', 1, '{\"modelId\":\"261c7127-6282-11ea-9661-00163e2e65eb\",\"bounds\":{\"lowerRight\":{\"x\":1200,\"y\":1050},\"upperLeft\":{\"x\":0,\"y\":0}},\"properties\":{\"process_id\":\"112s\",\"name\":\"11112\",\"documentation\":\"\",\"process_author\":\"\",\"process_version\":\"\",\"process_namespace\":\"http://www.flowable.org/processdef\",\"process_historylevel\":\"\",\"isexecutable\":true,\"dataproperties\":\"\",\"executionlisteners\":\"\",\"eventlisteners\":\"\",\"signaldefinitions\":\"\",\"messagedefinitions\":\"\",\"process_potentialstarteruser\":\"\",\"process_potentialstartergroup\":\"\",\"iseagerexecutionfetch\":\"false\"},\"childShapes\":[{\"resourceId\":\"startEvent1\",\"properties\":{\"overrideid\":\"\",\"name\":\"\",\"documentation\":\"\",\"executionlisteners\":\"\",\"initiator\":\"\",\"formkeydefinition\":\"\",\"formreference\":\"\",\"formproperties\":\"\"},\"stencil\":{\"id\":\"StartNoneEvent\"},\"childShapes\":[],\"outgoing\":[{\"resourceId\":\"sid-EC8307C4-5A73-45C9-BE0B-1DE772770B91\"}],\"bounds\":{\"lowerRight\":{\"x\":130,\"y\":193},\"upperLeft\":{\"x\":100,\"y\":163}},\"dockers\":[]},{\"resourceId\":\"sid-C4D63759-CD47-4EE9-96D7-FFFD266A506B\",\"properties\":{\"overrideid\":\"\",\"name\":\"\",\"documentation\":\"\",\"asynchronousdefinition\":\"false\",\"exclusivedefinition\":\"false\",\"executionlisteners\":\"\",\"multiinstance_type\":\"None\",\"multiinstance_cardinality\":\"\",\"multiinstance_collection\":\"\",\"multiinstance_variable\":\"\",\"multiinstance_condition\":\"\",\"isforcompensation\":\"false\",\"usertaskassignment\":{\"assignment\":{\"type\":\"idm\",\"idm\":{\"type\":\"users\",\"candidateUsers\":[{\"id\":\"dept\",\"firstName\":\"部门经理\",\"lastName\":\"\",\"email\":\"\",\"fullName\":\"部门经理 \",\"$$hashKey\":\"object:720\"}]}}},\"formkeydefinition\":\"\",\"formreference\":\"\",\"duedatedefinition\":\"\",\"prioritydefinition\":\"\",\"formproperties\":\"\",\"tasklisteners\":\"\",\"skipexpression\":\"\",\"categorydefinition\":\"\"},\"stencil\":{\"id\":\"UserTask\"},\"childShapes\":[],\"outgoing\":[{\"resourceId\":\"sid-96E2C8B0-4343-405D-89C2-190DC71F0EA3\"}],\"bounds\":{\"lowerRight\":{\"x\":275,\"y\":218},\"upperLeft\":{\"x\":175,\"y\":138}},\"dockers\":[]},{\"resourceId\":\"sid-EC8307C4-5A73-45C9-BE0B-1DE772770B91\",\"properties\":{\"overrideid\":\"\",\"name\":\"\",\"documentation\":\"\",\"conditionsequenceflow\":\"\",\"executionlisteners\":\"\",\"defaultflow\":\"false\",\"skipexpression\":\"\"},\"stencil\":{\"id\":\"SequenceFlow\"},\"childShapes\":[],\"outgoing\":[{\"resourceId\":\"sid-C4D63759-CD47-4EE9-96D7-FFFD266A506B\"}],\"bounds\":{\"lowerRight\":{\"x\":174.15625,\"y\":178},\"upperLeft\":{\"x\":130.609375,\"y\":178}},\"dockers\":[{\"x\":15,\"y\":15},{\"x\":50,\"y\":40}],\"target\":{\"resourceId\":\"sid-C4D63759-CD47-4EE9-96D7-FFFD266A506B\"}},{\"resourceId\":\"sid-D1711CEA-AB5D-4A14-8654-88E7465E4B42\",\"properties\":{\"overrideid\":\"\",\"name\":\"\",\"documentation\":\"\",\"asynchronousdefinition\":\"false\",\"exclusivedefinition\":\"false\",\"sequencefloworder\":\"\"},\"stencil\":{\"id\":\"ExclusiveGateway\"},\"childShapes\":[],\"outgoing\":[{\"resourceId\":\"sid-A148FD48-7FCB-431D-8D41-FD483F327AAE\"}],\"bounds\":{\"lowerRight\":{\"x\":360,\"y\":198},\"upperLeft\":{\"x\":320,\"y\":158}},\"dockers\":[]},{\"resourceId\":\"sid-96E2C8B0-4343-405D-89C2-190DC71F0EA3\",\"properties\":{\"overrideid\":\"\",\"name\":\"\",\"documentation\":\"\",\"conditionsequenceflow\":\"\",\"executionlisteners\":\"\",\"defaultflow\":\"false\",\"skipexpression\":\"\"},\"stencil\":{\"id\":\"SequenceFlow\"},\"childShapes\":[],\"outgoing\":[{\"resourceId\":\"sid-D1711CEA-AB5D-4A14-8654-88E7465E4B42\"}],\"bounds\":{\"lowerRight\":{\"x\":319.64844687000755,\"y\":178.4097335362338},\"upperLeft\":{\"x\":275.62889687999245,\"y\":178.2191727137662}},\"dockers\":[{\"x\":50,\"y\":40},{\"x\":20.5,\"y\":20.5}],\"target\":{\"resourceId\":\"sid-D1711CEA-AB5D-4A14-8654-88E7465E4B42\"}},{\"resourceId\":\"sid-AC8F7171-330B-44C0-A39C-17B6615A46F6\",\"properties\":{\"overrideid\":\"\",\"name\":\"\",\"documentation\":\"\",\"asynchronousdefinition\":\"false\",\"exclusivedefinition\":\"false\",\"executionlisteners\":\"\",\"multiinstance_type\":\"None\",\"multiinstance_cardinality\":\"\",\"multiinstance_collection\":\"\",\"multiinstance_variable\":\"\",\"multiinstance_condition\":\"\",\"isforcompensation\":\"false\",\"usertaskassignment\":{\"assignment\":{\"type\":\"idm\",\"idm\":{\"type\":\"groups\",\"candidateGroups\":[{\"id\":\"hr\",\"name\":\"hr\",\"$$hashKey\":\"object:1253\"}]}}},\"formkeydefinition\":\"\",\"formreference\":\"\",\"duedatedefinition\":\"\",\"prioritydefinition\":\"\",\"formproperties\":\"\",\"tasklisteners\":\"\",\"skipexpression\":\"\",\"categorydefinition\":\"\"},\"stencil\":{\"id\":\"UserTask\"},\"childShapes\":[],\"outgoing\":[],\"bounds\":{\"lowerRight\":{\"x\":505,\"y\":218},\"upperLeft\":{\"x\":405,\"y\":138}},\"dockers\":[]},{\"resourceId\":\"sid-A148FD48-7FCB-431D-8D41-FD483F327AAE\",\"properties\":{\"overrideid\":\"\",\"name\":\"\",\"documentation\":\"\",\"conditionsequenceflow\":\"\",\"executionlisteners\":\"\",\"defaultflow\":\"false\",\"skipexpression\":\"\"},\"stencil\":{\"id\":\"SequenceFlow\"},\"childShapes\":[],\"outgoing\":[{\"resourceId\":\"sid-AC8F7171-330B-44C0-A39C-17B6615A46F6\"}],\"bounds\":{\"lowerRight\":{\"x\":404.80079078438814,\"y\":178.41360197940782},\"upperLeft\":{\"x\":360.28514671561186,\"y\":178.21921052059218}},\"dockers\":[{\"x\":20.5,\"y\":20.5},{\"x\":50,\"y\":40}],\"target\":{\"resourceId\":\"sid-AC8F7171-330B-44C0-A39C-17B6615A46F6\"}}],\"stencil\":{\"id\":\"BPMNDiagram\"},\"stencilset\":{\"namespace\":\"http://b3mn.org/stencilset/bpmn2.0#\",\"url\":\"../editor/stencilsets/bpmn2.0/bpmn2.0.json\"}}', 0x89504E470D0A1A0A0000000D49484452000001000000003F08060000000F2916AA000005804944415478DAED9D4B485C6718865DB8E8220B175D6491858B2EBA7091858B2E5CB8C852E826E2659CF18242152F88ADE0464223682D52CC040BAD2283420B2E0A2DA50B678C8E84584C1B4A2263BDC5908A38A64CD53493716C4FBFAF9C69C7A1F532378F679E075EE4101833E77DBFEFFCE7FFFF73CCCB03000000000000000000B03A8661E46F6C6C4C2D2C2CFCE1F3F98CE9E9695BC9EBF51A7EBFFF85A806B7C9081949408D9D9F9F3782C1A01189446CA9DDDD5D636E6E6E4F8CBE4939931132128776753B1B1B677044BA7D8072262364240E1DD2FDD7C9D8581C3796BC1FFEFDD32E068BB951CA998C909138F41E28F1243C5FFADAF8E9DB0FFED12F4BDFD8C55C8372262364E414739F4CDF3A66AE1E632E0D808CE488B93AAC8B37578F319706404672C4DCD5FB778F99ABC7984B0320233962AE2ADE5C1B4DF0D000C8081939CDDC95FBEE63E6EA31E6D200C888CDCD3D086D1D333551FAEF989BDB0D808CD8D8DC938CB5C350CFE2E6169011326299FB3B3BCAC2E6168BF4FF564646C808E6E696B925A25DD1842824AA232364047373C3DC58F1579AC7D7CDE3F7C9888D325259595928BA2DBA277A2D32CC9F0F441F57545414616ECE358062B3D8139F3E7B5BF454D42FCAA7015CE28C949696E64B717FE27038426EB73BB0BCBC7C100E870DE5E8E8C80804022F8686861E565555ED4923709797975FC1DC9C680025E670FFFF9E3FBF267A2C1AB7421320234920C57CD5E9743EECEDEDDD0E854251E304F6F7F7A3DDDDDD3F4B237822CDE21AE6DABA01C48ABFF20CAB020F445F89DEA0015CA28CE895DFE572FD383A3ABAA757FAB3323C3CFC589B40364702987B21C57FD6974E68E17F27BA7791CB8464E49CC895FF6E5F5FDFFE798A3F464F4FCFAADE0E60AEED1A4071C284DF59C93757081E89AED2002C9E119DF0ABADADFD5D86FD4632C8ED80515D5DBD9FAD8941CCCDEA6C7F2AEF9C739B93838534000B67448AFF238FC7F3DA48813B77EE2CE9EA00E6DAA20168F16F9F63D87F12B7CCCFBA4E03B068469A9B9B9756565652A97F636D6D2D22A380EF31F7D237806487FD27D1687E66090DC0821991C28D1E1E1EA6D40074EE40F70964C24CB9B578249FFD5E6CA2117333735ECD493BFD7D5319F8759F9B9F5D4046AC370760A403FD9C4C986B6E42521D88C6313733E755A457FF1BA203D13B69FC5537CC9584B26C7D1732720E1C0EC7519A46005951AE999BADF31A9339F1A743F6A274173F19B16003E8E8E8584F750E607D7DDD703A9D3F646A78276AADABAB2B607897B9F39A40ABE8B9E82D2B5FF9C9481A32D2D9D9F9D9E4E4644A0D606C6CEC5756016CB70F4067F0F58F4EBC69E5E2272369D807D0D0D07098CA3E809A9A9A57EC03B0E54EC04FCD0D3D572E4BF1939124E8EAEA9A1A1C1CFC33999D80FDFDFD2FA5018C60AE6D9F05D05581E93336810B2F7E329204FA2C406B6BEB338FC773AEE2975B87B0CBE55AE559005B3780D8FEFE2FF24E7ED2CF12C54F4692449F06D426A023011DD69F36EC1F181808D7D6D6AEE92D04E6DAFE71606DF08BE67ABEA58B9F8CA43812686B6B9BACAFAF8FE8C4A0AE0EC49608F5F6607373D398989888CA553FD2D4D434CEFB0072EA85203AC3BE2ABA6DE5E22723E9D95851288D60A4BDBD7D4DF709E8DAAAEE186C6969D9686C6C1CE18D4039FB4A301DED3D3597092D59FC64C4E660EE8553646E141AB762F193111A00E6661E5E0B4E4630973F0C4246C808E6622E192123988BB964848C602EE692113282B9984B46C808E6622E192123988BB964848C602EE6921132921A3E9F2F57CC0D8BB951CA998C909138FC7EFF763018B4BDB95B5B5B5F8AB901CA998C909138666666DE9D9D9DFD6D6767E7955DBBBA1AEBF57A9F896E52CE64848C24205FBA4C3ADFA20E7FF41EC866D2EF14A0F8C9081901000000000000000000000000000000000000807FF90BD92499AEBE76AF070000000049454E44AE426082, 0, NULL);
INSERT INTO `ACT_DE_MODEL` VALUES ('28992bdc-610c-11ea-9661-00163e2e65eb', '测试111', 'ceshi111', '测试', NULL, '2020-03-08 15:12:23.675000', 'admin', '2020-03-09 10:24:40.622000', 'admin', 1, '{\"modelId\":\"28992bdc-610c-11ea-9661-00163e2e65eb\",\"bounds\":{\"lowerRight\":{\"x\":1200,\"y\":1050},\"upperLeft\":{\"x\":0,\"y\":0}},\"properties\":{\"process_id\":\"ceshi111\",\"name\":\"测试111\",\"documentation\":\"测试\",\"process_author\":\"\",\"process_version\":\"\",\"process_namespace\":\"http://www.flowable.org/processdef\",\"process_historylevel\":\"\",\"isexecutable\":true,\"dataproperties\":\"\",\"executionlisteners\":\"\",\"eventlisteners\":\"\",\"signaldefinitions\":\"\",\"messagedefinitions\":\"\",\"process_potentialstarteruser\":\"\",\"process_potentialstartergroup\":\"\",\"iseagerexecutionfetch\":\"false\"},\"childShapes\":[{\"resourceId\":\"startEvent1\",\"properties\":{\"overrideid\":\"\",\"name\":\"\",\"documentation\":\"\",\"executionlisteners\":\"\",\"initiator\":\"\",\"formkeydefinition\":\"\",\"formreference\":\"\",\"formproperties\":\"\"},\"stencil\":{\"id\":\"StartNoneEvent\"},\"childShapes\":[],\"outgoing\":[{\"resourceId\":\"sid-A6996380-0262-40F1-A789-0E1AD95C31DE\"}],\"bounds\":{\"lowerRight\":{\"x\":130,\"y\":193},\"upperLeft\":{\"x\":100,\"y\":163}},\"dockers\":[]},{\"resourceId\":\"sid-DDD17487-DD6C-4CC2-B1C7-BF0ECD297C9B\",\"properties\":{\"overrideid\":\"\",\"name\":\"node1\",\"documentation\":\"\",\"asynchronousdefinition\":\"false\",\"exclusivedefinition\":\"false\",\"executionlisteners\":\"\",\"multiinstance_type\":\"None\",\"multiinstance_cardinality\":\"\",\"multiinstance_collection\":\"\",\"multiinstance_variable\":\"\",\"multiinstance_condition\":\"\",\"isforcompensation\":\"false\",\"usertaskassignment\":{\"assignment\":{\"type\":\"idm\",\"idm\":{\"type\":\"groups\",\"candidateGroups\":[{\"id\":\"Manager\",\"name\":\"系统管理员\",\"$$hashKey\":\"object:979\"}]}}},\"formkeydefinition\":\"\",\"formreference\":\"\",\"duedatedefinition\":\"\",\"prioritydefinition\":\"\",\"formproperties\":{\"formProperties\":[{\"id\":\"node_type\",\"name\":\"节点审批类型\",\"type\":\"string\",\"readable\":true,\"writable\":true,\"$$hashKey\":\"uiGrid-000J\"}]},\"tasklisteners\":\"\",\"skipexpression\":\"\",\"categorydefinition\":\"\"},\"stencil\":{\"id\":\"UserTask\"},\"childShapes\":[],\"outgoing\":[{\"resourceId\":\"sid-E0228F37-A2C6-4E61-9ACB-5575B76A6539\"}],\"bounds\":{\"lowerRight\":{\"x\":275,\"y\":218},\"upperLeft\":{\"x\":175,\"y\":138}},\"dockers\":[]},{\"resourceId\":\"sid-A6996380-0262-40F1-A789-0E1AD95C31DE\",\"properties\":{\"overrideid\":\"\",\"name\":\"\",\"documentation\":\"\",\"conditionsequenceflow\":\"\",\"executionlisteners\":\"\",\"defaultflow\":\"false\",\"skipexpression\":\"\"},\"stencil\":{\"id\":\"SequenceFlow\"},\"childShapes\":[],\"outgoing\":[{\"resourceId\":\"sid-DDD17487-DD6C-4CC2-B1C7-BF0ECD297C9B\"}],\"bounds\":{\"lowerRight\":{\"x\":174.15625,\"y\":178},\"upperLeft\":{\"x\":130.609375,\"y\":178}},\"dockers\":[{\"x\":15,\"y\":15},{\"x\":50,\"y\":40}],\"target\":{\"resourceId\":\"sid-DDD17487-DD6C-4CC2-B1C7-BF0ECD297C9B\"}},{\"resourceId\":\"sid-6EA350F7-4D66-4979-81B7-8B431B34685A\",\"properties\":{\"overrideid\":\"\",\"name\":\"node2\",\"documentation\":\"\",\"asynchronousdefinition\":\"false\",\"exclusivedefinition\":\"false\",\"executionlisteners\":\"\",\"multiinstance_type\":\"None\",\"multiinstance_cardinality\":\"\",\"multiinstance_collection\":\"\",\"multiinstance_variable\":\"\",\"multiinstance_condition\":\"\",\"isforcompensation\":\"false\",\"usertaskassignment\":{\"assignment\":{\"type\":\"idm\",\"idm\":{\"type\":\"user\"}}},\"formkeydefinition\":\"\",\"formreference\":\"\",\"duedatedefinition\":\"\",\"prioritydefinition\":\"\",\"formproperties\":\"\",\"tasklisteners\":\"\",\"skipexpression\":\"\",\"categorydefinition\":\"\"},\"stencil\":{\"id\":\"UserTask\"},\"childShapes\":[],\"outgoing\":[{\"resourceId\":\"sid-74E1810C-90CF-4C65-9417-71939BDB5FDE\"}],\"bounds\":{\"lowerRight\":{\"x\":420,\"y\":218},\"upperLeft\":{\"x\":320,\"y\":138}},\"dockers\":[]},{\"resourceId\":\"sid-E0228F37-A2C6-4E61-9ACB-5575B76A6539\",\"properties\":{\"overrideid\":\"\",\"name\":\"\",\"documentation\":\"\",\"conditionsequenceflow\":\"\",\"executionlisteners\":\"\",\"defaultflow\":\"false\",\"skipexpression\":\"\"},\"stencil\":{\"id\":\"SequenceFlow\"},\"childShapes\":[],\"outgoing\":[{\"resourceId\":\"sid-6EA350F7-4D66-4979-81B7-8B431B34685A\"}],\"bounds\":{\"lowerRight\":{\"x\":319.15625,\"y\":178},\"upperLeft\":{\"x\":275.84375,\"y\":178}},\"dockers\":[{\"x\":50,\"y\":40},{\"x\":50,\"y\":40}],\"target\":{\"resourceId\":\"sid-6EA350F7-4D66-4979-81B7-8B431B34685A\"}},{\"resourceId\":\"sid-710DDC50-CC9C-4B94-8B7D-6411153D5673\",\"properties\":{\"overrideid\":\"\",\"name\":\"node3\",\"documentation\":\"\",\"asynchronousdefinition\":\"false\",\"exclusivedefinition\":\"false\",\"executionlisteners\":\"\",\"multiinstance_type\":\"None\",\"multiinstance_cardinality\":\"\",\"multiinstance_collection\":\"\",\"multiinstance_variable\":\"\",\"multiinstance_condition\":\"\",\"isforcompensation\":\"false\",\"usertaskassignment\":\"\",\"formkeydefinition\":\"\",\"formreference\":\"\",\"duedatedefinition\":\"\",\"prioritydefinition\":\"\",\"formproperties\":\"\",\"tasklisteners\":\"\",\"skipexpression\":\"\",\"categorydefinition\":\"\"},\"stencil\":{\"id\":\"UserTask\"},\"childShapes\":[],\"outgoing\":[{\"resourceId\":\"sid-CA19CFA9-9745-44FC-94E9-7663783ED6BC\"}],\"bounds\":{\"lowerRight\":{\"x\":565,\"y\":218},\"upperLeft\":{\"x\":465,\"y\":138}},\"dockers\":[]},{\"resourceId\":\"sid-74E1810C-90CF-4C65-9417-71939BDB5FDE\",\"properties\":{\"overrideid\":\"\",\"name\":\"\",\"documentation\":\"\",\"conditionsequenceflow\":\"\",\"executionlisteners\":\"\",\"defaultflow\":\"false\",\"skipexpression\":\"\"},\"stencil\":{\"id\":\"SequenceFlow\"},\"childShapes\":[],\"outgoing\":[{\"resourceId\":\"sid-710DDC50-CC9C-4B94-8B7D-6411153D5673\"}],\"bounds\":{\"lowerRight\":{\"x\":464.15625,\"y\":178},\"upperLeft\":{\"x\":420.84375,\"y\":178}},\"dockers\":[{\"x\":50,\"y\":40},{\"x\":50,\"y\":40}],\"target\":{\"resourceId\":\"sid-710DDC50-CC9C-4B94-8B7D-6411153D5673\"}},{\"resourceId\":\"sid-3A471AF8-D98A-4559-AF43-8C168B88A0CF\",\"properties\":{\"overrideid\":\"\",\"name\":\"\",\"documentation\":\"\",\"executionlisteners\":\"\"},\"stencil\":{\"id\":\"EndNoneEvent\"},\"childShapes\":[],\"outgoing\":[],\"bounds\":{\"lowerRight\":{\"x\":638,\"y\":192},\"upperLeft\":{\"x\":610,\"y\":164}},\"dockers\":[]},{\"resourceId\":\"sid-CA19CFA9-9745-44FC-94E9-7663783ED6BC\",\"properties\":{\"overrideid\":\"\",\"name\":\"\",\"documentation\":\"\",\"conditionsequenceflow\":\"\",\"executionlisteners\":\"\",\"defaultflow\":\"false\",\"skipexpression\":\"\"},\"stencil\":{\"id\":\"SequenceFlow\"},\"childShapes\":[],\"outgoing\":[{\"resourceId\":\"sid-3A471AF8-D98A-4559-AF43-8C168B88A0CF\"}],\"bounds\":{\"lowerRight\":{\"x\":609.375,\"y\":178},\"upperLeft\":{\"x\":565.390625,\"y\":178}},\"dockers\":[{\"x\":50,\"y\":40},{\"x\":14,\"y\":14}],\"target\":{\"resourceId\":\"sid-3A471AF8-D98A-4559-AF43-8C168B88A0CF\"}}],\"stencil\":{\"id\":\"BPMNDiagram\"},\"stencilset\":{\"namespace\":\"http://b3mn.org/stencilset/bpmn2.0#\",\"url\":\"../editor/stencilsets/bpmn2.0/bpmn2.0.json\"}}', 0x89504E470D0A1A0A0000000D494844520000010C000000350806000000B48ED542000005294944415478DAED9DCD4B635718C667318B5974D145975DF44F68A18B2EBA10DA451703EDC2EFAF040C7161FCA84E7090168220820BBB54196B90D914DCB8D15A4DAC46104194EA0CD5D6D6E92CAC35166AAD318A714EDF3724541DC749AEF9BACDEF07878CD71B6EF2F03ECF7DCF3957E6CE1D00000000000000000000C81DC698BBDBDBDB634B4B4BE7C160D0CCCCCC14F408040226140AFD29A3163DD023D77A143D5A0C0B0B0B261C0E9BD3D3535B8CFDFD7D333F3FFFB71447297AA0472EF5287AF4CE61A762B85014A77247D9400FF4C8A51E458FB69917857EFADD97666DC21B7F2DF4A2908238438FDCEA61274DB2A147D1A3F3BE8B226B2124870D0C62D023B77AD849936CE841606010F420300083A007814160643D30B61607E285A0AF18043DAE0B0CBB6842606433304E4ECC93A9AE4B770FFD598F17A541D0E3E5C0B0992604461603E362115C1DC56810F4783930ECA60981918329899D46AE5A70F4400FA020D0033DEC474949C9DDAAAAAACF5C2E57B0A6A6265A595969AAABAB8FE5D854454545A5D3E9BC47606010F428CCC0282B2B7B437C7A5F7CFB40864FFEFD50FDACC7337E310988B7DD6EF74F3E9FEF686565C51C1E1E1A25128998D5D5D5E38E8E8E9FE5E24FF53C020383A047E10486DCC8DF9470F84A6EEE11BDC95F334EE4F78FC4BF6F652C2C1A1B1B0FA6A6A64C2C1633AF626262E2999CFBA37C8077080C0C821EF90F8CF2F2F28FC58FBBC970F07ABD666868C88C8D8D19BFDF6FBABABA8C7836FE3B098DBF24343EB9F534A4B5B5F5770D8B54181F1F5F938B3FC9469B4341A0077AA48E7414EF8A17E34B073D3D3D667777F75ACFEAF1DEDEDE64B71195E0F8C0F245FBFAFA3E978BBDB8A9B3B88AC7E3F941D73428080C821EF9D343CCBFA0213030306052F1AF761E89D058D646C1D245A565F94DD72CD261717151BB8C6F29080C821EF9D143FCF7BE9ADFE5729D46A3D1947CABE7C9F991C4F4C45A97E170385E24173853451742652E7494812FFDBD8C120A023D52D1043DFED323B11362060707CFD3F1AE7419D14497F1C0EA073056D0F765E0CB275BA4B80804067ADCA4097A5CD2E399BEEAE2663AE8F989F7FBAC6EC9182B1DC62BB66F6E35EC5C10E8811EAF0B8C6C68323C3C9C9677474646628929C9434B81E1F3F9F6D35DC3585E5EFE431FE6A205674AC294243F7A88FF3E54E3373535C552DDB0D0F33C1ECF89BE4FB7632D7D006951BED62D9974D08552764958E4438FBCEF926CA8F927272753F2AD9E97E84CB62CEF92F8FDFE7B5EAF3792EA7318F2C5FFA9ADADDDE4390C0C821E790F8C520D0087C371BEBEBE7EA36F373737F5BC333D5FBA93DBFDB707D3D3D31FB5B4B4C45EF7A46730183C6F686878CE939E18043D0AE3494F7DE43B191ADA415CF5AFFEACC79D4E672CD15D3CB6DC5D5C647474F4BDF6F6F6039D9EE89A862E6C26173835BDBABBBB8FE4A2BF662B2C2808F4400F6B4F6A8B27FDC945508FC773AE0BA1C947C3DBDADA621716491F677466A017EFEFEFFFA2B3B3F397FAFAFAF885EAEAEACE9A9B9BD7DC6EB72B2B7FF54641A0077A64A2D3A84CAE695C33B6741A9291CEA290A020D0033D6EBDAE51A25BA6C93F6FD7DD90FF5D505010E8811E4041A0077A1018040606410F0283C0C020E84160101818043D080C020383A0078151DC048341BB1644540AE20C3DD023977A143DA15068371C0EDBAE20767676BE9182D8400FF4C8A51E45CFECECECA7737373077B7B7BC776B9736831040281E7324AD1033D72A9070822EC7D49E3656DE174DE57E0433FE346368B013DD0030000000000000000000000000000000000000000E032FF02CC117FE9C4D0F3360000000049454E44AE426082, 0, NULL);
INSERT INTO `ACT_DE_MODEL` VALUES ('2b963036-6275-11ea-9661-00163e2e65eb', '培训班', 'px_class', '培训班流程', NULL, '2020-03-10 10:16:37.011000', 'admin', '2020-03-11 22:32:44.841000', 'admin', 1, '{\"modelId\":\"2b963036-6275-11ea-9661-00163e2e65eb\",\"bounds\":{\"lowerRight\":{\"x\":1200,\"y\":1050},\"upperLeft\":{\"x\":0,\"y\":0}},\"properties\":{\"process_id\":\"px_class\",\"name\":\"培训班\",\"documentation\":\"培训班流程\",\"process_author\":\"\",\"process_version\":\"\",\"process_namespace\":\"http://www.flowable.org/processdef\",\"process_historylevel\":\"\",\"isexecutable\":true,\"dataproperties\":\"\",\"executionlisteners\":\"\",\"eventlisteners\":\"\",\"signaldefinitions\":\"\",\"messagedefinitions\":\"\",\"process_potentialstarteruser\":\"\",\"process_potentialstartergroup\":\"\",\"iseagerexecutionfetch\":\"false\"},\"childShapes\":[{\"resourceId\":\"startEvent1\",\"properties\":{\"overrideid\":\"\",\"name\":\"\",\"documentation\":\"\",\"executionlisteners\":\"\",\"initiator\":\"\",\"formkeydefinition\":\"\",\"formreference\":\"\",\"formproperties\":\"\"},\"stencil\":{\"id\":\"StartNoneEvent\"},\"childShapes\":[],\"outgoing\":[{\"resourceId\":\"sid-DA0D742A-3661-43BE-BF07-463D75060375\"}],\"bounds\":{\"lowerRight\":{\"x\":150,\"y\":135},\"upperLeft\":{\"x\":120,\"y\":105}},\"dockers\":[]},{\"resourceId\":\"sid-C75FE202-FA6A-43B9-8470-92653C36CBED\",\"properties\":{\"overrideid\":\"\",\"name\":\"\",\"documentation\":\"\",\"asynchronousdefinition\":\"false\",\"exclusivedefinition\":\"false\",\"executionlisteners\":\"\",\"multiinstance_type\":\"None\",\"multiinstance_cardinality\":\"\",\"multiinstance_collection\":\"\",\"multiinstance_variable\":\"\",\"multiinstance_condition\":\"\",\"isforcompensation\":\"false\",\"usertaskassignment\":\"\",\"formkeydefinition\":\"\",\"formreference\":\"\",\"duedatedefinition\":\"\",\"prioritydefinition\":\"\",\"formproperties\":\"\",\"tasklisteners\":\"\",\"skipexpression\":\"\",\"categorydefinition\":\"\"},\"stencil\":{\"id\":\"UserTask\"},\"childShapes\":[],\"outgoing\":[{\"resourceId\":\"sid-D1D19916-2128-414A-A95B-AC58D04F55D2\"}],\"bounds\":{\"lowerRight\":{\"x\":295,\"y\":160},\"upperLeft\":{\"x\":195,\"y\":80}},\"dockers\":[]},{\"resourceId\":\"sid-DA0D742A-3661-43BE-BF07-463D75060375\",\"properties\":{\"overrideid\":\"\",\"name\":\"\",\"documentation\":\"\",\"conditionsequenceflow\":\"\",\"executionlisteners\":\"\",\"defaultflow\":\"false\",\"skipexpression\":\"\"},\"stencil\":{\"id\":\"SequenceFlow\"},\"childShapes\":[],\"outgoing\":[{\"resourceId\":\"sid-C75FE202-FA6A-43B9-8470-92653C36CBED\"}],\"bounds\":{\"lowerRight\":{\"x\":194.15625,\"y\":120},\"upperLeft\":{\"x\":150.609375,\"y\":120}},\"dockers\":[{\"x\":15,\"y\":15},{\"x\":50,\"y\":40}],\"target\":{\"resourceId\":\"sid-C75FE202-FA6A-43B9-8470-92653C36CBED\"}},{\"resourceId\":\"sid-FFCF9B91-3554-4651-A737-FB648EDE8C53\",\"properties\":{\"overrideid\":\"\",\"name\":\"\",\"documentation\":\"\",\"asynchronousdefinition\":\"false\",\"exclusivedefinition\":\"false\",\"sequencefloworder\":\"\"},\"stencil\":{\"id\":\"ExclusiveGateway\"},\"childShapes\":[],\"outgoing\":[{\"resourceId\":\"sid-2C501F53-0699-4394-8716-FD66ECAD8751\"},{\"resourceId\":\"sid-4EEBF80D-9768-495F-9808-508EC5672413\"}],\"bounds\":{\"lowerRight\":{\"x\":370,\"y\":130},\"upperLeft\":{\"x\":330,\"y\":90}},\"dockers\":[]},{\"resourceId\":\"sid-D1D19916-2128-414A-A95B-AC58D04F55D2\",\"properties\":{\"overrideid\":\"\",\"name\":\"\",\"documentation\":\"\",\"conditionsequenceflow\":\"\",\"executionlisteners\":\"\",\"defaultflow\":\"false\",\"skipexpression\":\"\"},\"stencil\":{\"id\":\"SequenceFlow\"},\"childShapes\":[],\"outgoing\":[{\"resourceId\":\"sid-FFCF9B91-3554-4651-A737-FB648EDE8C53\"}],\"bounds\":{\"lowerRight\":{\"x\":331.3712172763376,\"y\":115.45719047749012},\"upperLeft\":{\"x\":295.4490952236624,\"y\":112.22249702250988}},\"dockers\":[{\"x\":50,\"y\":40},{\"x\":20.5,\"y\":20.5}],\"target\":{\"resourceId\":\"sid-FFCF9B91-3554-4651-A737-FB648EDE8C53\"}},{\"resourceId\":\"sid-7491089A-5C71-420A-911A-6A96DF5F0727\",\"properties\":{\"overrideid\":\"\",\"name\":\"\",\"documentation\":\"\",\"asynchronousdefinition\":\"false\",\"exclusivedefinition\":\"false\",\"executionlisteners\":\"\",\"multiinstance_type\":\"None\",\"multiinstance_cardinality\":\"\",\"multiinstance_collection\":\"\",\"multiinstance_variable\":\"\",\"multiinstance_condition\":\"\",\"isforcompensation\":\"false\",\"usertaskassignment\":\"\",\"formkeydefinition\":\"\",\"formreference\":{\"id\":\"2bf743db-63a5-11ea-9661-00163e2e65eb\",\"name\":\"test\",\"key\":\"test\"},\"duedatedefinition\":\"\",\"prioritydefinition\":\"\",\"formproperties\":\"\",\"tasklisteners\":\"\",\"skipexpression\":\"\",\"categorydefinition\":\"\"},\"stencil\":{\"id\":\"UserTask\"},\"childShapes\":[],\"outgoing\":[],\"bounds\":{\"lowerRight\":{\"x\":565,\"y\":95},\"upperLeft\":{\"x\":465,\"y\":15}},\"dockers\":[]},{\"resourceId\":\"sid-2C501F53-0699-4394-8716-FD66ECAD8751\",\"properties\":{\"overrideid\":\"\",\"name\":\"\",\"documentation\":\"\",\"conditionsequenceflow\":\"\",\"executionlisteners\":\"\",\"defaultflow\":\"false\",\"skipexpression\":\"\"},\"stencil\":{\"id\":\"SequenceFlow\"},\"childShapes\":[],\"outgoing\":[{\"resourceId\":\"sid-7491089A-5C71-420A-911A-6A96DF5F0727\"}],\"bounds\":{\"lowerRight\":{\"x\":464.48828125,\"y\":110.5},\"upperLeft\":{\"x\":370.34375,\"y\":55}},\"dockers\":[{\"x\":20.5,\"y\":20.5},{\"x\":417.5,\"y\":110.5},{\"x\":417.5,\"y\":55},{\"x\":50,\"y\":40}],\"target\":{\"resourceId\":\"sid-7491089A-5C71-420A-911A-6A96DF5F0727\"}},{\"resourceId\":\"sid-AF71C749-9B40-4A0C-BE5F-DFDB12AF6F41\",\"properties\":{\"overrideid\":\"\",\"name\":\"\",\"documentation\":\"\",\"asynchronousdefinition\":\"false\",\"exclusivedefinition\":\"false\",\"executionlisteners\":\"\",\"multiinstance_type\":\"None\",\"multiinstance_cardinality\":\"\",\"multiinstance_collection\":\"\",\"multiinstance_variable\":\"\",\"multiinstance_condition\":\"\",\"isforcompensation\":\"false\",\"usertaskassignment\":\"\",\"formkeydefinition\":\"\",\"formreference\":\"\",\"duedatedefinition\":\"\",\"prioritydefinition\":\"\",\"formproperties\":\"\",\"tasklisteners\":\"\",\"skipexpression\":\"\",\"categorydefinition\":\"\"},\"stencil\":{\"id\":\"UserTask\"},\"childShapes\":[],\"outgoing\":[],\"bounds\":{\"lowerRight\":{\"x\":565,\"y\":260},\"upperLeft\":{\"x\":465,\"y\":180}},\"dockers\":[]},{\"resourceId\":\"sid-4EEBF80D-9768-495F-9808-508EC5672413\",\"properties\":{\"overrideid\":\"\",\"name\":\"\",\"documentation\":\"\",\"conditionsequenceflow\":\"\",\"executionlisteners\":\"\",\"defaultflow\":\"false\",\"skipexpression\":\"\"},\"stencil\":{\"id\":\"SequenceFlow\"},\"childShapes\":[],\"outgoing\":[{\"resourceId\":\"sid-AF71C749-9B40-4A0C-BE5F-DFDB12AF6F41\"}],\"bounds\":{\"lowerRight\":{\"x\":515,\"y\":179.390625},\"upperLeft\":{\"x\":350.5,\"y\":130.96875}},\"dockers\":[{\"x\":20.5,\"y\":20.5},{\"x\":350.5,\"y\":155},{\"x\":515,\"y\":155},{\"x\":50,\"y\":40}],\"target\":{\"resourceId\":\"sid-AF71C749-9B40-4A0C-BE5F-DFDB12AF6F41\"}}],\"stencil\":{\"id\":\"BPMNDiagram\"},\"stencilset\":{\"namespace\":\"http://b3mn.org/stencilset/bpmn2.0#\",\"url\":\"../editor/stencilsets/bpmn2.0/bpmn2.0.json\"}}', 0x89504E470D0A1A0A0000000D49484452000000FC0000009208060000006155A74D000008524944415478DAEDDD4F6893671CC0F1B2F5D0831B3DEC30D80E3BECE06E22B293B779E8A1E8066A35565BA948940E26284E51EC1CE84491A1056F13BA8BE0C1C390A17D13933714E35AA9B2423A9D912AA14BE2D6BAA2B5ABDDB3DFCF25F2521393D4FC7BDF7C3FF060745D57F3F6BBE7799FBEC9DBD4040000000000000040AD18639AE3F1F8C56834BA100804CCE0E0A02B876559C6B6ED47323A39AA401E1A7B241231A954CACCCDCDB97AA4D369130E871F4BFCEB39B2400E3AB37B217647F47332E3C738B2400EBA8C5F1CCDD895C3E6F6E57D2FC6CC54C275D14BF0F31C5920073DFF5D1C4C36761DB16B27DC18BCE1C8024B087E6CB08FE0814609FEEE503FC1035E0EFEFEC8C0CBE0DDB87147F04091C1EB269D7386BF337496E0012F06AF713B63770E37EDD6133C5044F0F96277DBF29EE08112CEE1DD3E081E207800040F103CC103044FF000C1133C40F0040F103CC103044FF040D97574748C6EDAB4C9BF61C38665040F789CC46E326346C6798207EA2FCE8A0D8207EA28F84A2CE965F4767777B7B2A4073C1E3C9B7600C1133C40F0040F103CC103044FF000C1133C40F0040F103CC183E0099EE041F0044FF0207882F778F0C698E6783C7E311A8D2EE8FDBEF52FECC6615996B16DFB918C4E72277882CF43638F442226954AB9FE60A5D369130E871F4BFCEB099EE0093E079DD9BD10BB23FA3939683182277882CF4197F18BFFD263570EBBF246808E83364FF0044FF0451E34E74D0063D74E70D08AD3DA68C1E79A2C5C3E663D3F59140A7E6CB08FE00B6BD3FD4F199D8D14BC6DDB935E3A1D4C2412173C7F3A5828F8BB43FD04FF7A6B644CC93824232DA3B751820F0683EB42A1D07432997CEAF6995D63B72C6BC2F31BBEB982BF3F32E0BAFB7AD728F86CECED99DF2F97715FC67119CD5E0F5E4920EDF27C0FEB52D8AD3FD2CD7CEDB186F8E9CEE2E07593CE39C3DF193A4BF0C5C59EF5A18C5F659CAF65F4D50A1E2E0E5EE376C6EE1C6EDAADAF42F06D7962776EE05D97F1938C1682475D069F2F76B72DEF2B1C7C36F6B6021FD792093E528B1D7C8247D1E7F0FC2CB5E032BEADC88F6FCE2CED7589FF3EC183E0DD13FC9A02CBF8D73999D9CC5B4EF00D46DFC45F0EC6DECD9B37477D3EDF133D30F2F8796767E7B0FE79F64DFE09BEAE827F93D8B3F6663EC72A826F101D1D1DED1277E2E0C183BF47A3D1A9D9D959A3F4D7D1D1D1E7C78E1D4B6CDDBA35A51F47F075137C5B1962CFEA2CF19480E0DD4A42FFAAABABEB8FF1F1F129F31A0F1E3C303D3D3D33DBB66DFB9AE0AB1BBCAEAEE438B565EF8E9AD96CD3CFF56D199FF24399CFD94AF01E9ED9E59B29259E9B22E8E58A7EBFFFA97CF37D4EF0550DBEC57177D49FF514ABB5B5F5CBA6FFAFA05B5186A77BB57EAE6ADCE891E06B78CEAECBF842337BAE997EFBF6EDE94A9FD3377AF05BB66C7957FE87FCC9C68D1BD7C871EA92F1B7239A59F9FD5F2B57AEFC473EF4A18C8FDF34769D7CA9C2C37496D8BF7FFFB85982D3A74F3FA9F4D2DEABC1CBB2FC6D191FF87CBE4FE5187CA1773D95788FCBE3011901793CAE33B9069E791CC8FCB34732FE943FFB5EC66AFD1CFAB9E4A9EA93A12FAC786F094FF3AA4CECEB29C2FBC15FBF71E3467A29C1DFBA75CBECD8B1E32EC19736AE5EBDFA6276969190F18BC47E497EED97800FC8E36DF2F83379BC7CEDDAB5EF2C7E3E74A6779CC32F764EC6B08C6525CEEC534D75F44A3A5436F867D9DDF852E9BF2733D44299F71346E56BF267BFA9BD3AC3F7F5F5BD55A1437A499FB6A6E2AE93CFC6CE32BE8182376FA2DC9B2F8EF353DD983ACFA65DC95A32C1FF5820FA6CEC2CE31B892C1DE7DE7486AFE44E2EC12F496B66697FB2C0393B337BA3D12BE84646469E2FF51C7EF7EEDD0FCBBDA4D70DACECEE3FC12F995E1BAF97CB1ECAB31BCF397BA3EED21F3D7A34B594E0CF9C3963F6ECD9F31D9B7675FB06181FC99894B1C311FB24CBF806A633A95E2E7BEFDE3D53EACFE177EEDC39C3CFE1EBFE2DAE5664CED5FB58C623BB8C6ED778F50ABA62AFB4EBEDED5D3870E0404FA5BF36822F0B7D718DFE37BBF96EC70B3D3D3DFBFD7EFF6CA1995E67768DFDC891233F54E3EB22F8F26DE471392B5E99E9BBBABAA64F9D3AF5ECE6CD9BC6F96A39DDA0EBEFEFFF575702D598D909BE22FB35048F57CFE9F5725909FB379FCF37AFDF24FAA33799FD2776EDDAF50DAF87277880E0091E20788207089EE001822778103CC1133C089EE0091E044FF0040F8227788207C1133C504F028180D7829FD5FB7D133C90836DDB93FAEA3CAF049F48242E48F0B15A05CFE07DF6EB5A30185C170A85A693C9E453B7CFEC1ABB6559133278030A8F21F8329240DA65561CD6A5B09EFFBA74E8D71E2376820740F000081E00C103207800040F80E001941AFA70F6C21BBD6B12CF08E0EDE0BB1D57DBF97946000FD3DB9ACBCC3EA5C157FB1D9D01D466963FC7393C5063C698E6783C7E311A8D2EE8AB2EDD7A59B66559C6B6ED4732B8E32F908FC61E89448C175E6D994EA74D381C7ECC6B31803C7466F7D24BAB25FAB95ABDB41AA87BB9DE3C65ECCA6173FBF2BE1763662AE1C6774B9AE7C80239E47A7BB46CEC3A62D74EF0F66840A3043F36D847F040A3047F77A89FE0012F077F7F64E065F0BCE331E0E1E07593CE39C3DF193A4BF0801783D7B89DB13B879B76EB091E2822F87CB1BB6D794FF04009E7F0DCB50820788207089EE00182277880E0091E20788207089EE00182277880E0091E207800040F103CC103044FF000C1133C40F0040F103CC103044FF000C1133C40F0040F103CC103040F80E00182277880E0091E20788207089EE00182277880E0091EA8AE4020E0B5E06725F8798E2C90836DDB93A954CA33C12712890B127C8C230BE4100C06D78542A1E96432F9D4ED33BBC66E59D6848CF51C59200F09A45D66C5615D0AEBF9AF4B877EED31620700000000000000000000000000A09CFE03A01BFB50F09746740000000049454E44AE426082, 0, NULL);
INSERT INTO `ACT_DE_MODEL` VALUES ('2bf743db-63a5-11ea-9661-00163e2e65eb', 'test', 'test', '', NULL, '2020-03-11 22:32:44.660000', 'admin', '2020-03-11 22:32:44.660000', 'admin', 1, '{\"version\":0}', NULL, 2, NULL);
INSERT INTO `ACT_DE_MODEL` VALUES ('2ee67415-5db5-11ea-9661-00163e2e65eb', 'apk', 'apk', 'apk', NULL, '2020-03-04 09:12:14.554000', 'admin', '2020-03-04 09:13:05.537000', 'admin', 1, '{\"name\":\"apk\",\"key\":\"apk\",\"version\":0,\"fields\":[{\"fieldType\":\"FormField\",\"id\":\"name\",\"name\":\"name\",\"type\":\"text\",\"required\":true,\"readOnly\":false,\"overrideId\":false}],\"outcomes\":[]}', 0x89504E470D0A1A0A0000000D494844520000012C0000006C0806000000D0528FAD000000017352474200AECE1CE90000000467414D410000B18F0BFC6105000002E249444154785EEDDB3D4A63511CC6E1932822014110ADEC5C868D8D8D60236EC01588DA58B901710FE2166C2D6CAD446B4B4110140511143F060F6160184627F166C6579E07C2B91FC92D7FDC7BF9A7F5F0F0F05A0002B4BB2BC0972758400CC1026208161043B080188205C4F870ACE1F5D5D403F0EFB45AADEED6EF3E0CD6CDCD4D191F1FEFEE010CD6F3F373191A1AEAEEFDCA23211043B080180309D6C9C949770BA0393DBDC3DADEDE2EA3A3A3F573717151666666CADDDD5D999A9A2A737373E5E0E0A02C2D2D95BDBDBDB2B2B2527F03D08BF7DE61F514ACDDDDDDF2F4F4544E4F4FCBC2C242B9BABA2AF3F3F33558FBFBFB657171B17E0FA05F8D05EBFAFABA8E39BCBCBCD4BBACB7788D8D8D95E1E1E17AFEFCFCBC4C4F4FD76D807E34162C804133D6007C0B3DDD61BDBD607F6F0A15A01FF7F7F7657272B26E37F648F876913F5D08A05F9797973F3BE39110F816040B882158408CBE83B5BABA5AD7B5B5B5727676560747373636CAE6E6663D0ED0B44FDF616D6D6D958989893A4CBAB3B353D6D7D7BB67009AD577B0969797EB7A747454A7DE676767CBE1E161393E3EAEC7019A66AC01F8EFFE76ACA1A7603D3E3ED615A06923232375F55F4220C6A782757B7B5B3A9D4E770F60B0DAED76FFC102F82A0C8E0231040B882158400CC1026208161043B080188205C4102C2086600131040B882158400CC1026208161043B080188205C4102C2086600131040B882158400CC1026208161043B080188205C4102C2086600131040B882158400CC1026208161043B080188205C4102C2086600131040B882158400CC1026208161043B080188205C4102C2086600131040B882158400CC1026208161043B080188205C4102C2086600131040B882158400CC1026208161043B080188205C4102C2086600131040B882158400CC1026208161043B080188205C4102C2086600131040B882158400CC1026208161043B080188205C4102C2086600131040B882158400CC1026208161043B08010A5FC0005E5D28F7B9EB40C0000000049454E44AE426082, 2, NULL);
INSERT INTO `ACT_DE_MODEL` VALUES ('2f30617c-5d09-11ea-9661-00163e2e65eb', '111', '232', 'ewqe', NULL, '2020-03-03 12:41:01.601000', 'admin', '2020-03-05 17:57:56.081000', 'admin', 1, '{\"name\":\"111\",\"key\":\"232\",\"version\":0,\"fields\":[{\"fieldType\":\"FormField\",\"id\":\"label\",\"name\":\"Label\",\"type\":\"boolean\",\"required\":false,\"readOnly\":false,\"overrideId\":false},{\"fieldType\":\"FormField\",\"id\":\"label\",\"name\":\"Label\",\"type\":\"upload\",\"required\":false,\"readOnly\":false,\"overrideId\":false},{\"fieldType\":\"FormField\",\"id\":\"label\",\"name\":\"Label\",\"type\":\"multi-line-text\",\"required\":false,\"readOnly\":false,\"overrideId\":false}],\"outcomes\":[]}', 0x89504E470D0A1A0A0000000D494844520000012C0000006C0806000000D0528FAD000007F249444154785EEDDD4D48545D1CC7F1FF542A526A546A251208B62B0257ED8284824457EDA4E8C5AD1BD749E0DAB6854160ADA20844373310D1225A682D6C21A818A5F466898A69E3EBC3393C33CC133EDDE99E97993BF77BC14574CFDBE7DC7E5CA733E724D2E9F48E70218000021110481058119825BA8800025A80C0E241400081C808105891992A3A8A00020416CF000208444680C08ACC54D151041020B0780610402032028181B5B3B323EA870B010410F02190482444FDEC760506D6FCFCBCD4D6D6FAE8276D20800002B2B9B929FBF6ED23B078161040A0F8058C026B797959AAABAB8B7F94F41001044A4280C02A8969641008C44380C08AC73C334A044A42C06B60A5D369A9A8A8C8C2ADAFAF4B797979494032080410702F602DB07283676B6B4BD4CFCACA8A1C3870203B8AF1F171397DFA74F6CFEFDEBD9353A74EB91F252D20804049087809AC643229A9544AAE5EBD2A939393F2FAF56B696969D161456095C473C42010F022E034B0BC8C80461040203602D6022B77F529ABDF63F3FC305004BC0A580B2CAFBDA631041088A5008115CB6967D008445380C08AE6BCD16B0462296014587CF93996CF0C8346A060020456C1E869180104FE56C028B0B6B7B7D90FEB6FC5B91F0104420BECD9B327FC7E58A15BA52002082060592070033FCBED511D020820105A80C00A4D47410410F02D4060F916A73D0410082D406085A6A3200208F816080CACC5C545F9F9F3A7EF7ED11E0208C454A0BEBE9E4328623AF70C1B81C80918ADC362A57BE4E69B0E23106901022BD2D347E7118897805160E51EF3D5DFDF2F3D3D3D59BD870F1FCA952B57FEA3F9F5EB5751BF8372218000026104AC07D6D4D4943C7BF64CF6EFDF2F376EDC10B5945EEDEF3E37372735353504569859A20C02086801EB81F5E2C50B79FBF6AD3E7CE2E6CD9BFA208ACC61ABDFBE7D23B078F0104020B480B5C00ADD030A22800002790A10587942711B0208145EC05A60A98327387CA2F0134A0F10284501F559B8D5CFB0363636A4ACAC2CD0EAF3E7CF72E2C489C0FBB8010104105002EFDFBF97868606BB81A536F3CBA46086797575551F9A7AFEFCF9ACBCFA3A4F5D5D1D3381000208E425F0E9D3273972E488BBC0524B1BEEDCB993EDCCDDBB7709ACBCA6869B1040E077012F81D5DCDCBCAB3C6F583C900820F037025E026B666626DBA70B172EECFA8675FFFE7DE9EAEA92919111696B6BD3F7E4AE9EFF7D506FDEBC919696965DC7FAFDFBF7EC6B6310865AC8BA77EFDEA0DBF44E146A01ECEFD7FAFABA9497970796E70604103017701E587FEA62EE1B566E60A55229B97EFDBA343535E9A03876EC98A8AFF25456568AFABBF1F171BDAD446F6FAF5E39FFEBD72F79FEFCB9BC7CF952D4D7825460A9C5AA2A4CD4D7823E7EFCA8EFB975EB960E1D55F6D5AB577A15BEBA3F1338B76FDFD65F2152757DF9F245CE9C3923E7CE9DD365D49F1F3F7EAC83706D6D4D3A3A3AF4C2D73F85AAF9F450030208E40A144D603D78F04087940A23F5F6D4DEDEAE83657474545A5B5B65686848CE9E3D2BC3C3C372F1E245191B1BD3A1B1B4B4A4BFE673EFDE3D51BF7AAA0FF53381555151A1CBABB736B566A3AFAF4FD4801B1B1BE5D1A347A2FE37B3B3B3331B5893939372F2E4495D5EED3E313D3D2D972E5DD25E2AB09E3E7D2ADDDDDD32303020D7AE5DD3FF134A60F10F0A017F02050DACFF5BD6F0E4C913B97CF9B255051556EA0D8B0B0104A22B606D5943EE7E581F3E7CD0BFC6055DEA4D269FFB82EAE1EF1140201E02EA25E7F8F1E37AB0462BDDD9C02F1E0F0CA344A0580408AC629909FA8100028102468115583B37208000029E04024FCDF1D40F9A41000104020508AC40226E400081621120B08A6526E8070208040A10588144DC800002C522406015CB4CD00F04100814080CAC858505BD908B0B010410F02170E8D0218EAAF7014D1B0820602E60B40E8B95EEE613400D082090BF008195BF15772280408105AC051647D5177826691E811808580F2C75BAF3E0E0A0DE004F9DFC9C69606262428E1E3DCAC9CF3178A8182202AE048C02EBC78F1F72F8F061DDB7CC1B563299D447D51F3C78506FCE9769409D59A836DE533B76722180000261048C028B9D37C39053060104C20A105861E528870002DE05AC05967ADBE2420001046C0B241209A9AAAAD2D55A0B2C75EAB33A40820B010410B029303B3B9BFDEC9BC0B2294B5D0820605D80C0B24E4A850820E04A80C072254BBD0820605D80C0B24E4A850820E04A40ADF7E4437757BAD48B00025605082CAB9C548600022E05082C97BAD48D00025605082CAB9C548600022E05082C97BAD48D00025605082CAB9C548600022E05082C97BAD48D00025605082CAB9C548600022E05082C97BAD48D00025605082CAB9C548600022E05082C97BAD48D00025605082CAB9C548600022E05082C97BAD48D00025605082CAB9C548600022E05082C97BAD48D00025605AC05D6FCFCBCD4D6D6EACEB1A7BBD539A2320410F857C0DA067E0416CF140208B81620B05C0B533F0208581320B0AC5152110208B816701258AE3B4DFD08208080D1B984B99F614189000208B816300AAC743AAD8F8EE6420001047C08545656EA1509BB5D89743ABDE3A313B481000208980A1058A682944700016F020496376A1A420001530102CB5490F20820E04D80C0F2464D430820602A4060990A521E0104BC091058DEA8690801044C05082C5341CA238080370102CB1B350D218080A90081652A48790410F026406079A3A6210410301520B04C05298F0002DE04082C6FD434840002A6020496A920E51140C09B0081E58D9A861040C054E01F8F135570BEBA59260000000049454E44AE426082, 2, NULL);
INSERT INTO `ACT_DE_MODEL` VALUES ('3e1e1ef6-6813-11ea-9661-00163e2e65eb', '343', '34', '34', NULL, '2020-03-17 13:50:44.398000', 'admin', '2020-03-18 16:23:49.693000', 'admin', 1, '{\"modelId\":\"3e1e1ef6-6813-11ea-9661-00163e2e65eb\",\"bounds\":{\"lowerRight\":{\"x\":1200,\"y\":1050},\"upperLeft\":{\"x\":0,\"y\":0}},\"properties\":{\"process_id\":\"34\",\"name\":\"343\",\"documentation\":\"34\",\"process_author\":\"\",\"process_version\":\"\",\"process_namespace\":\"http://www.flowable.org/processdef\",\"process_historylevel\":\"\",\"isexecutable\":true,\"dataproperties\":\"\",\"executionlisteners\":\"\",\"eventlisteners\":\"\",\"signaldefinitions\":\"\",\"messagedefinitions\":\"\",\"process_potentialstarteruser\":\"\",\"process_potentialstartergroup\":\"\",\"iseagerexecutionfetch\":\"false\"},\"childShapes\":[{\"resourceId\":\"startEvent1\",\"properties\":{\"overrideid\":\"\",\"name\":\"\",\"documentation\":\"\",\"executionlisteners\":\"\",\"initiator\":\"\",\"formkeydefinition\":\"\",\"formreference\":\"\",\"formproperties\":\"\"},\"stencil\":{\"id\":\"StartNoneEvent\"},\"childShapes\":[],\"outgoing\":[{\"resourceId\":\"sid-B8093223-4B52-4CB3-845E-E99A58BBF883\"}],\"bounds\":{\"lowerRight\":{\"x\":105,\"y\":165},\"upperLeft\":{\"x\":75,\"y\":135}},\"dockers\":[]},{\"resourceId\":\"sid-E90D8343-738C-4899-B24A-A280FE0EDD83\",\"properties\":{\"overrideid\":\"\",\"name\":\"\",\"documentation\":\"\",\"asynchronousdefinition\":\"false\",\"exclusivedefinition\":\"false\",\"executionlisteners\":\"\",\"multiinstance_type\":\"None\",\"multiinstance_cardinality\":\"\",\"multiinstance_collection\":\"\",\"multiinstance_variable\":\"\",\"multiinstance_condition\":\"\",\"isforcompensation\":\"false\",\"usertaskassignment\":\"\",\"formkeydefinition\":\"\",\"formreference\":{\"id\":\"cb0d8841-68f1-11ea-9661-00163e2e65eb\",\"name\":\"1233\",\"key\":\"111\"},\"duedatedefinition\":\"\",\"prioritydefinition\":\"\",\"formproperties\":\"\",\"tasklisteners\":\"\",\"skipexpression\":\"\",\"categorydefinition\":\"\"},\"stencil\":{\"id\":\"UserTask\"},\"childShapes\":[],\"outgoing\":[],\"bounds\":{\"lowerRight\":{\"x\":295,\"y\":185},\"upperLeft\":{\"x\":195,\"y\":105}},\"dockers\":[]},{\"resourceId\":\"sid-B8093223-4B52-4CB3-845E-E99A58BBF883\",\"properties\":{\"overrideid\":\"\",\"name\":\"\",\"documentation\":\"\",\"conditionsequenceflow\":\"\",\"executionlisteners\":\"\",\"defaultflow\":\"false\",\"skipexpression\":\"\"},\"stencil\":{\"id\":\"SequenceFlow\"},\"childShapes\":[],\"outgoing\":[{\"resourceId\":\"sid-E90D8343-738C-4899-B24A-A280FE0EDD83\"}],\"bounds\":{\"lowerRight\":{\"x\":194.3520823856603,\"y\":149.49900870598904},\"upperLeft\":{\"x\":105.5307301143397,\"y\":146.63380379401096}},\"dockers\":[{\"x\":15,\"y\":15},{\"x\":50,\"y\":40}],\"target\":{\"resourceId\":\"sid-E90D8343-738C-4899-B24A-A280FE0EDD83\"}}],\"stencil\":{\"id\":\"BPMNDiagram\"},\"stencilset\":{\"namespace\":\"http://b3mn.org/stencilset/bpmn2.0#\",\"url\":\"../editor/stencilsets/bpmn2.0/bpmn2.0.json\"}}', 0x89504E470D0A1A0A0000000D49484452000000EB0000005F0806000000095130B6000007CF4944415478DAED9D4B4C545718C76DE2C245176DD2854DBAE8C3A44DDB74D34D9376E1A29B2636ED420461AA1334E20B448154AB06A22682C6F8A0B6313131181B2A8628A5148581F2124901A354422A3A626400A18284C708039C7E9F99697DCC28C870B91D7EBFE49F4BE63233329EDFFDCE39F7DC3BF3E6010000000000000000004C0563CC7CB7DB7DA6AEAE6EBCACACCC949696128BE372B94C5555D5DF12072D1242A2A25657579BEEEE6E3332324266293D3D3DA6B2B2B25FC45D4AAB84A068454554DB083B2295B685560941D1AE2FA2D82722AB8F560941D1311392D84A5643AB8469C93A78BFD3B8EB4F9866D7AE87D19FF531044356B091AC037D1E73EDC24E73B528EDB1E863BA0FC990156C22EB9DE65F9E123590F6E642244356B08BAC2DBF67859455F72119B2824D64BD569A115256DD8764C80AC88AAC00539155677F43C9AAFB900C59C126B2B65EFC3EA4ACBA0FC990156C22EB3D4F93B95692FE7417581ED37D4886AC60135935B71A4E3E25AB3E8660C80A7692F5C103D35AFBE3D35D60794CF72119B2820D64D5154AD72F66871CB3EA3E5631212BCCA6AC52313B5BCBCD9FE7BF0B296A20FA3BFABB545964058B657D5E35A5CA222BD844D6C954D3675559A44356B048D617153510A4435698C553370459015909B202B2222B202B4156405664A55502B2222B202B41564056640540D63929AB316641535353424E4E4E656666667F525292CFE9749A989818E3703826D6AD5B37B27DFB76775656D629C9BB2882ACC4625955D2FCFCFC93BB77EFF62527279B63C78E99BABA3AE3F1788CD7EB358A6EF58B8F1A1B1B8DC86C366DDA34B179F3E6B6356BD6AC4615642516C82A52C6EFD9B3E7415A5ADA4311C7C6C6CC64B972E58AD9BA75EB584242424B5454D4229441563203B2EA97EF16141494AF5DBBD61416164E49D227397FFEBC898F8F1FA6CA222B09B3AC2A6A4545C51F898989E6FAF5EB261CB4B5B519117F78F5EAD51B50075991354CB26A455551750C1A4EF4F5A4BA0E2C5FBE9CAF694756640DC71855BBBEE1AAA8C12AEC8A152BFA44D8F750085991751AB3BEBB76ED1AD131EA4C525454341C1717770985A6871CF05E9B6C2F0559234CD6B367CFFEA4B3BEA3A3A366A659BF7E7DD7F31ADAE2C58BE7A36468626262DED473DC92D6E8E8E88D4EA77301B2CE0159B5AAEA79543D3D630557AF5E1D7956759506B8343E3EDE6C1090363822E72B7E5903E9916468C545D60896555726E9A4D2744ED14C1591B14BAB431051538F1C39D2E7F57AEFF5F6F60E1E3A74E81A63DC90073513243EF9BC72A5DA7E88AC1128AB2E213C7EFCB8B19283070F5E51311FEDF6262727E7343434F44F4C4C3C76D49083C9604646C6D16775F59035688A45DA4F90358264D5B5BEBA84D04A6A6B6BDBA43115EAFB474545BD9C9D9D5D3F34341472C02C028F575656F66DDBB6EDEBFFB15F2FE901273636F65587C3F1BA6CDF962AF8816C3F96ED67CB962DFB5CB65F8A60519215F2F9AC91ED26D97EAB5D5C49A6E4B0E498E4E424641D93D71B45D608925517E57776765A2A6B575757B734A63BD2CDFDE8D2A54BBD937DDEC0C0C0E8E9D3A76BD3D2D216DA489A337AE091B824359246797EB36CDD920E796E9F6CBD9271FFB6571F97DCF4FF5E833E4F7E2ED5D7916D9E24475F5FB687FCEF97EE7FFF24FDF748BE7986A437E479C93A7ED5BF1359234856BD7A26B028DF2AF4FD646CEAEBEFEF1F7F91E79797971B698C47ED208D5FEA252AB9E453955E7A0BEF4BDED283814E06CD4417DEFFF73C2AE9801E4C9E7C2F648D2059F53FDA6A7A7B7BCDDEBD7BCD542BFAF8F8F8444141C17D9120DB2ED2CCE298F5566052497242FECE859CBA89705957AE5C396175651D1E1EEE12B11E883C27F3F3F37DA39338C1DBD6D636B46FDFBE1F389DF39FACF2199E0D36AB8EAC112A6B6262E288D563D68E8E8EBF74CCEA9F605A949A9A9A575C5CECD389A460934B2E97EB5E4A4ACA1728FAF8C2085630CD315977EEDCD96AF56CF0850B177E0BCC06075069B3B2B20ADD6EF7BFC2F6F4F40C1E3E7CB824D8C97E606DF09C9375FFFEFDC7AD3ECF9A9E9E5EF4E879D627A5CDCBCBABCECDCD354949495C078BACC81A60C78E1DEF6CDCB871DCC2154CDED8D8D89BCFEBC6B10802599135085BB66CB961D5DA60E9029F1251ABD1085991F50558B56A55544A4A8ACF82EADA2755F53217A1232BB24E83848484A699BE9E55C7C75A5539FD82ACC83ACD53017A73B399BA534453535381BC472757D1202BB2860187C31127157628DCF7606A6F6FAF91EEEF6DBABFC88AAC61BC15695C5C5CBCDEDC2C5C15562BAA8A1A1D1DBD1575901559C37C936F112B46AA6CFFB973E706A731E9D477E0C08113DAF59538D10659C90CDD915FC7B05211CBA45BDC75F9F2E5E1A99C472D2929C915D9EB753289312AB2128BBE984AEF89A4D23A9DCEEECCCCCCE69A9A9ADB1E8FA733B0F85F17E5EB5A5F97CBF56B464646B174A3F592B46AADA6CCFA222B9985AF7C1409DFD08B9AFDD78DDEF25F136AFCDB3BFE6B495327BBC01C90155901901559015909B202B2222B202B92202B202B4156405664056425C80AC84A9015901559015909B202B2126405644556405682AC80AC0459015991159095202B584459591992D8275E91D547AB84A054555575EAAD651165F6E3F1787E16595B68951094F2F2F2AF2A2A2AEEDFBD7B77186166AFA2AAA82E97EBB66429AD1242220D64891CD1EBB50BA663266279F4736F415400000000000000000000000000000098F3FC03611285EBDBFAF1A20000000049454E44AE426082, 0, NULL);
INSERT INTO `ACT_DE_MODEL` VALUES ('3ec06372-5921-11ea-9661-00163e2e65eb', '3D生产asdff', '12', '', NULL, '2020-02-27 13:23:10.974000', 'admin', '2020-03-06 13:49:53.104000', 'admin', 1, '{\"modelId\":\"3ec06372-5921-11ea-9661-00163e2e65eb\",\"bounds\":{\"lowerRight\":{\"x\":1413.9913028493957,\"y\":1144.1053195904037},\"upperLeft\":{\"x\":0,\"y\":0}},\"properties\":{\"process_id\":\"12\",\"name\":\"3D生产asdff\",\"documentation\":\"\",\"process_author\":\"\",\"process_version\":\"\",\"process_namespace\":\"http://www.flowable.org/processdef\",\"process_historylevel\":\"\",\"isexecutable\":true,\"dataproperties\":\"\",\"executionlisteners\":\"\",\"eventlisteners\":\"\",\"signaldefinitions\":\"\",\"messagedefinitions\":\"\",\"process_potentialstarteruser\":\"\",\"process_potentialstartergroup\":\"\",\"iseagerexecutionfetch\":\"false\"},\"childShapes\":[{\"resourceId\":\"startEvent1\",\"properties\":{\"overrideid\":\"\",\"name\":\"\",\"documentation\":\"\",\"executionlisteners\":\"\",\"initiator\":\"\",\"formkeydefinition\":\"\",\"formreference\":\"\",\"formproperties\":\"\"},\"stencil\":{\"id\":\"StartNoneEvent\"},\"childShapes\":[],\"outgoing\":[{\"resourceId\":\"sid-0B8985FC-AA2A-4FAD-904A-7381811F3C65\"}],\"bounds\":{\"lowerRight\":{\"x\":290,\"y\":174.89005018640157},\"upperLeft\":{\"x\":260,\"y\":144.89005018640157}},\"dockers\":[]},{\"resourceId\":\"sid-866008C2-05CC-484A-AD8A-E36E51774E6E\",\"properties\":{\"overrideid\":\"\",\"name\":\"任务发起\",\"documentation\":\"\",\"asynchronousdefinition\":\"false\",\"exclusivedefinition\":\"false\",\"executionlisteners\":\"\",\"multiinstance_type\":\"None\",\"multiinstance_cardinality\":\"\",\"multiinstance_collection\":\"\",\"multiinstance_variable\":\"\",\"multiinstance_condition\":\"\",\"isforcompensation\":\"false\",\"usertaskassignment\":{\"assignment\":{\"type\":\"static\",\"assignee\":\"产品企划\"}},\"formkeydefinition\":\"\",\"formreference\":\"\",\"duedatedefinition\":\"\",\"prioritydefinition\":\"\",\"formproperties\":\"\",\"tasklisteners\":\"\",\"skipexpression\":\"\",\"categorydefinition\":\"\"},\"stencil\":{\"id\":\"UserTask\"},\"childShapes\":[],\"outgoing\":[],\"bounds\":{\"lowerRight\":{\"x\":305.7613246785314,\"y\":326.9135896142377},\"upperLeft\":{\"x\":205.76132467853145,\"y\":246.91358961423774}},\"dockers\":[]},{\"resourceId\":\"sid-0B8985FC-AA2A-4FAD-904A-7381811F3C65\",\"properties\":{\"overrideid\":\"\",\"name\":\"\",\"documentation\":\"\",\"conditionsequenceflow\":\"\",\"executionlisteners\":\"\",\"defaultflow\":\"false\",\"skipexpression\":\"\"},\"stencil\":{\"id\":\"SequenceFlow\"},\"childShapes\":[],\"outgoing\":[{\"resourceId\":\"sid-866008C2-05CC-484A-AD8A-E36E51774E6E\"}],\"bounds\":{\"lowerRight\":{\"x\":275,\"y\":246.72002085549872},\"upperLeft\":{\"x\":255.76132467853142,\"y\":175.23711041844103}},\"dockers\":[{\"x\":15,\"y\":15},{\"x\":275,\"y\":210.90181990031965},{\"x\":255.76132467853142,\"y\":210.90181990031965},{\"x\":49.999999999999986,\"y\":39.999999999999986}],\"target\":{\"resourceId\":\"sid-866008C2-05CC-484A-AD8A-E36E51774E6E\"}}],\"stencil\":{\"id\":\"BPMNDiagram\"},\"stencilset\":{\"namespace\":\"http://b3mn.org/stencilset/bpmn2.0#\",\"url\":\"../editor/stencilsets/bpmn2.0/bpmn2.0.json\"}}', 0x89504E470D0A1A0A0000000D4948445200000072000000C108060000001383E4A60000078C4944415478DAED9D5D6C937514C63121CA957AA1C60B3526C6C4184C30D1C40B1367342AD160D47565DD0A741D857505DA8EB1AD611F59884096B00B75830CB7E0208822433E94B9AE8E4DB44985844133DCD80860B3AC630106D9BAAECBDF738C33400A0A7DFBB6A73C4FF264EBCB4293E7D773FE1FEF47E7CC81200882200882EE1F198DC6F96BD7AEDDE176BBFFB0DBEDD7972C59125BBC78B15ABA74E9CCCA952B274B4A4AC66A6B6B7FAAAFAFCF465A6928B3D96C235067D7AC59136D696951C78F1F57C3C3C36A727252B1F867381C56BDBDBD6ACF9E3DCAE3F1A8A2A2A2487575F58E65CB963D8A0453ACDCDCDC176C36DBC9F2F2F20986148BC5D4FF158366E8050505D1B2B2320FD24C91A86566592C96AB3E9F4F45A35175AF1A1C1C54151515334EA7B39DAA731E92D519E2F2E5CBC7FAFBFB9516E20F427373738CDAF309C0D4B19D72256A05F146353434C4AC56AB1F29EB201E13B99D264B7575751334CBAD42D2499E9DF2C4E66E263577ABF1F1719E008D53FB7E05892749BCC4E0D969B2D5D6D636432DF647249EA4C53EAF1393598D374E7E681CBE4EE3F163485E63F18E0D49E9A5C6C6C671FAF03890BCC672B95C03BC63A397028180A2F67A00C96B2CDE3BE5DD18BDC45B7AB4A60C23798DC51BE0B37BA77A88DF2B3F3F3F82E4B5DFCD517A8BDF13C96B2C3E1595828A9C42F21AABB8B87842EF319296209790BCF6CB8F513D67ADFC5E0E872380E435D6860D1B7ED8BD7BB76E205B5B5B670A0B0B4B91BCC6DABA756B766969A96E206D36DB94C1607812C92741AB56AD9A088542BA6C06D07B0D20F124A9AAAA6AFBB66DDB920E922A7FDAE57299907892C4174AF1353667CE9C491AC4FDFBF7ABD5AB579F42DA4996C7E3A958B76E5D52D694C16090C7C688D3E97C1649EBA0929292434D4D4D312D4F69F1BA9120C6D6AF5FFF1E12D6AFC5CEB3DBED7EBEC6460B98FF5462ACB2B2B200E9A608E6A64D9BA2636363098D892B56AC88D6D5D57D84545328AAA46A9A004DECDBB74FDDCDB8C94B0CBE9E9566A8833535352F22C93490C9645A50585878D062B144B8DDFAFDFEB8B70CF0B6DBCE9D3B557171F1B4DBEDBE40932633D24B43F135367979797687C3D14E602FF1D90B3E1565369BA356ABF532C13B5D5656B69916FB4F212D797A8060CE2006E15AB870E143041267FAA5CB60303C4220AF2009E1A2F1F10902398224E457E43304F23C9290BF34799E40F62309E1A2E5C84B46A3B117490817417C952A12D7DE64C026C1EB04B2074908574E4ECEDB04D28B24848B20BE4F3E8424E4B7D64F689CDC8B24E457A489BC0B49C8075940FE1249C85F7E1411C8062421BF225DE42D48427E4596D384672392905F9135E46A24217FF9B191AB1249C86FADF504D38924E4B7D6069EB92209F9ADB599405A9084FC8ADCC5BB3B48423EC8EFA8223F4612F2273B87F90C0892905F915EF25B48423EC85FF82A0124211F64004F43CE0C90A7F8A1BD48423EC87EBEB61549C8077981FC3492900F7284EFFF4012F2415ECDCBCB7B1849C80719E17B2491446AC2575A1A89A60E243F99F14124215CB9B9B9E318D732A322C354918F2309F9202F5245E2112A1900F2ACD1687C0E49C81F2383D45AF158B10CA8C813E49791847C90BF516B7D0D49C807D945EDF50D24211F643B55E43B4842B808E20182B90849C89FB57E43300D48427E6B6D2598F948423EC8ED642B92903F467E4115694712F22B720BDF328E24E44F7670736A8654246E17CF908AAC20909F2209F9931D371EA992191569E7992B92903F465A792D8924E457643EEFEE2009F963A481F75B9184FCD6BA88FC3D92102E93C9F42E55E511FE9DAFA6C3D7C80B117F093655601FF91C793ACE65FF3548494E3B6DBCCDBD1BD3FC7582484888B87D12B46BB78224881D4847DE6CB5290E487C0BB94090F36F192307B2B2B2E622199930DB6641D2EF0E242277E9B160B62A31C9112E02B8971C4512C2959393F32655E4FD0D522935776868E85BBFDF3FD3D9D9A93A3A3A609DECF57A557777F72572E2977232C49E9E1E150E87D5D4D414ACB3474747D5D1A347AF12D4EC844072250262CA614E5185F6250492DB29C24CBD09E4744220B95723C8B400A9740179FDCAB01A0AB4A8A0B7F6EF9FFC1A008481BC7639A44EB757AA93874BFF35BFE6E3802008E4C5E0819B20CEFACFE041409004B2EFE7CD7141F271401004F274474D5C907C1C100012D61B24CF54E381E4E3802008E4C0B1CFE382E4E380206C1D79EEF7AF6E82C8AF01401AC848440DFCDA787335D26B3E0E084240F2A2BFFFD867715B2B1FC7A640BA83A46A1B1EF0A953473C7121CE9AFF9DFF0ED5998620EF5485B733AA330D41FE5715DEA93A01258D40DE0BC459034A9A2F3F60808401122001122061808401122001122001122061808401122001122061808401122001122061808401120648800448808401120648800448808401120648800448804490000903240C90000990000903240C90000990000903240C90000990000990000903240C90000990000903240C90000990000903240C90B026203B3B3B1164EA3D4920A71302D9DDDD3D1C0E8711660A1D0A85BE26907D0981F4F97C1F7675755D1919199940A8FA572243F47ABDE7C9D9731215FD271FD02722C0E5CDBD1AD6CD9C779F26102108822008822008822008CA6CFD056113ED5E00C9B3260000000049454E44AE426082, 0, NULL);
INSERT INTO `ACT_DE_MODEL` VALUES ('437e97d1-5eb6-11ea-9661-00163e2e65eb', 'sadfasdfas', 'idkkk', '', NULL, '2020-03-05 15:52:29.757000', 'admin', '2020-03-05 15:52:29.757000', 'admin', 1, '{\"id\":\"canvas\",\"resourceId\":\"canvas\",\"stencilset\":{\"namespace\":\"http://b3mn.org/stencilset/bpmn2.0#\"},\"properties\":{\"process_id\":\"idkkk\",\"name\":\"sadfasdfas\"},\"childShapes\":[{\"bounds\":{\"lowerRight\":{\"x\":130,\"y\":193},\"upperLeft\":{\"x\":100,\"y\":163}},\"childShapes\":[],\"dockers\":[],\"outgoing\":[],\"resourceId\":\"startEvent1\",\"stencil\":{\"id\":\"StartNoneEvent\"}}]}', 0x89504E470D0A1A0A0000000D494844520000002D0000002D08060000003A1AE29A000002E04944415478DAED58DF6B526118DEC52EFA23BA080AEACFF08F48747A5051F157F3D74C10744CA6178A8C5D0B42188B2E4236314B6585919814132744B46A3936E7C19B31AA63FEC8AFF71D79135DCC73BEF38DE03C7038777ECF7978BEE77D5E1716142850F0FF821072ADDD6EDBB3D9ECAB442271EEF178C626938968B55AC271DCD4E9740EC3E1F0613299DC82E7F69593CDE5720F63B1D8D8E7F391743A4D1A8D06E976BB6430181004BEFBFD3ED9DBDB23F051C4EBF54EFD7E7FC766B35999130672E6783CFE33180C5E109A4C26E4B268B55A24140A4DEC76FB07B55A7D8B85BA8BF97CFEA5C3E1208542612EB27FA3542A11B3D92CC8AA3A12AE56AB6FDD6E373938382034D0E97408082058ADD67BB290468591307A9426F0F740ED6F4B4B4B1C750FA3256829FC2FC50D06C31910BF432D25D6D7D787E86139512C1605BD5EFF860AE9EDEDED479812A3D188C80D97CBC54BB609AA8C398CB1C602FBFBFB43C96AE3A4C3CB2725DAE605C4200FD3F48668D2389A33990C6189CDCDCD1690BE2F9A3476091CCD2C51AFD73B40BA209A34969F5EAFC79434CFF37D207D2C9A34B6B559F961053C0F480F4493C67A7915C0734593361A8D53D64A0B82C04B521AE26EC8DAD3A7A7A71F25797A7575F513EBF42897CBCF24A5472A95CAB0CEE9B5B5B5A2A49C8E4422379797977F319C88039D4EF745D24444ACACAC7C66D53DC01A5B40F8B5E49667B158D4814060CC40ED3350B9496D198025B42D779FC6FB832AAB54AA452AA4D163B884CAB5B9409BCCC3193D6A9BCB0C1CC7E941F11FB477C49393931AD8E288FA8E38031474332EA1B414478591B046A309C9FADF071CA005D5CF777676BE4BB89C671B1B1B0FD012F09898FCC3841E07855E805DF866B329CC93C3954AE5317CF43BBC74D43D7C49F277913C54D83E2C0CEF6BB5DA51B7DBEDCD4A16961FEC12BBBBBB4FA3D1E873B0D721924575A9A58404AF5F07D57C40E6093C5FB1A561BDFCF33EC62E81A359F2A453A0408102050AE4C66FB109509232650D3B0000000049454E44AE426082, 0, NULL);
INSERT INTO `ACT_DE_MODEL` VALUES ('45f75b8e-65c6-11ea-9661-00163e2e65eb', 'test', 'test', '', NULL, '2020-03-14 15:34:43.874000', 'admin', '2020-03-14 15:34:43.874000', 'admin', 1, '{\"id\":\"canvas\",\"resourceId\":\"canvas\",\"stencilset\":{\"namespace\":\"http://b3mn.org/stencilset/bpmn2.0#\"},\"properties\":{\"process_id\":\"test\",\"name\":\"test\"},\"childShapes\":[{\"bounds\":{\"lowerRight\":{\"x\":130,\"y\":193},\"upperLeft\":{\"x\":100,\"y\":163}},\"childShapes\":[],\"dockers\":[],\"outgoing\":[],\"resourceId\":\"startEvent1\",\"stencil\":{\"id\":\"StartNoneEvent\"}}]}', 0x89504E470D0A1A0A0000000D494844520000002D0000002D08060000003A1AE29A000002E04944415478DAED58DF6B526118DEC52EFA23BA080AEACFF08F48747A5051F157F3D74C10744CA6178A8C5D0B42188B2E4236314B6585919814132744B46A3936E7C19B31AA63FEC8AFF71D79135DCC73BEF38DE03C7038777ECF7978BEE77D5E1716142850F0FF821072ADDD6EDBB3D9ECAB442271EEF178C626938968B55AC271DCD4E9740EC3E1F0613299DC82E7F69593CDE5720F63B1D8D8E7F391743A4D1A8D06E976BB6430181004BEFBFD3ED9DBDB23F051C4EBF54EFD7E7FC766B35999130672E6783CFE33180C5E109A4C26E4B268B55A24140A4DEC76FB07B55A7D8B85BA8BF97CFEA5C3E1208542612EB27FA3542A11B3D92CC8AA3A12AE56AB6FDD6E373938382034D0E97408082058ADD67BB290468591307A9426F0F740ED6F4B4B4B1C750FA3256829FC2FC50D06C31910BF432D25D6D7D787E86139512C1605BD5EFF860AE9EDEDED479812A3D188C80D97CBC54BB609AA8C398CB1C602FBFBFB43C96AE3A4C3CB2725DAE605C4200FD3F48668D2389A33990C6189CDCDCD1690BE2F9A3476091CCD2C51AFD73B40BA209A34969F5EAFC79434CFF37D207D2C9A34B6B559F961053C0F480F4493C67A7915C0734593361A8D53D64A0B82C04B521AE26EC8DAD3A7A7A71F25797A7575F513EBF42897CBCF24A5472A95CAB0CEE9B5B5B5A2A49C8E4422379797977F319C88039D4EF745D24444ACACAC7C66D53DC01A5B40F8B5E49667B158D4814060CC40ED3350B9496D198025B42D779FC6FB832AAB54AA452AA4D163B884CAB5B9409BCCC3193D6A9BCB0C1CC7E941F11FB477C49393931AD8E288FA8E38031474332EA1B414478591B046A309C9FADF071CA005D5CF777676BE4BB89C671B1B1B0FD012F09898FCC3841E07855E805DF866B329CC93C3954AE5317CF43BBC74D43D7C49F277913C54D83E2C0CEF6BB5DA51B7DBEDCD4A16961FEC12BBBBBB4FA3D1E873B0D721924575A9A58404AF5F07D57C40E6093C5FB1A561BDFCF33EC62E81A359F2A453A0408102050AE4C66FB109509232650D3B0000000049454E44AE426082, 0, NULL);
INSERT INTO `ACT_DE_MODEL` VALUES ('468322b5-6738-11ea-9661-00163e2e65eb', 'test', '22222', '22', NULL, '2020-03-16 11:43:18.697000', 'admin', '2020-03-16 11:43:18.697000', 'admin', 1, '{\"id\":\"canvas\",\"resourceId\":\"canvas\",\"stencilset\":{\"namespace\":\"http://b3mn.org/stencilset/bpmn2.0#\"},\"properties\":{\"process_id\":\"22222\",\"name\":\"test\",\"documentation\":\"22\"},\"childShapes\":[{\"bounds\":{\"lowerRight\":{\"x\":130,\"y\":193},\"upperLeft\":{\"x\":100,\"y\":163}},\"childShapes\":[],\"dockers\":[],\"outgoing\":[],\"resourceId\":\"startEvent1\",\"stencil\":{\"id\":\"StartNoneEvent\"}}]}', 0x89504E470D0A1A0A0000000D494844520000002D0000002D08060000003A1AE29A000002E04944415478DAED58DF6B526118DEC52EFA23BA080AEACFF08F48747A5051F157F3D74C10744CA6178A8C5D0B42188B2E4236314B6585919814132744B46A3936E7C19B31AA63FEC8AFF71D79135DCC73BEF38DE03C7038777ECF7978BEE77D5E1716142850F0FF821072ADDD6EDBB3D9ECAB442271EEF178C626938968B55AC271DCD4E9740EC3E1F0613299DC82E7F69593CDE5720F63B1D8D8E7F391743A4D1A8D06E976BB6430181004BEFBFD3ED9DBDB23F051C4EBF54EFD7E7FC766B35999130672E6783CFE33180C5E109A4C26E4B268B55A24140A4DEC76FB07B55A7D8B85BA8BF97CFEA5C3E1208542612EB27FA3542A11B3D92CC8AA3A12AE56AB6FDD6E373938382034D0E97408082058ADD67BB290468591307A9426F0F740ED6F4B4B4B1C750FA3256829FC2FC50D06C31910BF432D25D6D7D787E86139512C1605BD5EFF860AE9EDEDED479812A3D188C80D97CBC54BB609AA8C398CB1C602FBFBFB43C96AE3A4C3CB2725DAE605C4200FD3F48668D2389A33990C6189CDCDCD1690BE2F9A3476091CCD2C51AFD73B40BA209A34969F5EAFC79434CFF37D207D2C9A34B6B559F961053C0F480F4493C67A7915C0734593361A8D53D64A0B82C04B521AE26EC8DAD3A7A7A71F25797A7575F513EBF42897CBCF24A5472A95CAB0CEE9B5B5B5A2A49C8E4422379797977F319C88039D4EF745D24444ACACAC7C66D53DC01A5B40F8B5E49667B158D4814060CC40ED3350B9496D198025B42D779FC6FB832AAB54AA452AA4D163B884CAB5B9409BCCC3193D6A9BCB0C1CC7E941F11FB477C49393931AD8E288FA8E38031474332EA1B414478591B046A309C9FADF071CA005D5CF777676BE4BB89C671B1B1B0FD012F09898FCC3841E07855E805DF866B329CC93C3954AE5317CF43BBC74D43D7C49F277913C54D83E2C0CEF6BB5DA51B7DBEDCD4A16961FEC12BBBBBB4FA3D1E873B0D721924575A9A58404AF5F07D57C40E6093C5FB1A561BDFCF33EC62E81A359F2A453A0408102050AE4C66FB109509232650D3B0000000049454E44AE426082, 0, NULL);
INSERT INTO `ACT_DE_MODEL` VALUES ('494e77e9-5dbe-11ea-9661-00163e2e65eb', '1', '1', '', NULL, '2020-03-04 10:17:24.311000', 'admin', '2020-03-04 10:17:24.311000', 'admin', 1, '{\"id\":\"canvas\",\"resourceId\":\"canvas\",\"stencilset\":{\"namespace\":\"http://b3mn.org/stencilset/bpmn2.0#\"},\"properties\":{\"process_id\":\"1\",\"name\":\"1\"},\"childShapes\":[{\"bounds\":{\"lowerRight\":{\"x\":130,\"y\":193},\"upperLeft\":{\"x\":100,\"y\":163}},\"childShapes\":[],\"dockers\":[],\"outgoing\":[],\"resourceId\":\"startEvent1\",\"stencil\":{\"id\":\"StartNoneEvent\"}}]}', 0x89504E470D0A1A0A0000000D494844520000002D0000002D08060000003A1AE29A000002E04944415478DAED58DF6B526118DEC52EFA23BA080AEACFF08F48747A5051F157F3D74C10744CA6178A8C5D0B42188B2E4236314B6585919814132744B46A3936E7C19B31AA63FEC8AFF71D79135DCC73BEF38DE03C7038777ECF7978BEE77D5E1716142850F0FF821072ADDD6EDBB3D9ECAB442271EEF178C626938968B55AC271DCD4E9740EC3E1F0613299DC82E7F69593CDE5720F63B1D8D8E7F391743A4D1A8D06E976BB6430181004BEFBFD3ED9DBDB23F051C4EBF54EFD7E7FC766B35999130672E6783CFE33180C5E109A4C26E4B268B55A24140A4DEC76FB07B55A7D8B85BA8BF97CFEA5C3E1208542612EB27FA3542A11B3D92CC8AA3A12AE56AB6FDD6E373938382034D0E97408082058ADD67BB290468591307A9426F0F740ED6F4B4B4B1C750FA3256829FC2FC50D06C31910BF432D25D6D7D787E86139512C1605BD5EFF860AE9EDEDED479812A3D188C80D97CBC54BB609AA8C398CB1C602FBFBFB43C96AE3A4C3CB2725DAE605C4200FD3F48668D2389A33990C6189CDCDCD1690BE2F9A3476091CCD2C51AFD73B40BA209A34969F5EAFC79434CFF37D207D2C9A34B6B559F961053C0F480F4493C67A7915C0734593361A8D53D64A0B82C04B521AE26EC8DAD3A7A7A71F25797A7575F513EBF42897CBCF24A5472A95CAB0CEE9B5B5B5A2A49C8E4422379797977F319C88039D4EF745D24444ACACAC7C66D53DC01A5B40F8B5E49667B158D4814060CC40ED3350B9496D198025B42D779FC6FB832AAB54AA452AA4D163B884CAB5B9409BCCC3193D6A9BCB0C1CC7E941F11FB477C49393931AD8E288FA8E38031474332EA1B414478591B046A309C9FADF071CA005D5CF777676BE4BB89C671B1B1B0FD012F09898FCC3841E07855E805DF866B329CC93C3954AE5317CF43BBC74D43D7C49F277913C54D83E2C0CEF6BB5DA51B7DBEDCD4A16961FEC12BBBBBB4FA3D1E873B0D721924575A9A58404AF5F07D57C40E6093C5FB1A561BDFCF33EC62E81A359F2A453A0408102050AE4C66FB109509232650D3B0000000049454E44AE426082, 0, NULL);
INSERT INTO `ACT_DE_MODEL` VALUES ('51e0de29-6356-11ea-9661-00163e2e65eb', 'iiii', 'oooo', 'pppp', NULL, '2020-03-11 13:08:18.007000', 'admin', '2020-03-11 13:08:18.007000', 'admin', 1, '{\"id\":\"canvas\",\"resourceId\":\"canvas\",\"stencilset\":{\"namespace\":\"http://b3mn.org/stencilset/bpmn2.0#\"},\"properties\":{\"process_id\":\"oooo\",\"name\":\"iiii\",\"documentation\":\"pppp\"},\"childShapes\":[{\"bounds\":{\"lowerRight\":{\"x\":130,\"y\":193},\"upperLeft\":{\"x\":100,\"y\":163}},\"childShapes\":[],\"dockers\":[],\"outgoing\":[],\"resourceId\":\"startEvent1\",\"stencil\":{\"id\":\"StartNoneEvent\"}}]}', 0x89504E470D0A1A0A0000000D494844520000002D0000002D08060000003A1AE29A000002E04944415478DAED58DF6B526118DEC52EFA23BA080AEACFF08F48747A5051F157F3D74C10744CA6178A8C5D0B42188B2E4236314B6585919814132744B46A3936E7C19B31AA63FEC8AFF71D79135DCC73BEF38DE03C7038777ECF7978BEE77D5E1716142850F0FF821072ADDD6EDBB3D9ECAB442271EEF178C626938968B55AC271DCD4E9740EC3E1F0613299DC82E7F69593CDE5720F63B1D8D8E7F391743A4D1A8D06E976BB6430181004BEFBFD3ED9DBDB23F051C4EBF54EFD7E7FC766B35999130672E6783CFE33180C5E109A4C26E4B268B55A24140A4DEC76FB07B55A7D8B85BA8BF97CFEA5C3E1208542612EB27FA3542A11B3D92CC8AA3A12AE56AB6FDD6E373938382034D0E97408082058ADD67BB290468591307A9426F0F740ED6F4B4B4B1C750FA3256829FC2FC50D06C31910BF432D25D6D7D787E86139512C1605BD5EFF860AE9EDEDED479812A3D188C80D97CBC54BB609AA8C398CB1C602FBFBFB43C96AE3A4C3CB2725DAE605C4200FD3F48668D2389A33990C6189CDCDCD1690BE2F9A3476091CCD2C51AFD73B40BA209A34969F5EAFC79434CFF37D207D2C9A34B6B559F961053C0F480F4493C67A7915C0734593361A8D53D64A0B82C04B521AE26EC8DAD3A7A7A71F25797A7575F513EBF42897CBCF24A5472A95CAB0CEE9B5B5B5A2A49C8E4422379797977F319C88039D4EF745D24444ACACAC7C66D53DC01A5B40F8B5E49667B158D4814060CC40ED3350B9496D198025B42D779FC6FB832AAB54AA452AA4D163B884CAB5B9409BCCC3193D6A9BCB0C1CC7E941F11FB477C49393931AD8E288FA8E38031474332EA1B414478591B046A309C9FADF071CA005D5CF777676BE4BB89C671B1B1B0FD012F09898FCC3841E07855E805DF866B329CC93C3954AE5317CF43BBC74D43D7C49F277913C54D83E2C0CEF6BB5DA51B7DBEDCD4A16961FEC12BBBBBB4FA3D1E873B0D721924575A9A58404AF5F07D57C40E6093C5FB1A561BDFCF33EC62E81A359F2A453A0408102050AE4C66FB109509232650D3B0000000049454E44AE426082, 0, NULL);
INSERT INTO `ACT_DE_MODEL` VALUES ('5b23e3c6-5883-11ea-9661-00163e2e65eb', '11', '22', '33', NULL, '2020-02-26 18:32:58.119000', 'admin', '2020-02-26 18:32:58.119000', 'admin', 1, '{\"id\":\"canvas\",\"resourceId\":\"canvas\",\"stencilset\":{\"namespace\":\"http://b3mn.org/stencilset/bpmn2.0#\"},\"properties\":{\"process_id\":\"22\",\"name\":\"11\",\"documentation\":\"33\"},\"childShapes\":[{\"bounds\":{\"lowerRight\":{\"x\":130,\"y\":193},\"upperLeft\":{\"x\":100,\"y\":163}},\"childShapes\":[],\"dockers\":[],\"outgoing\":[],\"resourceId\":\"startEvent1\",\"stencil\":{\"id\":\"StartNoneEvent\"}}]}', 0x89504E470D0A1A0A0000000D494844520000002D0000002D08060000003A1AE29A000002E04944415478DAED58DF6B526118DEC52EFA23BA080AEACFF08F48747A5051F157F3D74C10744CA6178A8C5D0B42188B2E4236314B6585919814132744B46A3936E7C19B31AA63FEC8AFF71D79135DCC73BEF38DE03C7038777ECF7978BEE77D5E1716142850F0FF821072ADDD6EDBB3D9ECAB442271EEF178C626938968B55AC271DCD4E9740EC3E1F0613299DC82E7F69593CDE5720F63B1D8D8E7F391743A4D1A8D06E976BB6430181004BEFBFD3ED9DBDB23F051C4EBF54EFD7E7FC766B35999130672E6783CFE33180C5E109A4C26E4B268B55A24140A4DEC76FB07B55A7D8B85BA8BF97CFEA5C3E1208542612EB27FA3542A11B3D92CC8AA3A12AE56AB6FDD6E373938382034D0E97408082058ADD67BB290468591307A9426F0F740ED6F4B4B4B1C750FA3256829FC2FC50D06C31910BF432D25D6D7D787E86139512C1605BD5EFF860AE9EDEDED479812A3D188C80D97CBC54BB609AA8C398CB1C602FBFBFB43C96AE3A4C3CB2725DAE605C4200FD3F48668D2389A33990C6189CDCDCD1690BE2F9A3476091CCD2C51AFD73B40BA209A34969F5EAFC79434CFF37D207D2C9A34B6B559F961053C0F480F4493C67A7915C0734593361A8D53D64A0B82C04B521AE26EC8DAD3A7A7A71F25797A7575F513EBF42897CBCF24A5472A95CAB0CEE9B5B5B5A2A49C8E4422379797977F319C88039D4EF745D24444ACACAC7C66D53DC01A5B40F8B5E49667B158D4814060CC40ED3350B9496D198025B42D779FC6FB832AAB54AA452AA4D163B884CAB5B9409BCCC3193D6A9BCB0C1CC7E941F11FB477C49393931AD8E288FA8E38031474332EA1B414478591B046A309C9FADF071CA005D5CF777676BE4BB89C671B1B1B0FD012F09898FCC3841E07855E805DF866B329CC93C3954AE5317CF43BBC74D43D7C49F277913C54D83E2C0CEF6BB5DA51B7DBEDCD4A16961FEC12BBBBBB4FA3D1E873B0D721924575A9A58404AF5F07D57C40E6093C5FB1A561BDFCF33EC62E81A359F2A453A0408102050AE4C66FB109509232650D3B0000000049454E44AE426082, 0, NULL);
INSERT INTO `ACT_DE_MODEL` VALUES ('66067b65-383e-11ea-aa63-00163e2e65eb', 'Flow11', 'zjs-flow', 'This is  a test flow', NULL, '2020-01-16 16:58:43.894000', 'admin', '2020-03-05 17:41:13.424000', 'admin', 1, '{\"modelId\":\"66067b65-383e-11ea-aa63-00163e2e65eb\",\"bounds\":{\"lowerRight\":{\"x\":1200,\"y\":1050},\"upperLeft\":{\"x\":0,\"y\":0}},\"properties\":{\"process_id\":\"zjs-flow\",\"name\":\"Flow11\",\"documentation\":\"This is  a test flow\",\"process_author\":\"\",\"process_version\":\"\",\"process_namespace\":\"http://www.flowable.org/processdef\",\"process_historylevel\":\"\",\"isexecutable\":true,\"dataproperties\":\"\",\"executionlisteners\":\"\",\"eventlisteners\":\"\",\"signaldefinitions\":\"\",\"messagedefinitions\":\"\",\"process_potentialstarteruser\":\"\",\"process_potentialstartergroup\":\"\",\"iseagerexecutionfetch\":\"false\"},\"childShapes\":[{\"resourceId\":\"startEvent1\",\"properties\":{\"overrideid\":\"\",\"name\":\"\",\"documentation\":\"\",\"executionlisteners\":\"\",\"initiator\":\"\",\"formkeydefinition\":\"66666\",\"formreference\":\"\",\"formproperties\":\"\"},\"stencil\":{\"id\":\"StartNoneEvent\"},\"childShapes\":[],\"outgoing\":[{\"resourceId\":\"sid-46D8CDFD-7A14-4123-9FEA-FDD4D9CB9554\"}],\"bounds\":{\"lowerRight\":{\"x\":130,\"y\":193},\"upperLeft\":{\"x\":100,\"y\":163}},\"dockers\":[]},{\"resourceId\":\"sid-FB64850D-4B91-4F38-B0B9-5542F19822A5\",\"properties\":{\"overrideid\":\"\",\"name\":\"行政审批\",\"documentation\":\"\",\"asynchronousdefinition\":\"false\",\"exclusivedefinition\":\"false\",\"executionlisteners\":\"\",\"multiinstance_type\":\"None\",\"multiinstance_cardinality\":\"\",\"multiinstance_collection\":\"\",\"multiinstance_variable\":\"\",\"multiinstance_condition\":\"\",\"isforcompensation\":\"false\",\"usertaskassignment\":\"\",\"formkeydefinition\":\"\",\"formreference\":\"\",\"duedatedefinition\":\"\",\"prioritydefinition\":\"\",\"formproperties\":{\"formProperties\":[{\"id\":\"new_property_1\",\"name\":\"\",\"type\":\"string\",\"readable\":true,\"writable\":true,\"$$hashKey\":\"uiGrid-0047\"},{\"id\":\"new_property_2\",\"name\":\"\",\"type\":\"string\",\"readable\":true,\"writable\":true,\"$$hashKey\":\"uiGrid-0049\"},{\"id\":\"new_property_3\",\"name\":\"\",\"type\":\"string\",\"readable\":true,\"writable\":true,\"$$hashKey\":\"uiGrid-004B\"}]},\"tasklisteners\":\"\",\"skipexpression\":\"\",\"categorydefinition\":\"\"},\"stencil\":{\"id\":\"UserTask\"},\"childShapes\":[],\"outgoing\":[{\"resourceId\":\"sid-028CFBF6-3348-4F24-B442-90DA65570220\"}],\"bounds\":{\"lowerRight\":{\"x\":400,\"y\":218},\"upperLeft\":{\"x\":300,\"y\":138}},\"dockers\":[]},{\"resourceId\":\"sid-46D8CDFD-7A14-4123-9FEA-FDD4D9CB9554\",\"properties\":{\"overrideid\":\"\",\"name\":\"\",\"documentation\":\"\",\"conditionsequenceflow\":\"\",\"executionlisteners\":\"\",\"defaultflow\":\"false\",\"skipexpression\":\"\"},\"stencil\":{\"id\":\"SequenceFlow\"},\"childShapes\":[],\"outgoing\":[{\"resourceId\":\"sid-FB64850D-4B91-4F38-B0B9-5542F19822A5\"}],\"bounds\":{\"lowerRight\":{\"x\":299.4296875,\"y\":178},\"upperLeft\":{\"x\":130.6875,\"y\":178}},\"dockers\":[{\"x\":15,\"y\":15},{\"x\":50,\"y\":40}],\"target\":{\"resourceId\":\"sid-FB64850D-4B91-4F38-B0B9-5542F19822A5\"}},{\"resourceId\":\"sid-D3DCE6CB-CBCB-4078-9CB9-08655680DB3E\",\"properties\":{\"overrideid\":\"\",\"name\":\"\",\"documentation\":\"\",\"asynchronousdefinition\":\"false\",\"exclusivedefinition\":\"false\",\"sequencefloworder\":\"\"},\"stencil\":{\"id\":\"ExclusiveGateway\"},\"childShapes\":[],\"outgoing\":[{\"resourceId\":\"sid-468B75AD-926A-4592-A701-C50073309EFE\"},{\"resourceId\":\"sid-204517EA-77C0-47F4-B265-E03A2B1DE424\"}],\"bounds\":{\"lowerRight\":{\"x\":610,\"y\":198},\"upperLeft\":{\"x\":570,\"y\":158}},\"dockers\":[]},{\"resourceId\":\"sid-028CFBF6-3348-4F24-B442-90DA65570220\",\"properties\":{\"overrideid\":\"\",\"name\":\"\",\"documentation\":\"\",\"conditionsequenceflow\":\"\",\"executionlisteners\":\"\",\"defaultflow\":\"false\",\"skipexpression\":\"\"},\"stencil\":{\"id\":\"SequenceFlow\"},\"childShapes\":[],\"outgoing\":[{\"resourceId\":\"sid-D3DCE6CB-CBCB-4078-9CB9-08655680DB3E\"}],\"bounds\":{\"lowerRight\":{\"x\":570.25,\"y\":178},\"upperLeft\":{\"x\":400.6875,\"y\":178}},\"dockers\":[{\"x\":50,\"y\":40},{\"x\":20,\"y\":20}],\"target\":{\"resourceId\":\"sid-D3DCE6CB-CBCB-4078-9CB9-08655680DB3E\"}},{\"resourceId\":\"sid-94BE1046-01F3-4743-8C5B-13DC30A6AD89\",\"properties\":{\"overrideid\":\"\",\"name\":\"\",\"documentation\":\"\",\"executionlisteners\":\"\"},\"stencil\":{\"id\":\"EndNoneEvent\"},\"childShapes\":[],\"outgoing\":[],\"bounds\":{\"lowerRight\":{\"x\":1063,\"y\":192},\"upperLeft\":{\"x\":1035,\"y\":164}},\"dockers\":[]},{\"resourceId\":\"sid-A61F4F8F-59F3-47C1-A9AA-2C811ECFA8CB\",\"properties\":{\"overrideid\":\"\",\"name\":\"重新报告\",\"documentation\":\"\",\"asynchronousdefinition\":\"false\",\"exclusivedefinition\":\"false\",\"executionlisteners\":\"\",\"multiinstance_type\":\"None\",\"multiinstance_cardinality\":\"\",\"multiinstance_collection\":\"\",\"multiinstance_variable\":\"\",\"multiinstance_condition\":\"\",\"isforcompensation\":\"false\",\"usertaskassignment\":\"\",\"formkeydefinition\":\"\",\"formreference\":\"\",\"duedatedefinition\":\"\",\"prioritydefinition\":\"\",\"formproperties\":\"\",\"tasklisteners\":\"\",\"skipexpression\":\"\",\"categorydefinition\":\"\"},\"stencil\":{\"id\":\"UserTask\"},\"childShapes\":[],\"outgoing\":[{\"resourceId\":\"sid-66425FB7-523F-472B-94D9-90B44FE8144B\"}],\"bounds\":{\"lowerRight\":{\"x\":640,\"y\":395},\"upperLeft\":{\"x\":540,\"y\":315}},\"dockers\":[]},{\"resourceId\":\"sid-468B75AD-926A-4592-A701-C50073309EFE\",\"properties\":{\"overrideid\":\"\",\"name\":\"\",\"documentation\":\"\",\"conditionsequenceflow\":\"\",\"executionlisteners\":\"\",\"defaultflow\":\"false\",\"skipexpression\":\"\"},\"stencil\":{\"id\":\"SequenceFlow\"},\"childShapes\":[],\"outgoing\":[{\"resourceId\":\"sid-A61F4F8F-59F3-47C1-A9AA-2C811ECFA8CB\"}],\"bounds\":{\"lowerRight\":{\"x\":590.4424796501771,\"y\":314.0117227625271},\"upperLeft\":{\"x\":590.1161140998229,\"y\":198.8046834874729}},\"dockers\":[{\"x\":20.5,\"y\":20.5},{\"x\":50,\"y\":40}],\"target\":{\"resourceId\":\"sid-A61F4F8F-59F3-47C1-A9AA-2C811ECFA8CB\"}},{\"resourceId\":\"sid-66425FB7-523F-472B-94D9-90B44FE8144B\",\"properties\":{\"overrideid\":\"\",\"name\":\"\",\"documentation\":\"\",\"conditionsequenceflow\":\"\",\"executionlisteners\":\"\",\"defaultflow\":\"false\",\"skipexpression\":\"\"},\"stencil\":{\"id\":\"SequenceFlow\"},\"childShapes\":[],\"outgoing\":[{\"resourceId\":\"sid-FB64850D-4B91-4F38-B0B9-5542F19822A5\"}],\"bounds\":{\"lowerRight\":{\"x\":539.4160243417239,\"y\":354.788793421051},\"upperLeft\":{\"x\":350.1161221476268,\"y\":218.87499596464218}},\"dockers\":[{\"x\":50,\"y\":40},{\"x\":350.5,\"y\":354},{\"x\":50,\"y\":40}],\"target\":{\"resourceId\":\"sid-FB64850D-4B91-4F38-B0B9-5542F19822A5\"}},{\"resourceId\":\"sid-5CDE2724-35F1-4273-832A-D99F4C48C5A6\",\"properties\":{\"overrideid\":\"\",\"name\":\"财务审批\",\"documentation\":\"\",\"asynchronousdefinition\":\"false\",\"exclusivedefinition\":\"false\",\"executionlisteners\":\"\",\"multiinstance_type\":\"None\",\"multiinstance_cardinality\":\"\",\"multiinstance_collection\":\"\",\"multiinstance_variable\":\"\",\"multiinstance_condition\":\"\",\"isforcompensation\":\"false\",\"usertaskassignment\":\"\",\"formkeydefinition\":\"\",\"formreference\":\"\",\"duedatedefinition\":\"\",\"prioritydefinition\":\"\",\"formproperties\":\"\",\"tasklisteners\":\"\",\"skipexpression\":\"\",\"categorydefinition\":\"\"},\"stencil\":{\"id\":\"UserTask\"},\"childShapes\":[],\"outgoing\":[{\"resourceId\":\"sid-121EDD75-95FF-48FA-9F22-48A9358E3717\"}],\"bounds\":{\"lowerRight\":{\"x\":849.5,\"y\":218},\"upperLeft\":{\"x\":749.5,\"y\":138}},\"dockers\":[]},{\"resourceId\":\"sid-204517EA-77C0-47F4-B265-E03A2B1DE424\",\"properties\":{\"overrideid\":\"\",\"name\":\"\",\"documentation\":\"\",\"conditionsequenceflow\":\"\",\"executionlisteners\":\"\",\"defaultflow\":\"false\",\"skipexpression\":\"\"},\"stencil\":{\"id\":\"SequenceFlow\"},\"childShapes\":[],\"outgoing\":[{\"resourceId\":\"sid-5CDE2724-35F1-4273-832A-D99F4C48C5A6\"}],\"bounds\":{\"lowerRight\":{\"x\":748.6992216116438,\"y\":178.45268578734843},\"upperLeft\":{\"x\":610.2773408883562,\"y\":178.12153296265157}},\"dockers\":[{\"x\":20.5,\"y\":20.5},{\"x\":50,\"y\":40}],\"target\":{\"resourceId\":\"sid-5CDE2724-35F1-4273-832A-D99F4C48C5A6\"}},{\"resourceId\":\"sid-121EDD75-95FF-48FA-9F22-48A9358E3717\",\"properties\":{\"overrideid\":\"\",\"name\":\"\",\"documentation\":\"\",\"conditionsequenceflow\":\"\",\"executionlisteners\":\"\",\"defaultflow\":\"false\",\"skipexpression\":\"\"},\"stencil\":{\"id\":\"SequenceFlow\"},\"childShapes\":[],\"outgoing\":[{\"resourceId\":\"sid-94BE1046-01F3-4743-8C5B-13DC30A6AD89\"}],\"bounds\":{\"lowerRight\":{\"x\":1034.35546875,\"y\":178},\"upperLeft\":{\"x\":850.205078125,\"y\":178}},\"dockers\":[{\"x\":50,\"y\":40},{\"x\":14,\"y\":14}],\"target\":{\"resourceId\":\"sid-94BE1046-01F3-4743-8C5B-13DC30A6AD89\"}}],\"stencil\":{\"id\":\"BPMNDiagram\"},\"stencilset\":{\"namespace\":\"http://b3mn.org/stencilset/bpmn2.0#\",\"url\":\"../editor/stencilsets/bpmn2.0/bpmn2.0.json\"}}', 0x89504E470D0A1A0A0000000D494844520000011E00000058080600000023BF9813000007804944415478DAED9D7F6894651CC0F7C78A0526524603FDC38282FAC72021130A132BA1A151DE9D7737F783740B7596D1FA6783066B780D6BBA0646BF230A6D857F9451ED36B75BD8C18292C851B2A5D3CBB65372D676DE96BE7DBFF3BDD8D696BB6DF76CF7DEE7035F9E77AFC72BF7FD3ECFE79EE77DEFDE372B0B0000000000000000000000AE8D6559D9DDDDDD8DE170F8727373B3D5D4D434EB110C06AD5028744E229F8C537B802CED78EDEDED565F5F9F158FC75316D168D46A6B6BEB978EB891AC537BC870F4D32ED1F18E1D2E1F891476C0B87C0A7692F5F955FB54D79DDAC37FD02976A27398E880D2F986C9FAFCAABD89BA537B1883AEC3478BE7C4D1FDA9EE7C16599F5FB53751776A0F9376BED141E74B8AEC74ADBDA9BA231E9874C663221CD8F9D649E87B2AA2F68807E87C26582BF18744A5C45989DDD43E33C5E372B972376DDA542451A5ADDFEF5F3AE3835655552D0E0402C1B2B2B2981CD4DAB66DDB504D4DCD37BA1FF1646CE74B4827CFFE3B57A243E290C4026A9F39E2F1F97C3BF3F3F32FA91B46C5B0D7EB7D76DA072D2A2A5AB47DFBF63FEBEBEBADAEAE2E2B168B593D3D3D564343830AE8627979792EE2C9B8CE375E3A09726CF1FC28B18CDA3B5F3C858585BB12B2A9ADADB51A1B1BAD3D7BF65822A32BF6FEE7A775E0CACACA4695CE44A87C2A2A2ABE403C19D5F9D64D229D31936489D3122BA9BD73C5A3CB2B99E9C45530E170788C1BF46F5B3EC3D35A76C9ACA65F673A13118944AC929292BFD2357192942374BEE4F29575F54472F5145EFEA6FDDA45D4DE79E2D1FC490412339D89080402317BD653349DFFC01A181898F0C0434343D6B8755DDAC55C74BE74CED7AA55ABAC9C9C1C1D404BA7B214A3F6CEA9FD64A1CBAB893878F060DC7E4D55D2E2D9BA756BDFFFCD78B66CD97281A556C67DEA55D9E771162471FE87DA3B6CA9655FC59A74C6535D5D7D7EDA339ED2D2D286BD7BF70E4F74E0FAFAFA61596ABD8D7832B2F335DA2792B3D3513AD47E76CEF1F87CBE81C9CEF178BDDEBFA77D8E47AF6A49F4D4D5D55D3A79F2E4C8F24A673A0D0D0DB1C2C2C25372F0C58827233B9F5EC1D2CBE7BBD3513AD47E76F0783C3BC65FD50A040283B674A67F552B219FCD9B37D749FB9B1EACB8B8382ADB6FA8F1D23D7174BE19A1F5D72F0E7E906ED2A1F6B32E9FD8F8EFF1CC483A4E87CE376356645DBD7A9547EDF9E6F2AC7E7319F1D0F9AEC122FB64A345EDF9AD164C81D1F7E331103127DF9325DDC443ED61CE08854267537DEBCB44442291034EBE0B5DBA8987DAC39CD1D2D2B2A1B5B5F5426F6FEF602A3FEDB4E30583C1534EBEEF6EBA8987DAC39C221D224F3E8D3A742A9C8A270DD8C7ED747AC74B37F1507B00C40300D7C2ED763F2403ED0A99403C00C6F07ABD6D32D02E9309C403600CBFDFBF50065A3F99403C00C670B95CB7C8408B9209C40360523C4B64A09D21138807C0183E9FEF7619685D6402F10018C3E3F1DC2503ED3899403C0026673CF7887CBE27138807C0E420BB4F224C26100F8031DC6EF783FA5D1E328178008C21D2795806DAD76402F10018C3E3F1E8A35B3E23138807C0E48CE74991CF276402F100981C643E890FC904E20130B9D42A9659CF3B6402F100981C644F4BEC27138807C0E48CE7191968FBC804E20130299E72596AD59209C403607290554A549309C40360729055AB7CC804E20130862EB374B94526100F80C941B64F622799403C00C690D9CEEB32EB2925138807C0E4207B57A2884C201E009383EC2399F178C904E2013039C83E95E5D61364E2DF7C1C413C00A91F689F4B3CE6B4F76559567677777763381CBEDCDCDC9C8A67895BC160D00A8542E724F2E949004920ABAC26B7DBBDD669EF4BA5D3DEDE6EF5F5F559F1783C65118D46ADB6B6B67E91D0467A13C0D4673C21BDFDA9D3DE97CE74543AC70E978F448AE51397195027BD0960EAE209EB0DDF9DF6BE7479A55230211E0D11CF30BD09608AE8A36DF411374E7B5F7A0E26219E1347F79B100F27A4019298F11CD787FA39513C89D98E89590FE201484E3C5DFA1863A7CE784C05E201484E3C675C2ED712C48378004C8A27EAF57A17231EC403600C91CEC5F5EBD7DF8878100F80C9194F5C965AD7231EC40360523C96C4B0C4A0CE7EA43D2FF1BBC469895F257E91FD3F49FB83C47712DFEA970E259A25BED29F5C783C9E43F29A8FED1F9CBE2FED5BFAE40A89D7245E957F7F59DA1A892AD9AE90D7BC20ED73D296D94FB9784AB60BF5195FB2DF25DB8FEB134E7D3EDFA3B2BD46F63F20EDFDD2AE90FDCB4594774B7BA7B4B7F9FDFEA5F26FB7161414DC2CDB0B65DF0D252525D7211E8079CEEAD5ABB375C0EA924BDA9B7420EB809681BE4C06FF1DF6405F2EDBF74ABBD216C11AD97E447FE7658B4285E195B64045A24291ED1DD2EEB2455321DB2FCAF64B2A22695F91B6DE16948AEA3D7DB0A00A4C45A68F5596F64B5B702ABAA3121D2A405B843F4B74DB8254519E93E85781AA48E535880700586A0100E2413C0080780000F1201E00403C008078100F008C25713F1E4311E37E3C0090150A85CEA6FAB6A78988442207B803210064B5B4B46C686D6DBDD0DBDB3B98CA998E4A27180C9EE29ECB003082C8204F66221DBA0C4AC55326ECE376221D0000000000000000000000000000000000000000000030C33F44C22D02EDE69DBF0000000049454E44AE426082, 0, NULL);
INSERT INTO `ACT_DE_MODEL` VALUES ('66c5ae07-588f-11ea-9661-00163e2e65eb', '公文审批', 'gwsp', '', NULL, '2020-02-26 19:59:11.595000', 'admin', '2020-02-28 14:56:26.616000', 'admin', 1, '{\"modelId\":\"66c5ae07-588f-11ea-9661-00163e2e65eb\",\"bounds\":{\"lowerRight\":{\"x\":1200,\"y\":1050},\"upperLeft\":{\"x\":0,\"y\":0}},\"properties\":{\"process_id\":\"gwsp\",\"name\":\"公文审批\",\"documentation\":\"\",\"process_author\":\"\",\"process_version\":\"\",\"process_namespace\":\"http://www.flowable.org/processdef\",\"process_historylevel\":\"\",\"isexecutable\":false,\"dataproperties\":\"\",\"executionlisteners\":\"\",\"eventlisteners\":\"\",\"signaldefinitions\":\"\",\"messagedefinitions\":\"\",\"process_potentialstarteruser\":\"\",\"process_potentialstartergroup\":\"\",\"iseagerexecutionfetch\":\"false\"},\"childShapes\":[{\"resourceId\":\"startEvent1\",\"properties\":{\"overrideid\":\"\",\"name\":\"\",\"documentation\":\"\",\"executionlisteners\":\"\",\"initiator\":\"\",\"formkeydefinition\":\"\",\"formreference\":\"\",\"formproperties\":\"\"},\"stencil\":{\"id\":\"StartNoneEvent\"},\"childShapes\":[],\"outgoing\":[],\"bounds\":{\"lowerRight\":{\"x\":130,\"y\":193},\"upperLeft\":{\"x\":100,\"y\":163}},\"dockers\":[]},{\"resourceId\":\"sid-139C5699-F916-4F72-B655-55045C3AD7C1\",\"properties\":{\"overrideid\":\"\",\"name\":\"\",\"documentation\":\"\",\"asynchronousdefinition\":\"false\",\"exclusivedefinition\":\"false\",\"executionlisteners\":\"\",\"multiinstance_type\":\"None\",\"multiinstance_cardinality\":\"\",\"multiinstance_collection\":\"\",\"multiinstance_variable\":\"\",\"multiinstance_condition\":\"\",\"isforcompensation\":\"false\",\"usertaskassignment\":\"\",\"formkeydefinition\":\"\",\"formreference\":{\"id\":\"02d0e7c3-3675-11ea-aa63-00163e2e65eb\",\"name\":\"sdgsd\",\"key\":\"sdgsg\"},\"duedatedefinition\":\"\",\"prioritydefinition\":\"\",\"formproperties\":\"\",\"tasklisteners\":\"\",\"skipexpression\":\"\",\"categorydefinition\":\"\"},\"stencil\":{\"id\":\"UserTask\"},\"childShapes\":[],\"outgoing\":[],\"bounds\":{\"lowerRight\":{\"x\":291,\"y\":172},\"upperLeft\":{\"x\":191,\"y\":92}},\"dockers\":[]}],\"stencil\":{\"id\":\"BPMNDiagram\"},\"stencilset\":{\"namespace\":\"http://b3mn.org/stencilset/bpmn2.0#\",\"url\":\"../editor/stencilsets/bpmn2.0/bpmn2.0.json\"},\"name\":\"公文审批\",\"key\":\"gwsp\"}', 0x89504E470D0A1A0A0000000D49484452000000CE000000740806000000CD4E0DD7000005CC4944415478DAED9C5D4B63571486E7C28BFE885E145A687F863FA0D01BC56882862846ADDF5690AA28EA4544C48B168A200C0E535A1844ADB5F523B17E8D0DB58AA68A545B47D19818A73832D368D47177AFA1425B9376ACF1C4933C0FBC28E78881ED7A5C7BEFEC937BF70000000000000000207128A5D23637371F79BDDE971E8F478D8F8F1383E376BBD5F4F4F4531D1B156912449A999919150A855424122109CAC1C1819A9A9A3AD21265509526403A0DD2DC197922BA03AD51952640A66714EDDD8916E78CAA340132C7A660EF94388AAA4C22715E3C0BA8CDF9FB6AD5DDF22AF2BD5CA3D811077162E4F9A15FAD8C36AAE5E1DABF45AEC93D0A1E7110274A7656BFBA22CD657657872878C4419C6859FBAE3DA638728F82471CC4899295F1E698E2C83D0A1E711007711007E2238EECA2C51247EE51F088833851B2F1F8D398E2C83D0A1E7110274A7EF3FBD4CA58D3D5699ABE26F72878C4419C1879F2E3832BE2C8358A1D711027564E4ED4C6DC6757A769FA9ADCA3E0110771A29C1A587FFC49CC358EDCE3F400E220CE5FBA4C606342FD34F2714C692E233F233F4BF7419C9416E7BFBA0CDD077110278A38AFD365FEADFB2000E2A4A438FF579ACB2000E2B0AB461007100771007110071087200EE210C4411C823880388803888338803804711087200EE210C401C4411C401CC401C4411CC4411C82388843100710077100711007100771007108E2200E411C401CC401C4411C401CC401C421888338047100711007100771007110071087200EE210C401C4411C401CC401C4411C401C823888431007712858C401C4411C401CC401C4218883380471108782451C401CC401C4411C401C8238884310077108E200E2200E200EE200E290848AA3947AC3E7F3397B7B7BA75C2ED7517979F999DD6E57168B45D96CB68BE2E2E2487D7DFD667B7BFB439D77510471525A1C11A6AFAFEF416B6BEB596565A5EAEEEE565EAF57F9FD7E757C7CAC04F91A0A85D4C2C282D262A98A8A8A8BAAAAAAADC2C2C20254419C9413470BE2686B6B3BA9ADAD7D25C5F9F9B97A5D969696545D5DDDB9D3E95CCBCCCC7C07651027E9C5D1759F36383838515454A4868686AE25CC3F191919510E87234CF7419CA41647A4999C9CFCA1ACAC4CADAFAFAB78B0B5B5A5B484E18282820F11077192521CE934228DAC59E289FC3EDD759E676767DB1087824D2A71644D23D3B378759A689D273737F750CBF35EAA8AE3F17828D8BB93632DCED98D77CF5A5A5A22B2A6B94D868787C356ABF5FB5415677A7A3A20DD97A24D7CFC7EFF975A9CB51BFD41FBFBFB3F97DDB3D3D35375DB949494045375CA363131F1815E433EDBDFDF0F53BC89EB34228DDBEDDED6C9B851B791F76964CBD90896979723A9DC75F41FEB7DFD9F6E5EA60932C7268647C67DED46D20872224036046EB2ED7C5D1C0E47D062B1BCC5063598163946D3D3D3A38CA4ABAB6B498BF311A30FA645CE9EC9311A23999B9BDBD2E20C31FA605AE4C066201030549C603018D2E2EC30FA605AE494F3E5814DA390D7D3E21C33FA605AE4D1804420AFCBE88369C9CBCBBB30BAE384C3E1201D074C4D595959C4E835CEDEDEDECFAC71C0D43436366E18BDAB363A3AFA0DBB6A606A3A3A3A7A8C7E1FA7A9A96998F771C0D4343434BC5D5A5AFAD2C09303C7393939BF7272004C4F7575F52F469D55D3D3B4875A9A19461D4C4F7E7E7E664D4DCD99015DE750779BC5547FA00D9208A7D3E9BBEDE771643D25DD263D3D3D8D1187A440D61CF2C11AB7F504A8CFE71BD4AF1148E527402149B1D96C56DD797E8FF7670EECEEEECEEA29DA365334485AAC56AB433E58235E9D473A8D4893959555C7E84252A38BDCA2BBCFD1C0C0C08B1B6C181C767676DE97E9998E9D51859459F3E84EE1D153B7E0E2E262F83AEFD38C8D8D7DA1C59B978D00D63490AA0265884076BB3DE472B956676767B7FD7E7FE0F260A81CD894B3676EB7FBEBE6E6E66FF5546F5384912EC3EE19B0F6B15ADFD4DDA3520BF148E7899C6E964703FEFCBA2367CFE4180D2702000000000000000000000000000000EE287F002BB3D3A6F4EBC5F90000000049454E44AE426082, 0, NULL);
INSERT INTO `ACT_DE_MODEL` VALUES ('67d01155-5848-11ea-9661-00163e2e65eb', 'bug', 'bug', '', NULL, '2020-02-26 11:30:59.072000', 'admin', '2020-02-26 11:31:33.676000', 'admin', 1, '{\"modelId\":\"67d01155-5848-11ea-9661-00163e2e65eb\",\"bounds\":{\"lowerRight\":{\"x\":1200,\"y\":1050},\"upperLeft\":{\"x\":0,\"y\":0}},\"properties\":{\"process_id\":\"bug\",\"name\":\"bug\",\"documentation\":\"\",\"process_author\":\"\",\"process_version\":\"\",\"process_namespace\":\"http://www.flowable.org/processdef\",\"process_historylevel\":\"\",\"isexecutable\":true,\"dataproperties\":\"\",\"executionlisteners\":\"\",\"eventlisteners\":\"\",\"signaldefinitions\":\"\",\"messagedefinitions\":\"\",\"process_potentialstarteruser\":\"\",\"process_potentialstartergroup\":\"\",\"iseagerexecutionfetch\":\"false\"},\"childShapes\":[{\"resourceId\":\"startEvent1\",\"properties\":{\"overrideid\":\"\",\"name\":\"\",\"documentation\":\"\",\"executionlisteners\":\"\",\"initiator\":\"\",\"formkeydefinition\":\"\",\"formreference\":\"\",\"formproperties\":\"\"},\"stencil\":{\"id\":\"StartNoneEvent\"},\"childShapes\":[],\"outgoing\":[{\"resourceId\":\"sid-720E195D-B53C-4CF0-95E7-ED312A5AEA20\"}],\"bounds\":{\"lowerRight\":{\"x\":130,\"y\":193},\"upperLeft\":{\"x\":100,\"y\":163}},\"dockers\":[]},{\"resourceId\":\"sid-370F7D41-34B1-421C-B8BF-495F03B604D9\",\"properties\":{\"overrideid\":\"\",\"name\":\"\",\"documentation\":\"\",\"asynchronousdefinition\":\"false\",\"exclusivedefinition\":\"false\",\"executionlisteners\":\"\",\"multiinstance_type\":\"None\",\"multiinstance_cardinality\":\"\",\"multiinstance_collection\":\"\",\"multiinstance_variable\":\"\",\"multiinstance_condition\":\"\",\"isforcompensation\":\"false\",\"usertaskassignment\":\"\",\"formkeydefinition\":\"\",\"formreference\":\"\",\"duedatedefinition\":\"\",\"prioritydefinition\":\"\",\"formproperties\":\"\",\"tasklisteners\":\"\",\"skipexpression\":\"\",\"categorydefinition\":\"\"},\"stencil\":{\"id\":\"UserTask\"},\"childShapes\":[],\"outgoing\":[{\"resourceId\":\"sid-B13DA666-2124-4636-BE02-DEE9AC8509A5\"}],\"bounds\":{\"lowerRight\":{\"x\":275,\"y\":218},\"upperLeft\":{\"x\":175,\"y\":138}},\"dockers\":[]},{\"resourceId\":\"sid-720E195D-B53C-4CF0-95E7-ED312A5AEA20\",\"properties\":{\"overrideid\":\"\",\"name\":\"\",\"documentation\":\"\",\"conditionsequenceflow\":\"\",\"executionlisteners\":\"\",\"defaultflow\":\"false\",\"skipexpression\":\"\"},\"stencil\":{\"id\":\"SequenceFlow\"},\"childShapes\":[],\"outgoing\":[{\"resourceId\":\"sid-370F7D41-34B1-421C-B8BF-495F03B604D9\"}],\"bounds\":{\"lowerRight\":{\"x\":174.15625,\"y\":178},\"upperLeft\":{\"x\":130.609375,\"y\":178}},\"dockers\":[{\"x\":15,\"y\":15},{\"x\":50,\"y\":40}],\"target\":{\"resourceId\":\"sid-370F7D41-34B1-421C-B8BF-495F03B604D9\"}},{\"resourceId\":\"sid-D47774A4-75BD-4635-9216-263EFD51B7DF\",\"properties\":{\"overrideid\":\"\",\"name\":\"\",\"documentation\":\"\",\"asynchronousdefinition\":\"false\",\"exclusivedefinition\":\"false\",\"sequencefloworder\":\"\"},\"stencil\":{\"id\":\"ExclusiveGateway\"},\"childShapes\":[],\"outgoing\":[{\"resourceId\":\"sid-B0527A1D-ACD6-40BA-A2FC-4C66B9AF7022\"}],\"bounds\":{\"lowerRight\":{\"x\":360,\"y\":198},\"upperLeft\":{\"x\":320,\"y\":158}},\"dockers\":[]},{\"resourceId\":\"sid-B13DA666-2124-4636-BE02-DEE9AC8509A5\",\"properties\":{\"overrideid\":\"\",\"name\":\"\",\"documentation\":\"\",\"conditionsequenceflow\":\"\",\"executionlisteners\":\"\",\"defaultflow\":\"false\",\"skipexpression\":\"\"},\"stencil\":{\"id\":\"SequenceFlow\"},\"childShapes\":[],\"outgoing\":[{\"resourceId\":\"sid-D47774A4-75BD-4635-9216-263EFD51B7DF\"}],\"bounds\":{\"lowerRight\":{\"x\":319.64844687000755,\"y\":178.4097335362338},\"upperLeft\":{\"x\":275.62889687999245,\"y\":178.2191727137662}},\"dockers\":[{\"x\":50,\"y\":40},{\"x\":20.5,\"y\":20.5}],\"target\":{\"resourceId\":\"sid-D47774A4-75BD-4635-9216-263EFD51B7DF\"}},{\"resourceId\":\"sid-58991496-21E1-4208-B12F-80C5F733D02F\",\"properties\":{\"overrideid\":\"\",\"name\":\"\",\"documentation\":\"\",\"asynchronousdefinition\":\"false\",\"exclusivedefinition\":\"false\",\"executionlisteners\":\"\",\"multiinstance_type\":\"None\",\"multiinstance_cardinality\":\"\",\"multiinstance_collection\":\"\",\"multiinstance_variable\":\"\",\"multiinstance_condition\":\"\",\"isforcompensation\":\"false\",\"usertaskassignment\":\"\",\"formkeydefinition\":\"\",\"formreference\":\"\",\"duedatedefinition\":\"\",\"prioritydefinition\":\"\",\"formproperties\":\"\",\"tasklisteners\":\"\",\"skipexpression\":\"\",\"categorydefinition\":\"\"},\"stencil\":{\"id\":\"UserTask\"},\"childShapes\":[],\"outgoing\":[{\"resourceId\":\"sid-13832DC6-5A79-469A-87B7-39CA3E710479\"}],\"bounds\":{\"lowerRight\":{\"x\":505,\"y\":218},\"upperLeft\":{\"x\":405,\"y\":138}},\"dockers\":[]},{\"resourceId\":\"sid-B0527A1D-ACD6-40BA-A2FC-4C66B9AF7022\",\"properties\":{\"overrideid\":\"\",\"name\":\"\",\"documentation\":\"\",\"conditionsequenceflow\":\"\",\"executionlisteners\":\"\",\"defaultflow\":\"false\",\"skipexpression\":\"\"},\"stencil\":{\"id\":\"SequenceFlow\"},\"childShapes\":[],\"outgoing\":[{\"resourceId\":\"sid-58991496-21E1-4208-B12F-80C5F733D02F\"}],\"bounds\":{\"lowerRight\":{\"x\":404.80079078438814,\"y\":178.41360197940782},\"upperLeft\":{\"x\":360.28514671561186,\"y\":178.21921052059218}},\"dockers\":[{\"x\":20.5,\"y\":20.5},{\"x\":50,\"y\":40}],\"target\":{\"resourceId\":\"sid-58991496-21E1-4208-B12F-80C5F733D02F\"}},{\"resourceId\":\"sid-0C9C70C3-6DFC-4E68-855A-08D25148BF1E\",\"properties\":{\"overrideid\":\"\",\"name\":\"\",\"documentation\":\"\",\"asynchronousdefinition\":\"false\",\"exclusivedefinition\":\"false\",\"sequencefloworder\":\"\"},\"stencil\":{\"id\":\"ExclusiveGateway\"},\"childShapes\":[],\"outgoing\":[{\"resourceId\":\"sid-660A7395-FB9C-4EA9-875C-B8F4F4BBD72A\"}],\"bounds\":{\"lowerRight\":{\"x\":590,\"y\":198},\"upperLeft\":{\"x\":550,\"y\":158}},\"dockers\":[]},{\"resourceId\":\"sid-13832DC6-5A79-469A-87B7-39CA3E710479\",\"properties\":{\"overrideid\":\"\",\"name\":\"\",\"documentation\":\"\",\"conditionsequenceflow\":\"\",\"executionlisteners\":\"\",\"defaultflow\":\"false\",\"skipexpression\":\"\"},\"stencil\":{\"id\":\"SequenceFlow\"},\"childShapes\":[],\"outgoing\":[{\"resourceId\":\"sid-0C9C70C3-6DFC-4E68-855A-08D25148BF1E\"}],\"bounds\":{\"lowerRight\":{\"x\":549.6484468700075,\"y\":178.4097335362338},\"upperLeft\":{\"x\":505.62889687999245,\"y\":178.2191727137662}},\"dockers\":[{\"x\":50,\"y\":40},{\"x\":20.5,\"y\":20.5}],\"target\":{\"resourceId\":\"sid-0C9C70C3-6DFC-4E68-855A-08D25148BF1E\"}},{\"resourceId\":\"sid-4A381B83-A48D-47FE-947D-E8221297E0F4\",\"properties\":{\"overrideid\":\"\",\"name\":\"\",\"documentation\":\"\",\"asynchronousdefinition\":\"false\",\"exclusivedefinition\":\"false\",\"executionlisteners\":\"\",\"multiinstance_type\":\"None\",\"multiinstance_cardinality\":\"\",\"multiinstance_collection\":\"\",\"multiinstance_variable\":\"\",\"multiinstance_condition\":\"\",\"isforcompensation\":\"false\",\"usertaskassignment\":\"\",\"formkeydefinition\":\"\",\"formreference\":\"\",\"duedatedefinition\":\"\",\"prioritydefinition\":\"\",\"formproperties\":\"\",\"tasklisteners\":\"\",\"skipexpression\":\"\",\"categorydefinition\":\"\"},\"stencil\":{\"id\":\"UserTask\"},\"childShapes\":[],\"outgoing\":[{\"resourceId\":\"sid-9AE7E1E2-6ED5-4A13-AB8E-3EF4DA13D991\"}],\"bounds\":{\"lowerRight\":{\"x\":735,\"y\":218},\"upperLeft\":{\"x\":635,\"y\":138}},\"dockers\":[]},{\"resourceId\":\"sid-660A7395-FB9C-4EA9-875C-B8F4F4BBD72A\",\"properties\":{\"overrideid\":\"\",\"name\":\"\",\"documentation\":\"\",\"conditionsequenceflow\":\"\",\"executionlisteners\":\"\",\"defaultflow\":\"false\",\"skipexpression\":\"\"},\"stencil\":{\"id\":\"SequenceFlow\"},\"childShapes\":[],\"outgoing\":[{\"resourceId\":\"sid-4A381B83-A48D-47FE-947D-E8221297E0F4\"}],\"bounds\":{\"lowerRight\":{\"x\":634.8007907843881,\"y\":178.41360197940782},\"upperLeft\":{\"x\":590.2851467156119,\"y\":178.21921052059218}},\"dockers\":[{\"x\":20.5,\"y\":20.5},{\"x\":50,\"y\":40}],\"target\":{\"resourceId\":\"sid-4A381B83-A48D-47FE-947D-E8221297E0F4\"}},{\"resourceId\":\"sid-71ED6146-5BC7-4EF1-9B3C-6B13EB3A9CFC\",\"properties\":{\"overrideid\":\"\",\"name\":\"\",\"documentation\":\"\",\"executionlisteners\":\"\"},\"stencil\":{\"id\":\"EndNoneEvent\"},\"childShapes\":[],\"outgoing\":[],\"bounds\":{\"lowerRight\":{\"x\":808,\"y\":192},\"upperLeft\":{\"x\":780,\"y\":164}},\"dockers\":[]},{\"resourceId\":\"sid-9AE7E1E2-6ED5-4A13-AB8E-3EF4DA13D991\",\"properties\":{\"overrideid\":\"\",\"name\":\"\",\"documentation\":\"\",\"conditionsequenceflow\":\"\",\"executionlisteners\":\"\",\"defaultflow\":\"false\",\"skipexpression\":\"\"},\"stencil\":{\"id\":\"SequenceFlow\"},\"childShapes\":[],\"outgoing\":[{\"resourceId\":\"sid-71ED6146-5BC7-4EF1-9B3C-6B13EB3A9CFC\"}],\"bounds\":{\"lowerRight\":{\"x\":779.375,\"y\":178},\"upperLeft\":{\"x\":735.390625,\"y\":178}},\"dockers\":[{\"x\":50,\"y\":40},{\"x\":14,\"y\":14}],\"target\":{\"resourceId\":\"sid-71ED6146-5BC7-4EF1-9B3C-6B13EB3A9CFC\"}}],\"stencil\":{\"id\":\"BPMNDiagram\"},\"stencilset\":{\"namespace\":\"http://b3mn.org/stencilset/bpmn2.0#\",\"url\":\"../editor/stencilsets/bpmn2.0/bpmn2.0.json\"}}', 0x89504E470D0A1A0A0000000D49484452000001160000002C0806000000A0DB9730000004BA4944415478DAED9D3D485B5114C71DC4D9A143870E1D3A74E8D8A550D0A14306A54BC5AF24C658B57E41966E45FC40525D042B66715028B49AADB42218838915020E452928B5553A84A2566263634C63BC3D27BC57A2351A5F9E24F7E5FF83CB0349BCE477DE3DEFBC7B6FF28A8A0000000000000000000000000080B308218A373737DD814020313F3F2FE6E6E672D23C1E8FF0FBFD3FA999E1155EE1547238508B8B8B62676747C462B19CB6DDDD5DE1F3F97E51E09EC02BBCC2A9C470F6570375100A8A950FCF93C71C062C465785357885573895182E2955519FE77A92C1E2632EAF0614AC38BCC22B9C4A0CDF33AA9236964693C1E2638E8325E0155EE1D420C1FAB2F42A192C3E2258F00AA7482C59078B8374B6193858A5F02A9FD702752AFF55205FDA3507CB444D28477895C86B013A45629124588FA885A80D2BC70A7895C76B2138B5D96CA5353535CFA8F5D4D6D63AEAEBEB6FE92E92FEF10D8BC5F2DA6AB586A82361369B0F9B9B9BBDD5D5D5F7102C4D57D4D4935E1D0C260C0239BC1ADD298DF7A734B693633DA5C5A9B938E1E8D5C95D4A28BF272626E2C1605030BC86EF76BB85DD6EFFD3DEDEEE44B0AE7C45355D32283008F2D8AB919DD27877AAC9C4E974C6A6A6A6C4E8E8A8A8ABAB3B51FEBE45ED76569D94979717B7B5B5EDF22EC3F3D8DBDB131D1D1D714A303D08D695AFA8990E0E78CD33AF46754A49C5C49549434343627575F5D4580F8542A2AFAF4FAD5EB6F82E4673478383837D03030327E20238B93436361E657B5B64F00190E9C9ADFB15165EF5F76A54A7943096397178BDDE73C7FAF1F1716A727169EEA8BBBBFB5BBA6A2595E9E9E904954AEF102C5D4E6A5DAFB0F0AABF57233AE5C28013466767E70927907470E562369B135CD9689ED06D696989F37CCA65F06B28B11C68CC926B3CF36CB460F1E7AAACAC7CA92C7D0E5FF1EDC3CAFB4AB371CA278B91BCAA9FABACACEC412EBD1AF15CA5F69E138BCBE5BA74BC8F8C8CF044AEE0D522AD1D8A4C3933837CE596AFC1CAF673D1201025252542EB95155ED37BD55AB1C069FAC693B599DCA128AFD736B7DAD4D414E539944C2A16EA641FE525E65830C722A75365CF4A4615CBD0D0D01EBF962AE24E4D9D7575757D9C9999B9B4A3C9C9C9AF5416BD41B0B02A845521399D565555DDE179132A26E2E17038ED585F5F5FE7690FAE58A29A5786E88D0FED76FBE145F32C3E9F2F421DED64B5FC84FD16D8C7827D2CF9B02AE4E64AA4BFBFFF4F2412F96FACF3420EAF006755ADA8582C9617369B2D3A3B3B2BD4DB223E060201D1DBDB7B60B55A37F4D8818B1DA2D8792B8B57A33AA5AAE5A6B2012EB9F9756C6C2CC1732EE3E3E3C2E1701CABF33034DE87798F5BD622B972696D6DF5508209F33FA6647244B7492B5436B5EAD24111BED3724DFDC02B9C6A492E6E650BFFA9895D4A289FE828D74F60E25BB8F02A8BD74270AACCB9FCFB12221DEF17C948817E15BD145EE5F38A9F4D4062C12FC8C12B9C22B12058F00AA7482C0816BC22B1C0693E93FA48853C6951A33DFE035EE1B4E0F0FBFD3FF2E1C9726A0B06836F8DF010287885D382C6EBF53E5E5858D8DFDEDE3ECC75F6E740793C9EEF46786C25BCC269C143722A28F32E735997AB076D2B7DAF192950F00AA7000000000000000000000000000000000000000000000000D091BF62DB269DC5AEE2EC0000000049454E44AE426082, 0, NULL);
INSERT INTO `ACT_DE_MODEL` VALUES ('6d49ee97-5f77-11ea-9661-00163e2e65eb', 'ceshi', '111', '', NULL, '2020-03-06 14:55:12.740000', 'admin', '2020-03-06 14:55:12.740000', 'admin', 1, '{\"id\":\"canvas\",\"resourceId\":\"canvas\",\"stencilset\":{\"namespace\":\"http://b3mn.org/stencilset/bpmn2.0#\"},\"properties\":{\"process_id\":\"111\",\"name\":\"ceshi\"},\"childShapes\":[{\"bounds\":{\"lowerRight\":{\"x\":130,\"y\":193},\"upperLeft\":{\"x\":100,\"y\":163}},\"childShapes\":[],\"dockers\":[],\"outgoing\":[],\"resourceId\":\"startEvent1\",\"stencil\":{\"id\":\"StartNoneEvent\"}}]}', 0x89504E470D0A1A0A0000000D494844520000002D0000002D08060000003A1AE29A000002E04944415478DAED58DF6B526118DEC52EFA23BA080AEACFF08F48747A5051F157F3D74C10744CA6178A8C5D0B42188B2E4236314B6585919814132744B46A3936E7C19B31AA63FEC8AFF71D79135DCC73BEF38DE03C7038777ECF7978BEE77D5E1716142850F0FF821072ADDD6EDBB3D9ECAB442271EEF178C626938968B55AC271DCD4E9740EC3E1F0613299DC82E7F69593CDE5720F63B1D8D8E7F391743A4D1A8D06E976BB6430181004BEFBFD3ED9DBDB23F051C4EBF54EFD7E7FC766B35999130672E6783CFE33180C5E109A4C26E4B268B55A24140A4DEC76FB07B55A7D8B85BA8BF97CFEA5C3E1208542612EB27FA3542A11B3D92CC8AA3A12AE56AB6FDD6E373938382034D0E97408082058ADD67BB290468591307A9426F0F740ED6F4B4B4B1C750FA3256829FC2FC50D06C31910BF432D25D6D7D787E86139512C1605BD5EFF860AE9EDEDED479812A3D188C80D97CBC54BB609AA8C398CB1C602FBFBFB43C96AE3A4C3CB2725DAE605C4200FD3F48668D2389A33990C6189CDCDCD1690BE2F9A3476091CCD2C51AFD73B40BA209A34969F5EAFC79434CFF37D207D2C9A34B6B559F961053C0F480F4493C67A7915C0734593361A8D53D64A0B82C04B521AE26EC8DAD3A7A7A71F25797A7575F513EBF42897CBCF24A5472A95CAB0CEE9B5B5B5A2A49C8E4422379797977F319C88039D4EF745D24444ACACAC7C66D53DC01A5B40F8B5E49667B158D4814060CC40ED3350B9496D198025B42D779FC6FB832AAB54AA452AA4D163B884CAB5B9409BCCC3193D6A9BCB0C1CC7E941F11FB477C49393931AD8E288FA8E38031474332EA1B414478591B046A309C9FADF071CA005D5CF777676BE4BB89C671B1B1B0FD012F09898FCC3841E07855E805DF866B329CC93C3954AE5317CF43BBC74D43D7C49F277913C54D83E2C0CEF6BB5DA51B7DBEDCD4A16961FEC12BBBBBB4FA3D1E873B0D721924575A9A58404AF5F07D57C40E6093C5FB1A561BDFCF33EC62E81A359F2A453A0408102050AE4C66FB109509232650D3B0000000049454E44AE426082, 0, NULL);
INSERT INTO `ACT_DE_MODEL` VALUES ('6dbad7f4-5d36-11ea-9661-00163e2e65eb', 'jsit', 'jsit', 'wef', NULL, '2020-03-03 18:04:53.873000', 'admin', '2020-03-03 18:04:53.873000', 'admin', 1, '{\"id\":\"canvas\",\"resourceId\":\"canvas\",\"stencilset\":{\"namespace\":\"http://b3mn.org/stencilset/bpmn2.0#\"},\"properties\":{\"process_id\":\"jsit\",\"name\":\"jsit\",\"documentation\":\"wef\"},\"childShapes\":[{\"bounds\":{\"lowerRight\":{\"x\":130,\"y\":193},\"upperLeft\":{\"x\":100,\"y\":163}},\"childShapes\":[],\"dockers\":[],\"outgoing\":[],\"resourceId\":\"startEvent1\",\"stencil\":{\"id\":\"StartNoneEvent\"}}]}', 0x89504E470D0A1A0A0000000D494844520000002D0000002D08060000003A1AE29A000002E04944415478DAED58DF6B526118DEC52EFA23BA080AEACFF08F48747A5051F157F3D74C10744CA6178A8C5D0B42188B2E4236314B6585919814132744B46A3936E7C19B31AA63FEC8AFF71D79135DCC73BEF38DE03C7038777ECF7978BEE77D5E1716142850F0FF821072ADDD6EDBB3D9ECAB442271EEF178C626938968B55AC271DCD4E9740EC3E1F0613299DC82E7F69593CDE5720F63B1D8D8E7F391743A4D1A8D06E976BB6430181004BEFBFD3ED9DBDB23F051C4EBF54EFD7E7FC766B35999130672E6783CFE33180C5E109A4C26E4B268B55A24140A4DEC76FB07B55A7D8B85BA8BF97CFEA5C3E1208542612EB27FA3542A11B3D92CC8AA3A12AE56AB6FDD6E373938382034D0E97408082058ADD67BB290468591307A9426F0F740ED6F4B4B4B1C750FA3256829FC2FC50D06C31910BF432D25D6D7D787E86139512C1605BD5EFF860AE9EDEDED479812A3D188C80D97CBC54BB609AA8C398CB1C602FBFBFB43C96AE3A4C3CB2725DAE605C4200FD3F48668D2389A33990C6189CDCDCD1690BE2F9A3476091CCD2C51AFD73B40BA209A34969F5EAFC79434CFF37D207D2C9A34B6B559F961053C0F480F4493C67A7915C0734593361A8D53D64A0B82C04B521AE26EC8DAD3A7A7A71F25797A7575F513EBF42897CBCF24A5472A95CAB0CEE9B5B5B5A2A49C8E4422379797977F319C88039D4EF745D24444ACACAC7C66D53DC01A5B40F8B5E49667B158D4814060CC40ED3350B9496D198025B42D779FC6FB832AAB54AA452AA4D163B884CAB5B9409BCCC3193D6A9BCB0C1CC7E941F11FB477C49393931AD8E288FA8E38031474332EA1B414478591B046A309C9FADF071CA005D5CF777676BE4BB89C671B1B1B0FD012F09898FCC3841E07855E805DF866B329CC93C3954AE5317CF43BBC74D43D7C49F277913C54D83E2C0CEF6BB5DA51B7DBEDCD4A16961FEC12BBBBBB4FA3D1E873B0D721924575A9A58404AF5F07D57C40E6093C5FB1A561BDFCF33EC62E81A359F2A453A0408102050AE4C66FB109509232650D3B0000000049454E44AE426082, 0, NULL);
INSERT INTO `ACT_DE_MODEL` VALUES ('7671c4cd-5de6-11ea-9661-00163e2e65eb', 'tttt', 'ttt', 'ttt', NULL, '2020-03-04 15:04:59.918000', 'admin', '2020-03-04 15:04:59.918000', 'admin', 1, '{\"id\":\"canvas\",\"resourceId\":\"canvas\",\"stencilset\":{\"namespace\":\"http://b3mn.org/stencilset/bpmn2.0#\"},\"properties\":{\"process_id\":\"ttt\",\"name\":\"tttt\",\"documentation\":\"ttt\"},\"childShapes\":[{\"bounds\":{\"lowerRight\":{\"x\":130,\"y\":193},\"upperLeft\":{\"x\":100,\"y\":163}},\"childShapes\":[],\"dockers\":[],\"outgoing\":[],\"resourceId\":\"startEvent1\",\"stencil\":{\"id\":\"StartNoneEvent\"}}]}', 0x89504E470D0A1A0A0000000D494844520000002D0000002D08060000003A1AE29A000002E04944415478DAED58DF6B526118DEC52EFA23BA080AEACFF08F48747A5051F157F3D74C10744CA6178A8C5D0B42188B2E4236314B6585919814132744B46A3936E7C19B31AA63FEC8AFF71D79135DCC73BEF38DE03C7038777ECF7978BEE77D5E1716142850F0FF821072ADDD6EDBB3D9ECAB442271EEF178C626938968B55AC271DCD4E9740EC3E1F0613299DC82E7F69593CDE5720F63B1D8D8E7F391743A4D1A8D06E976BB6430181004BEFBFD3ED9DBDB23F051C4EBF54EFD7E7FC766B35999130672E6783CFE33180C5E109A4C26E4B268B55A24140A4DEC76FB07B55A7D8B85BA8BF97CFEA5C3E1208542612EB27FA3542A11B3D92CC8AA3A12AE56AB6FDD6E373938382034D0E97408082058ADD67BB290468591307A9426F0F740ED6F4B4B4B1C750FA3256829FC2FC50D06C31910BF432D25D6D7D787E86139512C1605BD5EFF860AE9EDEDED479812A3D188C80D97CBC54BB609AA8C398CB1C602FBFBFB43C96AE3A4C3CB2725DAE605C4200FD3F48668D2389A33990C6189CDCDCD1690BE2F9A3476091CCD2C51AFD73B40BA209A34969F5EAFC79434CFF37D207D2C9A34B6B559F961053C0F480F4493C67A7915C0734593361A8D53D64A0B82C04B521AE26EC8DAD3A7A7A71F25797A7575F513EBF42897CBCF24A5472A95CAB0CEE9B5B5B5A2A49C8E4422379797977F319C88039D4EF745D24444ACACAC7C66D53DC01A5B40F8B5E49667B158D4814060CC40ED3350B9496D198025B42D779FC6FB832AAB54AA452AA4D163B884CAB5B9409BCCC3193D6A9BCB0C1CC7E941F11FB477C49393931AD8E288FA8E38031474332EA1B414478591B046A309C9FADF071CA005D5CF777676BE4BB89C671B1B1B0FD012F09898FCC3841E07855E805DF866B329CC93C3954AE5317CF43BBC74D43D7C49F277913C54D83E2C0CEF6BB5DA51B7DBEDCD4A16961FEC12BBBBBB4FA3D1E873B0D721924575A9A58404AF5F07D57C40E6093C5FB1A561BDFCF33EC62E81A359F2A453A0408102050AE4C66FB109509232650D3B0000000049454E44AE426082, 0, NULL);
INSERT INTO `ACT_DE_MODEL` VALUES ('77a96c4f-5ea8-11ea-9661-00163e2e65eb', 'hss', 'hss', '', NULL, '2020-03-05 14:13:44.326000', 'admin', '2020-03-05 14:14:19.881000', 'admin', 1, '{\"modelId\":\"77a96c4f-5ea8-11ea-9661-00163e2e65eb\",\"bounds\":{\"lowerRight\":{\"x\":1200,\"y\":1050},\"upperLeft\":{\"x\":0,\"y\":0}},\"properties\":{\"process_id\":\"hss\",\"name\":\"hss\",\"documentation\":\"\",\"process_author\":\"\",\"process_version\":\"\",\"process_namespace\":\"http://www.flowable.org/processdef\",\"process_historylevel\":\"\",\"isexecutable\":true,\"dataproperties\":\"\",\"executionlisteners\":\"\",\"eventlisteners\":\"\",\"signaldefinitions\":\"\",\"messagedefinitions\":\"\",\"process_potentialstarteruser\":\"\",\"process_potentialstartergroup\":\"\",\"iseagerexecutionfetch\":\"false\"},\"childShapes\":[{\"resourceId\":\"startEvent1\",\"properties\":{\"overrideid\":\"\",\"name\":\"\",\"documentation\":\"\",\"executionlisteners\":\"\",\"initiator\":\"\",\"formkeydefinition\":\"\",\"formreference\":\"\",\"formproperties\":\"\"},\"stencil\":{\"id\":\"StartNoneEvent\"},\"childShapes\":[],\"outgoing\":[{\"resourceId\":\"sid-1CED1CD9-B1C4-4D4B-A1B2-6488785A3942\"}],\"bounds\":{\"lowerRight\":{\"x\":130,\"y\":193},\"upperLeft\":{\"x\":100,\"y\":163}},\"dockers\":[]},{\"resourceId\":\"sid-E7F7EA1A-C1B8-4807-A6A2-9768D873838D\",\"properties\":{\"overrideid\":\"\",\"name\":\"\",\"documentation\":\"\",\"asynchronousdefinition\":\"false\",\"exclusivedefinition\":\"false\",\"executionlisteners\":\"\",\"multiinstance_type\":\"None\",\"multiinstance_cardinality\":\"\",\"multiinstance_collection\":\"\",\"multiinstance_variable\":\"\",\"multiinstance_condition\":\"\",\"isforcompensation\":\"false\",\"usertaskassignment\":\"\",\"formkeydefinition\":\"\",\"formreference\":\"\",\"duedatedefinition\":\"\",\"prioritydefinition\":\"\",\"formproperties\":\"\",\"tasklisteners\":\"\",\"skipexpression\":\"\",\"categorydefinition\":\"\"},\"stencil\":{\"id\":\"UserTask\"},\"childShapes\":[],\"outgoing\":[{\"resourceId\":\"sid-557FA69E-1A67-4A4A-89F0-BA2A99D8B9CC\"}],\"bounds\":{\"lowerRight\":{\"x\":352.5,\"y\":213},\"upperLeft\":{\"x\":252.5,\"y\":133}},\"dockers\":[]},{\"resourceId\":\"sid-44275766-6F40-43A5-BB75-56B4D7A3A526\",\"properties\":{\"overrideid\":\"\",\"name\":\"\",\"documentation\":\"\",\"executionlisteners\":\"\"},\"stencil\":{\"id\":\"EndNoneEvent\"},\"childShapes\":[],\"outgoing\":[],\"bounds\":{\"lowerRight\":{\"x\":573.5,\"y\":186},\"upperLeft\":{\"x\":545.5,\"y\":158}},\"dockers\":[]},{\"resourceId\":\"sid-1CED1CD9-B1C4-4D4B-A1B2-6488785A3942\",\"properties\":{\"overrideid\":\"\",\"name\":\"\",\"documentation\":\"\",\"conditionsequenceflow\":\"\",\"executionlisteners\":\"\",\"defaultflow\":\"false\",\"skipexpression\":\"\"},\"stencil\":{\"id\":\"SequenceFlow\"},\"childShapes\":[],\"outgoing\":[{\"resourceId\":\"sid-E7F7EA1A-C1B8-4807-A6A2-9768D873838D\"}],\"bounds\":{\"lowerRight\":{\"x\":251.69566786603824,\"y\":177.58271780976102},\"upperLeft\":{\"x\":130.64808213396176,\"y\":174.35478219023898}},\"dockers\":[{\"x\":15,\"y\":15},{\"x\":50,\"y\":40}],\"target\":{\"resourceId\":\"sid-E7F7EA1A-C1B8-4807-A6A2-9768D873838D\"}},{\"resourceId\":\"sid-557FA69E-1A67-4A4A-89F0-BA2A99D8B9CC\",\"properties\":{\"overrideid\":\"\",\"name\":\"\",\"documentation\":\"\",\"conditionsequenceflow\":\"\",\"executionlisteners\":\"\",\"defaultflow\":\"false\",\"skipexpression\":\"\"},\"stencil\":{\"id\":\"SequenceFlow\"},\"childShapes\":[],\"outgoing\":[{\"resourceId\":\"sid-44275766-6F40-43A5-BB75-56B4D7A3A526\"}],\"bounds\":{\"lowerRight\":{\"x\":545.4492263200514,\"y\":172.8047027288718},\"upperLeft\":{\"x\":352.69139867994863,\"y\":172.0546722711282}},\"dockers\":[{\"x\":50,\"y\":40},{\"x\":14,\"y\":14}],\"target\":{\"resourceId\":\"sid-44275766-6F40-43A5-BB75-56B4D7A3A526\"}}],\"stencil\":{\"id\":\"BPMNDiagram\"},\"stencilset\":{\"namespace\":\"http://b3mn.org/stencilset/bpmn2.0#\",\"url\":\"../editor/stencilsets/bpmn2.0/bpmn2.0.json\"}}', 0x89504E470D0A1A0A0000000D49484452000001070000003908060000003BACEECE000005F54944415478DAED9B4D4C635514C7C764125D98E84E1726BA30711626BA30D185892C4C9438C9B898F2D1D242D336200169237EA44C23D4103590482206EB90204A984958880B8342CB9412B049C56192621D308C9A20030CE1634C4B4BDBEB39F5BDC98B82D0F6B5E3A3FF5F72526E69798F777B7FEFDC736F4F9D02000000000000000000000000A05D8410A79797974782C160CAE7F389898909CD85D7EB158140E016450D7A14009560314C4F4F8BF5F575118FC7351B1B1B1B626A6A6A8744711EBD0A800A70C6A07531280411A74C22825E054005782AA11C60E1EF5CE2DA376F66E2F6D68AE6044172D847AF02A0023C67570E2E590C1C912B1F6A510E02BD0A4081E5109E68871C00801CFE2D87A5995EC80100C8E1EFB8F1C31777E4A0C5A224E4004001E4C0054865E6B038F331E40040A9CB8145A0148332B4B46A013900A0B21C0E1383D6A61890030005AA39683D2007002007C841A39495959DAEA8A878B1AAAAAA95A29DE2426565E5D9BABABAFB70752007C8A104A1C1FF607575F5FB2483550A7140C4E8F797F47AFDD3B85A9003E45022E874BA8769F0876411381C8E94C7E31123232362707050B85C2EA524F64912765C35C8017228818C81A60D5779E0B7B4B4A416161644329914FF64737353F4F5F52925F19EEA274216FA844EE20F93C994E483509A926E6868F8C56AB5BAF8F7E82EC801140F692AC16248F337808FC2EFF7F3984DF17BB816A1CA49F4F4F4BC61B3D912DDDDDD22180C8A582C9639183F86422141CFEFD5D6D66EAB7640C801720047161F69906FF040E78CE1B88C8D8DA5A4EC6189FF465E27D1D5D535D8D4D4949E9B9BFBCF83F2099240A20683E12D741DE4000A8BB42AC13586F4415389C3482412C26C36FF29650FCFE52386D7490CA9E3A42C0CBFCE62B16C51BAF32AE4003900F5906A0B0D3A9DEE7E6E4BCB95A2BFBF5F640BBD6787DF9B7371926B083C95989F9FCFEAC0E170384EF39AF552AA4150C77D4517FA65C801140A4531F136C500C567DCE655896CE1F7487FAB3DA79371BBDD17B9C6900B6D6D6DD7D96C25D47131E962AF92282ED2E333274D0E87AC9F23EE72E49239F012A7F4FEDCC6A8DD6EBFC9C5C75C989D9D5DE3B5D7BB3C66EFE19D619CC1486BC18FD1DDFD0C6F04E1B916B5CBF86ECF53206A53B3AA8ED3364EB5A8FD8EB4C3EC036AF750FB53FAF9738ACB14A3D4FE961EFD14418A798A84A2C3E2DC46E600D49E565034C919397F76F9F3E6743AB31E9FCDCDCD89BC6A0E353535297955225BF87D74E0FD620D4E7ACDCFF4F82BC54D8A6D8A3D8A34DFD1E9B55BD2CEB11B141169EEF63DC5158A31694A70494AD5FAA8FD91B444F42EC5DBD46EA1763D452DB5A959798EFE8797A8FD02B59FA5F653F4B848ED217E8EFED707CACBCBEF851C40A1572BE8F396A91D1CB726C8F0C2829CE5E6BCAD9AFF40AEA4D3E93BDB368B313869403E41CF3D4ACF3D240FCE6276D441171972004598CE7EC9E3ACB7B7F758E3923743F1CA635EC548C66834EEEFEEEEE6248768347A8BC580D50AC8011474AAF1A4942567FAE72831B8DD6EF9A61DCA6B8F0319263C333393931CC6C7C739E59F861C20075058380390EB5DA3A3A3997D0C074D25E48C813378CAAE1FCFEBA066B3F935A7D399C86683858CD56AFD918B279003E4008A32BDB8200BC262B124790543FEE2156FAD5614CB435CF753A5E0515F5F1F191E1E4E6523068FC7738D6B0AA5FE1D72C801141369C7E4D2214B9EAB9C61E4BD5D5A09AF32D86CB69D81810171D4CA05A733BCF34AAFD7FF6E30181E29F5CE821C40B1E1C1CFAB81D2548357FB5A7965B060376A16446B6BEB4F345548739AC2DFA1507EF16A7171510C0D0DF17EED3D93C9340531400EA0C4E8E8E878A5B3B333E870386246A33193AE9008446363E38EDD6EFF9A6CF53CAE12E40000801C00009003E40000E40039000039400E00400E9003009003E400C0FF1A9FCF7792E4102339ECA3570150814020B0CADFB33F0972585959B94C7288A057015081C9C9C9737EBF7F7B6D6D2DAAE58C81C5E0F57A7FA3388F5E05402568409DA53B6E8853729EB36B30F8BC231003000000000000000000000000000000000000000000000000003839FC05D109FCAE0BD013F30000000049454E44AE426082, 0, NULL);
INSERT INTO `ACT_DE_MODEL` VALUES ('78721374-5f6c-11ea-9661-00163e2e65eb', '兔兔流', 'tutuliu01', '', NULL, '2020-03-06 13:36:47.000000', 'admin', '2020-03-06 13:45:01.435000', 'admin', 1, '{\"modelId\":\"78721374-5f6c-11ea-9661-00163e2e65eb\",\"bounds\":{\"lowerRight\":{\"x\":1200,\"y\":1050},\"upperLeft\":{\"x\":0,\"y\":0}},\"properties\":{\"process_id\":\"tutuliu01\",\"name\":\"兔兔流\",\"documentation\":\"\",\"process_author\":\"\",\"process_version\":\"\",\"process_namespace\":\"http://www.flowable.org/processdef\",\"process_historylevel\":\"\",\"isexecutable\":true,\"dataproperties\":\"\",\"executionlisteners\":\"\",\"eventlisteners\":\"\",\"signaldefinitions\":\"\",\"messagedefinitions\":\"\",\"process_potentialstarteruser\":\"\",\"process_potentialstartergroup\":\"\",\"iseagerexecutionfetch\":\"false\"},\"childShapes\":[{\"resourceId\":\"startEvent1\",\"properties\":{\"overrideid\":\"\",\"name\":\"\",\"documentation\":\"\",\"executionlisteners\":\"\",\"initiator\":\"\",\"formkeydefinition\":\"\",\"formreference\":\"\",\"formproperties\":\"\"},\"stencil\":{\"id\":\"StartNoneEvent\"},\"childShapes\":[],\"outgoing\":[{\"resourceId\":\"sid-008D3062-17D8-4F90-81D5-E5C1B31E3073\"}],\"bounds\":{\"lowerRight\":{\"x\":130,\"y\":193},\"upperLeft\":{\"x\":100,\"y\":163}},\"dockers\":[]},{\"resourceId\":\"sid-C32C6036-1846-4855-881E-AC236D9AA03A\",\"properties\":{\"overrideid\":\"\",\"name\":\"发起申请\",\"documentation\":\"\",\"asynchronousdefinition\":\"false\",\"exclusivedefinition\":\"false\",\"executionlisteners\":\"\",\"multiinstance_type\":\"None\",\"multiinstance_cardinality\":\"\",\"multiinstance_collection\":\"\",\"multiinstance_variable\":\"\",\"multiinstance_condition\":\"\",\"isforcompensation\":\"false\",\"usertaskassignment\":{\"assignment\":{\"type\":\"idm\",\"idm\":{\"type\":\"initiator\"}}},\"formkeydefinition\":\"\",\"formreference\":{\"id\":\"f654ca85-5f6c-11ea-9661-00163e2e65eb\",\"name\":\"兔兔流表1\",\"key\":\"tutuliubiao01\"},\"duedatedefinition\":\"\",\"prioritydefinition\":\"\",\"formproperties\":\"\",\"tasklisteners\":\"\",\"skipexpression\":\"\",\"categorydefinition\":\"\"},\"stencil\":{\"id\":\"UserTask\"},\"childShapes\":[],\"outgoing\":[{\"resourceId\":\"sid-54A2CB39-0536-46FF-8B9D-57F629CCCEED\"}],\"bounds\":{\"lowerRight\":{\"x\":339.5,\"y\":214},\"upperLeft\":{\"x\":239.5,\"y\":134}},\"dockers\":[]},{\"resourceId\":\"sid-008D3062-17D8-4F90-81D5-E5C1B31E3073\",\"properties\":{\"overrideid\":\"\",\"name\":\"\",\"documentation\":\"\",\"conditionsequenceflow\":\"\",\"executionlisteners\":\"\",\"defaultflow\":\"false\",\"skipexpression\":\"\"},\"stencil\":{\"id\":\"SequenceFlow\"},\"childShapes\":[],\"outgoing\":[{\"resourceId\":\"sid-C32C6036-1846-4855-881E-AC236D9AA03A\"}],\"bounds\":{\"lowerRight\":{\"x\":239.42213762013273,\"y\":177.6489583838426},\"upperLeft\":{\"x\":130.31419050486727,\"y\":175.1479166161574}},\"dockers\":[{\"x\":15,\"y\":15},{\"x\":50,\"y\":40}],\"target\":{\"resourceId\":\"sid-C32C6036-1846-4855-881E-AC236D9AA03A\"}},{\"resourceId\":\"sid-739B5626-4772-4A8B-8AF6-2C3F0E683B62\",\"properties\":{\"overrideid\":\"\",\"name\":\"审批\",\"documentation\":\"\",\"asynchronousdefinition\":\"false\",\"exclusivedefinition\":\"false\",\"executionlisteners\":\"\",\"multiinstance_type\":\"None\",\"multiinstance_cardinality\":\"\",\"multiinstance_collection\":\"\",\"multiinstance_variable\":\"\",\"multiinstance_condition\":\"\",\"isforcompensation\":\"false\",\"usertaskassignment\":{\"assignment\":{\"type\":\"idm\",\"idm\":{\"type\":\"groups\",\"candidateGroups\":[{\"id\":\"dept\",\"name\":\"部门经理\",\"$$hashKey\":\"object:3216\"}]}}},\"formkeydefinition\":\"\",\"formreference\":{\"id\":\"f654ca85-5f6c-11ea-9661-00163e2e65eb\",\"name\":\"兔兔流表1\",\"key\":\"tutuliubiao01\"},\"duedatedefinition\":\"\",\"prioritydefinition\":\"\",\"formproperties\":\"\",\"tasklisteners\":\"\",\"skipexpression\":\"\",\"categorydefinition\":\"\"},\"stencil\":{\"id\":\"UserTask\"},\"childShapes\":[],\"outgoing\":[{\"resourceId\":\"sid-0986EB2E-AE29-42D2-85B1-4B9C72C715C6\"}],\"bounds\":{\"lowerRight\":{\"x\":484.5,\"y\":214},\"upperLeft\":{\"x\":384.5,\"y\":134}},\"dockers\":[]},{\"resourceId\":\"sid-54A2CB39-0536-46FF-8B9D-57F629CCCEED\",\"properties\":{\"overrideid\":\"\",\"name\":\"\",\"documentation\":\"\",\"conditionsequenceflow\":\"\",\"executionlisteners\":\"\",\"defaultflow\":\"false\",\"skipexpression\":\"\"},\"stencil\":{\"id\":\"SequenceFlow\"},\"childShapes\":[],\"outgoing\":[{\"resourceId\":\"sid-739B5626-4772-4A8B-8AF6-2C3F0E683B62\"}],\"bounds\":{\"lowerRight\":{\"x\":383.65625,\"y\":174},\"upperLeft\":{\"x\":340.34375,\"y\":174}},\"dockers\":[{\"x\":50,\"y\":40},{\"x\":50,\"y\":40}],\"target\":{\"resourceId\":\"sid-739B5626-4772-4A8B-8AF6-2C3F0E683B62\"}},{\"resourceId\":\"sid-D09482FD-F8A1-4E30-A898-B5F0D82CB82F\",\"properties\":{\"overrideid\":\"\",\"name\":\"\",\"documentation\":\"\",\"executionlisteners\":\"\"},\"stencil\":{\"id\":\"EndNoneEvent\"},\"childShapes\":[],\"outgoing\":[],\"bounds\":{\"lowerRight\":{\"x\":557.5,\"y\":188},\"upperLeft\":{\"x\":529.5,\"y\":160}},\"dockers\":[]},{\"resourceId\":\"sid-0986EB2E-AE29-42D2-85B1-4B9C72C715C6\",\"properties\":{\"overrideid\":\"\",\"name\":\"\",\"documentation\":\"\",\"conditionsequenceflow\":\"\",\"executionlisteners\":\"\",\"defaultflow\":\"false\",\"skipexpression\":\"\"},\"stencil\":{\"id\":\"SequenceFlow\"},\"childShapes\":[],\"outgoing\":[{\"resourceId\":\"sid-D09482FD-F8A1-4E30-A898-B5F0D82CB82F\"}],\"bounds\":{\"lowerRight\":{\"x\":528.875,\"y\":174},\"upperLeft\":{\"x\":484.890625,\"y\":174}},\"dockers\":[{\"x\":50,\"y\":40},{\"x\":14,\"y\":14}],\"target\":{\"resourceId\":\"sid-D09482FD-F8A1-4E30-A898-B5F0D82CB82F\"}}],\"stencil\":{\"id\":\"BPMNDiagram\"},\"stencilset\":{\"namespace\":\"http://b3mn.org/stencilset/bpmn2.0#\",\"url\":\"../editor/stencilsets/bpmn2.0/bpmn2.0.json\"}}', 0x89504E470D0A1A0A0000000D49484452000001060000003A080600000052FAF75E000006B24944415478DAED9D5B4C5C55148631E9434D34691335C6075F34F5411335FAE0832698D4074DC5C4D0A1300CD3045A2D85324829351182080D0523844B9460B818AFA14DA38946E5D202214080482B08D240030DD2012D2D0DD06180EDBFC81932218572CE30C39CE1FF9295B38161CE999FB5FFBDF6DE6786B03042082184104208218410420821C187526AD7C8C8485D4747C7526363A3AAAFAF3765343434A89696967F11B1D42D787523264192BBB5B5554D4E4E2A97CB65EA989A9A52CDCDCDB791EC91D42D387523264146BCB5C9DDF75BA6BAFC73FA4ADC991E375B92BB30120E50B7E0D48D98042983D7268927B925062E9E35DD0888047753B7E0D48D980499676E94E07DF5D9664C7045DD8253371222C670B5AD8C094EDD088DC1A5AE757FB59AE0665C4CDB2E63A06E24648D4116CDBC47BEA1B652263875233BD9182499BD93DB3BCCB4CA1E6863A06E24A48D61BDE4365B791C6863A06E6447AC31983DB66B8D81BA111A038D81BA111A03139CBA111A03139CBA058CC3870FEFB6582CFB0F1D3A7412912DC7A8A8A803F8FE1EF6501A038D618719033AFF73D1D1D1DFC5C4C4DC8119A8B5819FB9F0980BF2387F39D21E3CF9699CAC1527BB2D27C5C5CCD96CB6CBE250F8DE2334062638750B9C3168D5C15DE98BE8872A333353555757ABBABA3A555B5BABF2F2F214FAADC724DCD27FB7FA02DE47C7BF71EAD4A9BFDADADAFE999F9F57821C7B7B7B554141C17F76BBFD566C6CEC0734062638750B8829146A83F3724545859A9E9E56F762767676C52CD03797E4F13087A2ADBA806CABD57AA3BFBFFFBADA80B1B13175F4E8D1BB884F690C4C70EAE6575388940A403A3BFAA5DA0C4343432A2E2E6E519B5EC4FA5C29A04499743A9DB39B39B9BCB7FEF8F1E36E87C391436360825337BF19C39FD2C1E55C7A90C76BD38A6BE1E1E1BB0CAF29A04C710E0E0E4EEB39B9A7723878F0E0E33406263875DBF2C5C657A473C7C7C7BB1716167419C3E2E2A23A72E4C89C660EE1462FE0744646C6A03240494989CACACAFA36144D401659216A358EAF32C175E7D41F528562D07888BA19D30DED24E9D89595954B46FA665555D55DCD184E1A2D575A3B3B3BA78C9C5C1624535353A743B542F0DA0E9AC01FAA9209AE5B37D95AABA66EFA75D34C6265E7C108F27BDA73651BBA184C23663CBB0F7A91DFB3DBEDCBDBD57165FE141111F1B0CD667B0C2EFB24E219BC9E17A40CB3582CAFA3FD16DAEF22AC18F913C48511E9882C087646566E115FA05D83F801ED9F70FC5DCC12D18DAF97BDFE58AE504EF07BED8D6F555037E3213B0D46A8A9A971FB5A31285F90DFC7D33C804EF9203AE25E7CFD043AD453E888CFA2FD32E235B4DFC031021185B65DCA25442ADA1FE298A36DC99422BE447C83388FF8057111D18EE845FC8D18454C6A2391BC70379E6346FBDE28DA83DA63DBD16ED29EE33CDA5F6BCF5D8A7601E2633937C281784FAE096141BC2DD72AD307BC9697F0F821B91EB4C564F672E4DB7C492C26ECB91B8FBAE9D7CDB3C6909898B8206B067A494E4EF66D8D41EEA4F2A562D06EAC90ED9179C44DC4386218D187E8D2465F19857F9451591B9D3F477C26A3362253BBAD53E654F188186D947F535E940884781EB14FAB0A1E953998E1D5567D0BB3BBB988C6C5C7EDD04DF21BF97F553A774F4F8FAE7E79E5CA95D529B0679D473756ABB5BDBBBB7BD1E81A437A7AFA1C772598E0D4CD2F3B137207B2DC1AB0B8D9C15BAA0B87C3E1F6697DC173F29C9C9C49A3BB12C5C5C5CD3406263875F35BD52015B7CACDCDBDAF398829E4E7E72F68A6D065B85AF0DCC760B3D96E0E0F0F2BBDF7311C3B766CF9DCB9732FD21898E0D4CD3FA0733F8D4E7E5D3A7B5252D2D27AD30A993E78550A135BF2662A590C4C484898953B1A377BE7637272B22A2F2FBFC03B1F99E0D42D20E6D0EED9A9C080ECF27E13554A4A8ACB6B27A34B76E6B6ECE476BBFD8CDCC978BFCA412A053185B2B2B24EF967A534062638750BCCD63C3AFD47729BF33A5B9B13884F7C9A3E6CB010990883982B2A2A5A969265EDBB2B6106E2564BF8F9F9B01D08139CBA6DF707B58841685B99AB1FD4221FDCE2174358BBE680B9CCD913274E8CC22456E62C382EA5A5A5CD141616FE0A73D817B643618253377EB41B618253371A03618253371A036182D318680C84094E63A0311026388D81C640680C34061A03A131D018680C84C64063A03190A0A5B1B131D4127C1E09EEA66EC1A91B31092D2D2D13F206B25049F0F1F1F1EF91E003D42D38752326A1A9A9E99D4B972EDD723A9D73661FF124B91B1A1A461191D42D3875232602097100A34597949232CF3469C8B50F0432B9A91B2184104208218410420821841042082184104208218410DDFC0F8BB0CAD35B07D8A10000000049454E44AE426082, 0, NULL);
INSERT INTO `ACT_DE_MODEL` VALUES ('7909f893-5f6a-11ea-9661-00163e2e65eb', '11123', '12321321', '', NULL, '2020-03-06 13:22:29.002000', 'admin', '2020-03-06 13:23:00.685000', 'admin', 1, '{\"modelId\":\"7909f893-5f6a-11ea-9661-00163e2e65eb\",\"bounds\":{\"lowerRight\":{\"x\":1200,\"y\":1050},\"upperLeft\":{\"x\":0,\"y\":0}},\"properties\":{\"process_id\":\"12321321\",\"name\":\"11123\",\"documentation\":\"\",\"process_author\":\"\",\"process_version\":\"\",\"process_namespace\":\"http://www.flowable.org/processdef\",\"process_historylevel\":\"\",\"isexecutable\":true,\"dataproperties\":\"\",\"executionlisteners\":\"\",\"eventlisteners\":\"\",\"signaldefinitions\":\"\",\"messagedefinitions\":\"\",\"process_potentialstarteruser\":\"\",\"process_potentialstartergroup\":\"\",\"iseagerexecutionfetch\":\"false\"},\"childShapes\":[{\"resourceId\":\"startEvent1\",\"properties\":{\"overrideid\":\"\",\"name\":\"\",\"documentation\":\"\",\"executionlisteners\":\"\",\"initiator\":\"\",\"formkeydefinition\":\"\",\"formreference\":\"\",\"formproperties\":\"\"},\"stencil\":{\"id\":\"StartNoneEvent\"},\"childShapes\":[],\"outgoing\":[{\"resourceId\":\"sid-55767366-8485-49D7-9F8A-D9644FB002EF\"}],\"bounds\":{\"lowerRight\":{\"x\":130,\"y\":193},\"upperLeft\":{\"x\":100,\"y\":163}},\"dockers\":[]},{\"resourceId\":\"sid-E24568E2-72AF-4194-BD85-ED6CA6DE41FE\",\"properties\":{\"overrideid\":\"\",\"name\":\"\",\"documentation\":\"\",\"asynchronousdefinition\":\"false\",\"exclusivedefinition\":\"false\",\"executionlisteners\":\"\",\"multiinstance_type\":\"None\",\"multiinstance_cardinality\":\"\",\"multiinstance_collection\":\"\",\"multiinstance_variable\":\"\",\"multiinstance_condition\":\"\",\"isforcompensation\":\"false\",\"usertaskassignment\":\"\",\"formkeydefinition\":\"\",\"formreference\":\"\",\"duedatedefinition\":\"\",\"prioritydefinition\":\"\",\"formproperties\":\"\",\"tasklisteners\":\"\",\"skipexpression\":\"\",\"categorydefinition\":\"\"},\"stencil\":{\"id\":\"UserTask\"},\"childShapes\":[],\"outgoing\":[{\"resourceId\":\"sid-9A108FF0-3310-4F3C-8820-0D9F085928F5\"}],\"bounds\":{\"lowerRight\":{\"x\":275,\"y\":218},\"upperLeft\":{\"x\":175,\"y\":138}},\"dockers\":[]},{\"resourceId\":\"sid-55767366-8485-49D7-9F8A-D9644FB002EF\",\"properties\":{\"overrideid\":\"\",\"name\":\"\",\"documentation\":\"\",\"conditionsequenceflow\":\"\",\"executionlisteners\":\"\",\"defaultflow\":\"false\",\"skipexpression\":\"\"},\"stencil\":{\"id\":\"SequenceFlow\"},\"childShapes\":[],\"outgoing\":[{\"resourceId\":\"sid-E24568E2-72AF-4194-BD85-ED6CA6DE41FE\"}],\"bounds\":{\"lowerRight\":{\"x\":174.15625,\"y\":178},\"upperLeft\":{\"x\":130.609375,\"y\":178}},\"dockers\":[{\"x\":15,\"y\":15},{\"x\":50,\"y\":40}],\"target\":{\"resourceId\":\"sid-E24568E2-72AF-4194-BD85-ED6CA6DE41FE\"}},{\"resourceId\":\"sid-64AEADF2-93D2-46D9-9C7E-9F8DDE6AF7CF\",\"properties\":{\"overrideid\":\"\",\"name\":\"\",\"documentation\":\"\",\"asynchronousdefinition\":\"false\",\"exclusivedefinition\":\"false\",\"executionlisteners\":\"\",\"multiinstance_type\":\"None\",\"multiinstance_cardinality\":\"\",\"multiinstance_collection\":\"\",\"multiinstance_variable\":\"\",\"multiinstance_condition\":\"\",\"isforcompensation\":\"false\",\"usertaskassignment\":\"\",\"formkeydefinition\":\"\",\"formreference\":\"\",\"duedatedefinition\":\"\",\"prioritydefinition\":\"\",\"formproperties\":\"\",\"tasklisteners\":\"\",\"skipexpression\":\"\",\"categorydefinition\":\"\"},\"stencil\":{\"id\":\"UserTask\"},\"childShapes\":[],\"outgoing\":[{\"resourceId\":\"sid-62E43551-779B-4E32-AAF8-6B9D9C63B60D\"}],\"bounds\":{\"lowerRight\":{\"x\":400,\"y\":218},\"upperLeft\":{\"x\":300,\"y\":138}},\"dockers\":[]},{\"resourceId\":\"sid-9A108FF0-3310-4F3C-8820-0D9F085928F5\",\"properties\":{\"overrideid\":\"\",\"name\":\"\",\"documentation\":\"\",\"conditionsequenceflow\":\"\",\"executionlisteners\":\"\",\"defaultflow\":\"false\",\"skipexpression\":\"\"},\"stencil\":{\"id\":\"SequenceFlow\"},\"childShapes\":[],\"outgoing\":[{\"resourceId\":\"sid-64AEADF2-93D2-46D9-9C7E-9F8DDE6AF7CF\"}],\"bounds\":{\"lowerRight\":{\"x\":299.1953125,\"y\":178},\"upperLeft\":{\"x\":275.8046875,\"y\":178}},\"dockers\":[{\"x\":50,\"y\":40},{\"x\":50,\"y\":40}],\"target\":{\"resourceId\":\"sid-64AEADF2-93D2-46D9-9C7E-9F8DDE6AF7CF\"}},{\"resourceId\":\"sid-9ABF548D-08C1-4084-971D-2A6EA68D5C5C\",\"properties\":{\"overrideid\":\"\",\"name\":\"\",\"documentation\":\"\",\"executionlisteners\":\"\"},\"stencil\":{\"id\":\"EndNoneEvent\"},\"childShapes\":[],\"outgoing\":[],\"bounds\":{\"lowerRight\":{\"x\":628,\"y\":193},\"upperLeft\":{\"x\":600,\"y\":165}},\"dockers\":[]},{\"resourceId\":\"sid-62E43551-779B-4E32-AAF8-6B9D9C63B60D\",\"properties\":{\"overrideid\":\"\",\"name\":\"\",\"documentation\":\"\",\"conditionsequenceflow\":\"\",\"executionlisteners\":\"\",\"defaultflow\":\"false\",\"skipexpression\":\"\"},\"stencil\":{\"id\":\"SequenceFlow\"},\"childShapes\":[],\"outgoing\":[{\"resourceId\":\"sid-9ABF548D-08C1-4084-971D-2A6EA68D5C5C\"}],\"bounds\":{\"lowerRight\":{\"x\":599.5937571739356,\"y\":178.94543089838612},\"upperLeft\":{\"x\":400.49999282606433,\"y\":178.19128785161388}},\"dockers\":[{\"x\":50,\"y\":40},{\"x\":14,\"y\":14}],\"target\":{\"resourceId\":\"sid-9ABF548D-08C1-4084-971D-2A6EA68D5C5C\"}}],\"stencil\":{\"id\":\"BPMNDiagram\"},\"stencilset\":{\"namespace\":\"http://b3mn.org/stencilset/bpmn2.0#\",\"url\":\"../editor/stencilsets/bpmn2.0/bpmn2.0.json\"}}', 0x89504E470D0A1A0A0000000D494844520000010C000000360806000000321AA7EC000004914944415478DAED9CCB4B6377148067318B2E66D16517FD53BAC8A2CB42BBF019138DBB625C48A8504B07DCBB28B819A48A8B821504294CAB0E269A071D6C3B223A2D0A165168AAC662A7628C79CCFC7A4EC82D19A933496EEE358FEF83C325CECDBD39999CEFF74CEEDD03000000000000000000007731C6DC3F383858D8D8D878198944CCEAEA6A4347381C36F178FC2F091FF902B88C164F229130A954CA64B3D9A688B3B333138BC5FE9162EA205F0017D196B6998AA7AC88B2D202EF922F808B68B7BCFC83F9EB938766FB87D1E2B1D18B480A284FBE002EA2E3E4F20FA5168F154D5040867C011006C2401880301006C2809612C6FED347C5E2D1633B08A3D5F305704618D7D7E6F9CA17AFB5B8FA58FFDE92C268937C011C114679E1DC8C561446BBE40BE0E890A499A21E439256CF170061200C68577A7B7B3F90F8B6A7A7E758C278BDDE73397E27D1E1F178EE230C8481301ABB7EA5563F9318EFEEEEFE5C8E1E476EA432901B7CE5F7FBFF5C5858F8F1FCFCFCD208E974DA44A3D18B5028743C3838F8735F5FDFFB080361208C8613C52722875D6DE4FF27F6E5DF7D7595855CF4F1E8E8E89108226F6E617979F9A5CFE7BBEAEAEAFA1061200C8471F7941AFAAF2D390483C1FCD4D4949146DFCCCECEEAE34C9938BEE9ECEC7C60FBA672A12FE5C267B95CCEBC8DCDCD4D23BD908C533D0D848130A0722C590C0C0CBC5A5A5A328542E1B57AD5C7FAF7FEFEFE6B4B1AB6A6160281C0BB52FC2F0E0F0F4DA5ACACAC181D9E3831A78130100654DCD07758B2D8D9D97963CDEEEDEDE979393DDFD6F0442EF0E9C4C4C41FA64A42A1D089BE60848130E0CE84519CB3D01E4425E879D69C46CD8DBDCFE75BDFDADA2A542B8C44229116537D5FA7C4D7ADD9DC562FA0F25C1106D45A2BA5D510333C3CFCEAE630E436F4BCA1A1A1B43EAFE67948AFD77B75717151AD2F8AAB27BAE45AA737C132DF7A1B08E3BF5CF53F1E61408DB5F2BB1EA7A7A7ABAA5B39BF3897A14BAE35BF805AB96509C756347B01912FE166E86A4835E8F9A5E78ED7BA7E7B293D8C7C0D3D8C4B79EE0943128624E0FE90A4B439ABEA1EC6CCCC4CCE6E0FE3712C16DBAA56188B8B8B4F754728939E4C7A82FBDCD91C8698A6472EB25D8D2C32998CAEEB1E3BB1ED1461200C68E05592D22ECFFDB9B9B96795DC5437778D8D8D1DC8731E39F126200C84010DBC0FC3EADE484FE3EFF9F9F9ED37756F92C9A419191939F17ABDE14020F00EC2401894EDDD52E94E4F4B16B6777ADE1813ED0783C19D4422F19B2E9B5ACBA762A7C2E4E4E491DFEFD76FAE8ED7653F3A058430C036A511C2ACB56AA2731A3A116A7D97441AF87CDDBF4B527E73EDAEE844A8AE9E94BA2F5911C54F721C919BBDE7F41B80301006D43617F9B66FABBAF1F314AE83301006D89AD7F0947E07A3F87B18BA1AD292A2401808030061902F00C2401808031006C2401880301006C2008481301006B4379148A4590B28230594275F001789C7E3C7A954AAE90A28994CCE4B01ED922F808BACADAD7D1C8D465F9C9E9E5E354B4BABC5130E878F243AC817C065E483F891B45EBF689757C7C90D1EFA1A77ED144FBBE50B00000000000000000000000000000000000000000076F817F72C70B3653CEB5E0000000049454E44AE426082, 0, NULL);
INSERT INTO `ACT_DE_MODEL` VALUES ('7daa3a3b-5ae5-11ea-9661-00163e2e65eb', '公文传输', 'gwcs', '测试', '', '2020-02-29 19:20:29.046000', 'admin', '2020-03-03 12:41:01.737000', 'admin', 2, '{\"modelId\":\"7daa3a3b-5ae5-11ea-9661-00163e2e65eb\",\"bounds\":{\"lowerRight\":{\"x\":1200,\"y\":1050},\"upperLeft\":{\"x\":0,\"y\":0}},\"properties\":{\"process_id\":\"gwcs\",\"name\":\"公文传输\",\"documentation\":\"测试\",\"process_author\":\"\",\"process_version\":\"v4.0\",\"process_namespace\":\"http://www.flowable.org/processdef\",\"process_historylevel\":\"\",\"isexecutable\":true,\"dataproperties\":\"\",\"executionlisteners\":\"\",\"eventlisteners\":\"\",\"signaldefinitions\":\"\",\"messagedefinitions\":\"\",\"process_potentialstarteruser\":\"\",\"process_potentialstartergroup\":\"\",\"iseagerexecutionfetch\":\"false\"},\"childShapes\":[{\"resourceId\":\"startEvent1\",\"properties\":{\"overrideid\":\"\",\"name\":\"\",\"documentation\":\"\",\"executionlisteners\":\"\",\"initiator\":\"\",\"formkeydefinition\":\"\",\"formreference\":\"\",\"formproperties\":\"\"},\"stencil\":{\"id\":\"StartNoneEvent\"},\"childShapes\":[],\"outgoing\":[{\"resourceId\":\"sid-FFC7BC96-C065-4B55-BF60-D5BA44B5AB5E\"}],\"bounds\":{\"lowerRight\":{\"x\":130,\"y\":193},\"upperLeft\":{\"x\":100,\"y\":163}},\"dockers\":[]},{\"resourceId\":\"sid-BBD33B63-F6E6-4407-AB4E-59C71D7AC0DF\",\"properties\":{\"overrideid\":\"\",\"name\":\"一级审批\",\"documentation\":\"\",\"asynchronousdefinition\":\"false\",\"exclusivedefinition\":\"false\",\"executionlisteners\":\"\",\"multiinstance_type\":\"None\",\"multiinstance_cardinality\":\"\",\"multiinstance_collection\":\"\",\"multiinstance_variable\":\"\",\"multiinstance_condition\":\"\",\"isforcompensation\":\"false\",\"usertaskassignment\":{\"assignment\":{\"type\":\"idm\",\"idm\":{\"type\":\"user\",\"assignee\":{\"id\":\"jsiteuser\",\"firstName\":\"普通用户\",\"lastName\":\"\",\"email\":\"\",\"fullName\":\"普通用户 \",\"$$hashKey\":\"object:1889\"}}}},\"formkeydefinition\":\"\",\"formreference\":\"\",\"duedatedefinition\":\"\",\"prioritydefinition\":\"\",\"formproperties\":\"\",\"tasklisteners\":\"\",\"skipexpression\":\"\",\"categorydefinition\":\"\"},\"stencil\":{\"id\":\"UserTask\"},\"childShapes\":[],\"outgoing\":[{\"resourceId\":\"sid-6D14E682-20DA-42FB-A2C9-0117A0F02BB6\"}],\"bounds\":{\"lowerRight\":{\"x\":265,\"y\":218},\"upperLeft\":{\"x\":165,\"y\":138}},\"dockers\":[]},{\"resourceId\":\"sid-FFC7BC96-C065-4B55-BF60-D5BA44B5AB5E\",\"properties\":{\"overrideid\":\"\",\"name\":\"\",\"documentation\":\"\",\"conditionsequenceflow\":\"\",\"executionlisteners\":\"\",\"defaultflow\":\"false\",\"skipexpression\":\"\"},\"stencil\":{\"id\":\"SequenceFlow\"},\"childShapes\":[],\"outgoing\":[{\"resourceId\":\"sid-BBD33B63-F6E6-4407-AB4E-59C71D7AC0DF\"}],\"bounds\":{\"lowerRight\":{\"x\":164.78125,\"y\":178},\"upperLeft\":{\"x\":130.0625,\"y\":178}},\"dockers\":[{\"x\":15,\"y\":15},{\"x\":50,\"y\":40}],\"target\":{\"resourceId\":\"sid-BBD33B63-F6E6-4407-AB4E-59C71D7AC0DF\"}},{\"resourceId\":\"sid-331F19F4-6B1F-4757-8146-C2F777A1936C\",\"properties\":{\"overrideid\":\"\",\"name\":\"二级审批\",\"documentation\":\"\",\"asynchronousdefinition\":\"false\",\"exclusivedefinition\":\"false\",\"executionlisteners\":\"\",\"multiinstance_type\":\"None\",\"multiinstance_cardinality\":\"\",\"multiinstance_collection\":\"\",\"multiinstance_variable\":\"\",\"multiinstance_condition\":\"\",\"isforcompensation\":\"false\",\"usertaskassignment\":{\"assignment\":{\"type\":\"idm\",\"idm\":{\"type\":\"user\",\"assignee\":{\"id\":\"jsitehr\",\"firstName\":\"人力资源\",\"lastName\":\"\",\"email\":\"\",\"fullName\":\"人力资源 \",\"$$hashKey\":\"object:2074\"}}}},\"formkeydefinition\":\"\",\"formreference\":{\"id\":\"2f30617c-5d09-11ea-9661-00163e2e65eb\",\"name\":\"111\",\"key\":\"232\"},\"duedatedefinition\":\"\",\"prioritydefinition\":\"\",\"formproperties\":\"\",\"tasklisteners\":\"\",\"skipexpression\":\"\",\"categorydefinition\":\"\"},\"stencil\":{\"id\":\"UserTask\"},\"childShapes\":[],\"outgoing\":[{\"resourceId\":\"sid-2D6E7242-9720-4478-98B9-4BC9EA03ADBC\"}],\"bounds\":{\"lowerRight\":{\"x\":415,\"y\":218},\"upperLeft\":{\"x\":315,\"y\":138}},\"dockers\":[]},{\"resourceId\":\"sid-6D14E682-20DA-42FB-A2C9-0117A0F02BB6\",\"properties\":{\"overrideid\":\"\",\"name\":\"\",\"documentation\":\"\",\"conditionsequenceflow\":\"\",\"executionlisteners\":\"\",\"defaultflow\":\"false\",\"skipexpression\":\"\"},\"stencil\":{\"id\":\"SequenceFlow\"},\"childShapes\":[],\"outgoing\":[{\"resourceId\":\"sid-331F19F4-6B1F-4757-8146-C2F777A1936C\"}],\"bounds\":{\"lowerRight\":{\"x\":314.78125,\"y\":178},\"upperLeft\":{\"x\":265.21875,\"y\":178}},\"dockers\":[{\"x\":50,\"y\":40},{\"x\":50,\"y\":40}],\"target\":{\"resourceId\":\"sid-331F19F4-6B1F-4757-8146-C2F777A1936C\"}},{\"resourceId\":\"sid-92B93BC9-7659-43B6-8025-6285CA4EC245\",\"properties\":{\"overrideid\":\"\",\"name\":\"三级审批\",\"documentation\":\"\",\"asynchronousdefinition\":\"false\",\"exclusivedefinition\":\"false\",\"executionlisteners\":\"\",\"multiinstance_type\":\"None\",\"multiinstance_cardinality\":\"\",\"multiinstance_collection\":\"\",\"multiinstance_variable\":\"\",\"multiinstance_condition\":\"\",\"isforcompensation\":\"false\",\"usertaskassignment\":{\"assignment\":{\"type\":\"idm\",\"idm\":{\"type\":\"user\",\"assignee\":{\"id\":\"dept\",\"firstName\":\"部门经理\",\"lastName\":\"\",\"email\":\"\",\"fullName\":\"部门经理 \",\"$$hashKey\":\"object:3086\"}}}},\"formkeydefinition\":\"\",\"formreference\":\"\",\"duedatedefinition\":\"\",\"prioritydefinition\":\"\",\"formproperties\":\"\",\"tasklisteners\":\"\",\"skipexpression\":\"\",\"categorydefinition\":\"\"},\"stencil\":{\"id\":\"UserTask\"},\"childShapes\":[],\"outgoing\":[{\"resourceId\":\"sid-5E12FCB9-3568-4BFB-8859-69AD5BCDDAC9\"}],\"bounds\":{\"lowerRight\":{\"x\":565,\"y\":218},\"upperLeft\":{\"x\":465,\"y\":138}},\"dockers\":[]},{\"resourceId\":\"sid-2D6E7242-9720-4478-98B9-4BC9EA03ADBC\",\"properties\":{\"overrideid\":\"\",\"name\":\"\",\"documentation\":\"\",\"conditionsequenceflow\":\"\",\"executionlisteners\":\"\",\"defaultflow\":\"false\",\"skipexpression\":\"\"},\"stencil\":{\"id\":\"SequenceFlow\"},\"childShapes\":[],\"outgoing\":[{\"resourceId\":\"sid-92B93BC9-7659-43B6-8025-6285CA4EC245\"}],\"bounds\":{\"lowerRight\":{\"x\":464.78125,\"y\":178},\"upperLeft\":{\"x\":415.21875,\"y\":178}},\"dockers\":[{\"x\":50,\"y\":40},{\"x\":50,\"y\":40}],\"target\":{\"resourceId\":\"sid-92B93BC9-7659-43B6-8025-6285CA4EC245\"}},{\"resourceId\":\"sid-4854A14F-E9AA-46FC-B8B2-9E506470EC5C\",\"properties\":{\"overrideid\":\"\",\"name\":\"\",\"documentation\":\"\",\"executionlisteners\":\"\"},\"stencil\":{\"id\":\"EndNoneEvent\"},\"childShapes\":[],\"outgoing\":[],\"bounds\":{\"lowerRight\":{\"x\":638,\"y\":192},\"upperLeft\":{\"x\":610,\"y\":164}},\"dockers\":[]},{\"resourceId\":\"sid-5E12FCB9-3568-4BFB-8859-69AD5BCDDAC9\",\"properties\":{\"overrideid\":\"\",\"name\":\"\",\"documentation\":\"\",\"conditionsequenceflow\":\"\",\"executionlisteners\":\"\",\"defaultflow\":\"false\",\"skipexpression\":\"\"},\"stencil\":{\"id\":\"SequenceFlow\"},\"childShapes\":[],\"outgoing\":[{\"resourceId\":\"sid-4854A14F-E9AA-46FC-B8B2-9E506470EC5C\"}],\"bounds\":{\"lowerRight\":{\"x\":609.375,\"y\":178},\"upperLeft\":{\"x\":565.390625,\"y\":178}},\"dockers\":[{\"x\":50,\"y\":40},{\"x\":14,\"y\":14}],\"target\":{\"resourceId\":\"sid-4854A14F-E9AA-46FC-B8B2-9E506470EC5C\"}}],\"stencil\":{\"id\":\"BPMNDiagram\"},\"stencilset\":{\"namespace\":\"http://b3mn.org/stencilset/bpmn2.0#\",\"url\":\"../editor/stencilsets/bpmn2.0/bpmn2.0.json\"}}', 0x89504E470D0A1A0A0000000D494844520000010C000000350806000000B48ED542000005324944415478DAED9DCD4B6357188767318B5974D145975DF44F68A18B2EBA10DA451703EDC2EF8F49C01017C68FEA040769210822B8B04B955A83CCA6E0C68DD66AE268041144A9CE506D6D9DCEC25A63A1D61AA318E7F47D258154749ADC5C93DCC9F3C021E3F58493FCDEF3FEEE7BCEB93277EE00000000000000000000C0ED608CB9BBB3B333BEBCBC7C110E87CDECEC6C51B75028642291C89FD2EAD1A630DAA04B09A3815F5C5C34D168D49C9D9D39A21D1C1C98858585BF652294A34DFEB541971246EF124E0A7CDA043893BBC726DAE45F1B742961B4A44C17F5D9F75F9AF549FFE56BB14F0009FE39DAE45F9BABBA38499BDB9E33AF3DBAC64B1754839E6A0E480A8336F9D7E6AA2E4ED2E6B6E70C868161A00D86012405DA60189073F0B797062F83AEAF1806DA646A184ED106C3B02BF8A7A7E6E974F77FEE14FAB35E2F79C3409B9B0DC361DA601836053F3DE0575BA91B06DADC6C184ED306C3B885F2D2292DDF4B12B441170C83E0A30DBA389BB2B2B2BB3535359F793C9E705D5D5DBCBABADAD4D6D69EC8B5E9AAAAAA6AB7DB7D8FE063181846711A464545C51B92A7F7256F1F4A0BC8BF1F693EEB75DB07138378DBEBF5FE1408048E575757CDD1D1915162B198595B5B3BE9ECECFC59067FA6FD083E868161148F2E72237F53CCE12BB9B9C7F4267F4D3B95DF7F2DF9FB966D66D1D4D474383D3D6D128984B989C9C9C9E7D2F747F900EF107C0C03C328BC2E9595951F4B3EEEA5CCC1EFF79BE1E161333E3E6E82C1A0E9EEEE3692B397BF13D3F84B4CE3939C97216D6D6DBFAB5964C2C4C4C4BA0CFE34D73287E0A30DBAE4865414EF4A2E5E6E1DF4F6F69ABDBDBD6B7356AFF7F5F5A5AA8DB818C7079607EDEFEFFF5C067BF9AACAE22A3E9FEF07DDD320F824068651385D24F917D5040607074D26F9AB9547D23456B450B034A8942CBFE99E45362C2D2D6995F11DC12731308CC2E822F9F7BE26BFC7E3398BC7E319E5ADF693FEB1E4F2C45A95E172B95EA6363833453742652D746CE14B3E915646F06FD6056D983399E8913C093143434317D9E4AE5419F16495F1D0EA073056D0F759192BD99E10FCEB75D1C98036CC990CF478AEAFBAB9990DDA3FF9FE80D5231963A5C2B8E1F826E3E6F4E0E7FAFD5F576DD025BF7366646424ABDC1D1D1D4D2497248F2C1946201038C8760F636565E50F7D988BF29225094B92C22C4924FF3ED4C46F6E6E4E647A60A1FD7C3EDFA9BE4F8F632D7D002951BED123996CD08D524E49D8F464D3B3E0A7249B9AFC53535319E5ADF64B5626DB964F4982C1E03DBFDF1FCBF4390CF9E2FFD4D7D76FF11C0686816114DC30CAD5005C2ED7C5C6C6C62BF3766B6B4BFB9D6B7FA94E72FB6F0F6666663E6A6D6D4DFCDF939EE170F8A2B1B1F1054F7A6218184671E8A28F7CA74C432B88ABF9AB3FEB75B7DB9D4856178F2D5717E98C8D8DBDD7D1D171A8CB13DDD3D08DCDD406A7BA574F4FCFB10CFAAB1D6641F0D1065DEC41935F723298DA04F5F97C17BA119A7A34BCBDBD3D91B649FAD8D63F44D3C1070606BEE8EAEAFAE5C1830797033534349CB7B4B4AC7BBD5E8F9D83117CB441175B2B8DEAD49EC6356D5B9721B654168582E0A30DBAD88F9EA0E89169EACFDBF534C4D14641F0D1065D80E0A30D86816190141806868161601818068681616018180686816160181806DAA04B69130E879D1AFCB804FF1C6DF2AF0DBA94309148642F1A8D3A2EF8BBBBBBDF4AF037D126FFDAA04B09333737F7E9FCFCFCE1FEFEFE8953EE121AF85028F4425A39DAE45F1B74297144C4FBE2BC2B5AAEE91AAFC89B7EC6CD7C051E6DD0050000000000000000000000000000000000000000E07AFE05CC167FCA7755F6360000000049454E44AE426082, 0, NULL);
INSERT INTO `ACT_DE_MODEL` VALUES ('8c763b8f-65c6-11ea-9661-00163e2e65eb', '1', '123', 'cie', NULL, '2020-03-14 15:36:42.264000', 'admin', '2020-03-14 15:36:42.264000', 'admin', 1, '{\"id\":\"canvas\",\"resourceId\":\"canvas\",\"stencilset\":{\"namespace\":\"http://b3mn.org/stencilset/bpmn2.0#\"},\"properties\":{\"process_id\":\"123\",\"name\":\"1\",\"documentation\":\"cie\"},\"childShapes\":[{\"bounds\":{\"lowerRight\":{\"x\":130,\"y\":193},\"upperLeft\":{\"x\":100,\"y\":163}},\"childShapes\":[],\"dockers\":[],\"outgoing\":[],\"resourceId\":\"startEvent1\",\"stencil\":{\"id\":\"StartNoneEvent\"}}]}', 0x89504E470D0A1A0A0000000D494844520000002D0000002D08060000003A1AE29A000002E04944415478DAED58DF6B526118DEC52EFA23BA080AEACFF08F48747A5051F157F3D74C10744CA6178A8C5D0B42188B2E4236314B6585919814132744B46A3936E7C19B31AA63FEC8AFF71D79135DCC73BEF38DE03C7038777ECF7978BEE77D5E1716142850F0FF821072ADDD6EDBB3D9ECAB442271EEF178C626938968B55AC271DCD4E9740EC3E1F0613299DC82E7F69593CDE5720F63B1D8D8E7F391743A4D1A8D06E976BB6430181004BEFBFD3ED9DBDB23F051C4EBF54EFD7E7FC766B35999130672E6783CFE33180C5E109A4C26E4B268B55A24140A4DEC76FB07B55A7D8B85BA8BF97CFEA5C3E1208542612EB27FA3542A11B3D92CC8AA3A12AE56AB6FDD6E373938382034D0E97408082058ADD67BB290468591307A9426F0F740ED6F4B4B4B1C750FA3256829FC2FC50D06C31910BF432D25D6D7D787E86139512C1605BD5EFF860AE9EDEDED479812A3D188C80D97CBC54BB609AA8C398CB1C602FBFBFB43C96AE3A4C3CB2725DAE605C4200FD3F48668D2389A33990C6189CDCDCD1690BE2F9A3476091CCD2C51AFD73B40BA209A34969F5EAFC79434CFF37D207D2C9A34B6B559F961053C0F480F4493C67A7915C0734593361A8D53D64A0B82C04B521AE26EC8DAD3A7A7A71F25797A7575F513EBF42897CBCF24A5472A95CAB0CEE9B5B5B5A2A49C8E4422379797977F319C88039D4EF745D24444ACACAC7C66D53DC01A5B40F8B5E49667B158D4814060CC40ED3350B9496D198025B42D779FC6FB832AAB54AA452AA4D163B884CAB5B9409BCCC3193D6A9BCB0C1CC7E941F11FB477C49393931AD8E288FA8E38031474332EA1B414478591B046A309C9FADF071CA005D5CF777676BE4BB89C671B1B1B0FD012F09898FCC3841E07855E805DF866B329CC93C3954AE5317CF43BBC74D43D7C49F277913C54D83E2C0CEF6BB5DA51B7DBEDCD4A16961FEC12BBBBBB4FA3D1E873B0D721924575A9A58404AF5F07D57C40E6093C5FB1A561BDFCF33EC62E81A359F2A453A0408102050AE4C66FB109509232650D3B0000000049454E44AE426082, 0, NULL);
INSERT INTO `ACT_DE_MODEL` VALUES ('8c9e2e62-626f-11ea-9661-00163e2e65eb', 'hss1', 'hss1', '', NULL, '2020-03-10 09:36:22.822000', 'admin', '2020-03-10 10:02:35.573000', 'admin', 1, '{\"modelId\":\"8c9e2e62-626f-11ea-9661-00163e2e65eb\",\"bounds\":{\"lowerRight\":{\"x\":1200,\"y\":1050},\"upperLeft\":{\"x\":0,\"y\":0}},\"properties\":{\"process_id\":\"hss1\",\"name\":\"hss1\",\"documentation\":\"\",\"process_author\":\"\",\"process_version\":\"\",\"process_namespace\":\"http://www.flowable.org/processdef\",\"process_historylevel\":\"\",\"isexecutable\":true,\"dataproperties\":\"\",\"executionlisteners\":\"\",\"eventlisteners\":\"\",\"signaldefinitions\":\"\",\"messagedefinitions\":\"\",\"process_potentialstarteruser\":\"\",\"process_potentialstartergroup\":\"\",\"iseagerexecutionfetch\":\"false\"},\"childShapes\":[{\"resourceId\":\"startEvent1\",\"properties\":{\"overrideid\":\"\",\"name\":\"\",\"documentation\":\"\",\"executionlisteners\":\"\",\"initiator\":\"\",\"formkeydefinition\":\"\",\"formreference\":{\"id\":\"2ee67415-5db5-11ea-9661-00163e2e65eb\",\"name\":\"apk\",\"key\":\"apk\"},\"formproperties\":\"\"},\"stencil\":{\"id\":\"StartNoneEvent\"},\"childShapes\":[],\"outgoing\":[],\"bounds\":{\"lowerRight\":{\"x\":130,\"y\":193},\"upperLeft\":{\"x\":100,\"y\":163}},\"dockers\":[]}],\"stencil\":{\"id\":\"BPMNDiagram\"},\"stencilset\":{\"namespace\":\"http://b3mn.org/stencilset/bpmn2.0#\",\"url\":\"../editor/stencilsets/bpmn2.0/bpmn2.0.json\"}}', 0x89504E470D0A1A0A0000000D494844520000002D0000002D08060000003A1AE29A000002E04944415478DAED58DF6B526118DEC52EFA23BA080AEACFF08F48747A5051F157F3D74C10744CA6178A8C5D0B42188B2E4236314B6585919814132744B46A3936E7C19B31AA63FEC8AFF71D79135DCC73BEF38DE03C7038777ECF7978BEE77D5E1716142850F0FF821072ADDD6EDBB3D9ECAB442271EEF178C626938968B55AC271DCD4E9740EC3E1F0613299DC82E7F69593CDE5720F63B1D8D8E7F391743A4D1A8D06E976BB6430181004BEFBFD3ED9DBDB23F051C4EBF54EFD7E7FC766B35999130672E6783CFE33180C5E109A4C26E4B268B55A24140A4DEC76FB07B55A7D8B85BA8BF97CFEA5C3E1208542612EB27FA3542A11B3D92CC8AA3A12AE56AB6FDD6E373938382034D0E97408082058ADD67BB290468591307A9426F0F740ED6F4B4B4B1C750FA3256829FC2FC50D06C31910BF432D25D6D7D787E86139512C1605BD5EFF860AE9EDEDED479812A3D188C80D97CBC54BB609AA8C398CB1C602FBFBFB43C96AE3A4C3CB2725DAE605C4200FD3F48668D2389A33990C6189CDCDCD1690BE2F9A3476091CCD2C51AFD73B40BA209A34969F5EAFC79434CFF37D207D2C9A34B6B559F961053C0F480F4493C67A7915C0734593361A8D53D64A0B82C04B521AE26EC8DAD3A7A7A71F25797A7575F513EBF42897CBCF24A5472A95CAB0CEE9B5B5B5A2A49C8E4422379797977F319C88039D4EF745D24444ACACAC7C66D53DC01A5B40F8B5E49667B158D4814060CC40ED3350B9496D198025B42D779FC6FB832AAB54AA452AA4D163B884CAB5B9409BCCC3193D6A9BCB0C1CC7E941F11FB477C49393931AD8E288FA8E38031474332EA1B414478591B046A309C9FADF071CA005D5CF777676BE4BB89C671B1B1B0FD012F09898FCC3841E07855E805DF866B329CC93C3954AE5317CF43BBC74D43D7C49F277913C54D83E2C0CEF6BB5DA51B7DBEDCD4A16961FEC12BBBBBB4FA3D1E873B0D721924575A9A58404AF5F07D57C40E6093C5FB1A561BDFCF33EC62E81A359F2A453A0408102050AE4C66FB109509232650D3B0000000049454E44AE426082, 0, NULL);
INSERT INTO `ACT_DE_MODEL` VALUES ('99c05a8e-5de7-11ea-9661-00163e2e65eb', '34543', '34534', '5345', NULL, '2020-03-04 15:13:08.651000', 'admin', '2020-03-04 15:13:08.651000', 'admin', 1, '{\"id\":\"canvas\",\"resourceId\":\"canvas\",\"stencilset\":{\"namespace\":\"http://b3mn.org/stencilset/bpmn2.0#\"},\"properties\":{\"process_id\":\"34534\",\"name\":\"34543\",\"documentation\":\"5345\"},\"childShapes\":[{\"bounds\":{\"lowerRight\":{\"x\":130,\"y\":193},\"upperLeft\":{\"x\":100,\"y\":163}},\"childShapes\":[],\"dockers\":[],\"outgoing\":[],\"resourceId\":\"startEvent1\",\"stencil\":{\"id\":\"StartNoneEvent\"}}]}', 0x89504E470D0A1A0A0000000D494844520000002D0000002D08060000003A1AE29A000002E04944415478DAED58DF6B526118DEC52EFA23BA080AEACFF08F48747A5051F157F3D74C10744CA6178A8C5D0B42188B2E4236314B6585919814132744B46A3936E7C19B31AA63FEC8AFF71D79135DCC73BEF38DE03C7038777ECF7978BEE77D5E1716142850F0FF821072ADDD6EDBB3D9ECAB442271EEF178C626938968B55AC271DCD4E9740EC3E1F0613299DC82E7F69593CDE5720F63B1D8D8E7F391743A4D1A8D06E976BB6430181004BEFBFD3ED9DBDB23F051C4EBF54EFD7E7FC766B35999130672E6783CFE33180C5E109A4C26E4B268B55A24140A4DEC76FB07B55A7D8B85BA8BF97CFEA5C3E1208542612EB27FA3542A11B3D92CC8AA3A12AE56AB6FDD6E373938382034D0E97408082058ADD67BB290468591307A9426F0F740ED6F4B4B4B1C750FA3256829FC2FC50D06C31910BF432D25D6D7D787E86139512C1605BD5EFF860AE9EDEDED479812A3D188C80D97CBC54BB609AA8C398CB1C602FBFBFB43C96AE3A4C3CB2725DAE605C4200FD3F48668D2389A33990C6189CDCDCD1690BE2F9A3476091CCD2C51AFD73B40BA209A34969F5EAFC79434CFF37D207D2C9A34B6B559F961053C0F480F4493C67A7915C0734593361A8D53D64A0B82C04B521AE26EC8DAD3A7A7A71F25797A7575F513EBF42897CBCF24A5472A95CAB0CEE9B5B5B5A2A49C8E4422379797977F319C88039D4EF745D24444ACACAC7C66D53DC01A5B40F8B5E49667B158D4814060CC40ED3350B9496D198025B42D779FC6FB832AAB54AA452AA4D163B884CAB5B9409BCCC3193D6A9BCB0C1CC7E941F11FB477C49393931AD8E288FA8E38031474332EA1B414478591B046A309C9FADF071CA005D5CF777676BE4BB89C671B1B1B0FD012F09898FCC3841E07855E805DF866B329CC93C3954AE5317CF43BBC74D43D7C49F277913C54D83E2C0CEF6BB5DA51B7DBEDCD4A16961FEC12BBBBBB4FA3D1E873B0D721924575A9A58404AF5F07D57C40E6093C5FB1A561BDFCF33EC62E81A359F2A453A0408102050AE4C66FB109509232650D3B0000000049454E44AE426082, 0, NULL);
INSERT INTO `ACT_DE_MODEL` VALUES ('a32b5469-6074-11ea-9661-00163e2e65eb', 'GQ测试表单01', 'gqceshibiaodan01', '', NULL, '2020-03-07 21:07:45.822000', 'admin', '2020-03-07 21:09:33.448000', 'admin', 1, '{\"name\":\"GQ测试表单01\",\"key\":\"gqceshibiaodan01\",\"version\":0,\"fields\":[{\"fieldType\":\"FormField\",\"id\":\"申请人\",\"name\":\"申请人\",\"type\":\"text\",\"required\":false,\"readOnly\":false,\"overrideId\":false},{\"fieldType\":\"FormField\",\"id\":\"申请原因\",\"name\":\"申请原因\",\"type\":\"multi-line-text\",\"required\":false,\"readOnly\":false,\"overrideId\":false}],\"outcomes\":[]}', 0x89504E470D0A1A0A0000000D494844520000012C0000006C0806000000D0528FAD000006D149444154785EEDDD3B6B155B1806E02F1AF12EF19228D808365A886021442CF41FD828828560696361A7BF4004C142B1157BC19F2088A26825A8856261E1255E305EB74A7298E1447220393B8B3D332B9379068217F69A6FADE71B5E92BD276B867ABDDE7438081020D002812181D5822E99220102A580C072211020D01A0181D59A569928010202CB354080406B0404566B5A65A20408082CD7000102AD11E81B58D3D3D3517C39081020D084C0D0D050145F731D7D036B6262224647479B98A71A040810883F7FFEC4F0F0B0C0722D1020B0F80504D6E2EF91191220F0AFC04081353939191B366C804980008146042A0BAC4B972EC5D6AD5B63EDDAB571F0E0C178FBF66DFCFCF933BE7CF912870E1D2A1773F5EAD5387DFA74230B53840081A5275059605DB972258E1E3D1A636363F1FEFDFB78F0E0418C8F8F97621B376E2CFFBC7EFD7A9C3C7972E9295A1101028D08541658376EDC88BD7BF7C6A64D9B62DDBA7571F7EEDD78F1E2451C3F7EBCFC24F1F1E3C7B167CF9E78F6EC59ECDAB5AB91C5294280C0D212A82CB00A96EFDFBFC79A356B4AA1CF9F3FC7F3E7CFA3D7EBC581030796969AD510209045A0D2C0CAB202450910E88C406581B56CD9B2796FE8EA8CA685122050B9C0AB57AFCA0FF48A436055CEEB8404085429F0E6CD9BF2BD718155A5AA731120508BC0870F1F62FDFAF502AB165D272540A05201815529A793112050A740AD81F5EBD7AF387BF66C5CBC783156AD5AF5771DDFBE7D2BEF82771020402045A0D6C02A2672E6CC993877EE5C79C36851ECE6CD9B71ECD8B118191999772F9B9405782D0102DD116824B02E5CB8103F7EFC287F39FAD1A347B17BF7EE5278E6CDB3EE705B2901028308BC7EFD3A366FDE3CF89BEEB337F0731FD6202D31960081F9042ABB0FCB8EA32E3202049A1418E8C65181D564ABD4224060A0C0FAFAF56BB9E795830001024D08145B552D5FBE7CCE527D1F42D1C404D5204080C0420404D64294BC860081452120B016451B4C820081850808AC8528790D01028B4240602D8A36980401020B11E81B58C5EF0D161F333A081020D08440F1FBC9C54DEA731D7D03CB7D584DB4480D0204660406BA0F4B60B99008106852406035A9AD1601020309541A58D3D3D37FB78F99F9FBECFF1B68A6061320D07981CA02EBF2E5CBB17FFFFEF229CF5BB66C29B79679F8F061F9ACC213274EC4A74F9FE2F6EDDB71E4C891728FAC62BB88E2E1AAC5730C77EEDCD9F946002040A0BF40658135D7A3EAB76DDB56CE60DFBE7D516C11F1E4C99378F9F265F948FB22B0EEDFBF5F869BC0EADF28AF2040A0C2C77CDDBA752BC6C7C7636C6C2C262727E3CE9D3B65389D3A752A56AF5E1DBF7FFF8E77EFDEC5BD7BF7E2F0E1C371EDDAB5387FFE7C3C7DFAF4EFE67E1A42800081FF1318E83BAC22988A1D45678E229456AC5851FEB378447DF163605160FBF6ED313535557E97B563C78EFF3C0CB178DDCA952B75890001027D052A0DACBED5BC800001020308541658B6481EA00B86122030AF40655B24CFFE915060B9E20810A8434060D5A1EA9C0408D42220B06A6175520204EA10105875A83A270102B508D4FE20D55A66EDA404087452406075B2ED164DA09D0202AB9D7D336B029D1410589D6CBB451368A780C06A67DFCC9A402705045627DB6ED104DA2920B0DAD937B326D0490181D5C9B65B3481760A08AC76F6CDAC097452406075B2ED164DA09D0202AB9D7D336B029D1410589D6CBB451368A780C06A67DFCC9A402705045627DB6ED104DA2920B0DAD937B326D04981CA026BE681A885A22D923B792D593481DA052ADBC06F626222464747CB090BACDAFBA600814E0A08AC4EB6DDA209B4534060B5B36F664DA09302B5045627252D9A00814605067A90EAECF7B01A9DB5620408745260A0C0FAF8F1634C4D4D7512CEA20910685E60646424868787E72C3CD4EBF5A69B9F928A04081048171058E96646102090494060658257960081740181956E6604010299040456267865091048171058E96646102090494060658257960081740181956E6604010299040456267865091048171058E96646102090494060658257960081740181956E6604010299040456267865091048171058E96646102090494060658257960081740181956E6604010299040456267865091048171058E96646102090494060658257960081740181956E6604010299040456267865091048171058E96646102090494060658257960081740181956E6604010299040456267865091048171058E96646102090494060658257960081740181956E6604010299040456267865091048171058E96646102090494060658257960081740181956E6604010299040456267865091048171058E96646102090494060658257960081740181956E660401029904045626786509104817F807142E2661A720E0080000000049454E44AE426082, 2, NULL);
INSERT INTO `ACT_DE_MODEL` VALUES ('a3d46914-5778-11ea-9661-00163e2e65eb', '123', '12313', '1321321', NULL, '2020-02-25 10:43:44.433000', 'admin', '2020-02-25 14:21:52.295000', 'admin', 1, '{\"modelId\":\"a3d46914-5778-11ea-9661-00163e2e65eb\",\"bounds\":{\"lowerRight\":{\"x\":1200,\"y\":1050},\"upperLeft\":{\"x\":0,\"y\":0}},\"properties\":{\"process_id\":\"12313\",\"name\":\"123\",\"documentation\":\"1321321\",\"process_author\":\"\",\"process_version\":\"\",\"process_namespace\":\"http://www.flowable.org/processdef\",\"process_historylevel\":\"\",\"isexecutable\":true,\"dataproperties\":\"\",\"executionlisteners\":\"\",\"eventlisteners\":\"\",\"signaldefinitions\":\"\",\"messagedefinitions\":\"\",\"process_potentialstarteruser\":\"\",\"process_potentialstartergroup\":\"\",\"iseagerexecutionfetch\":\"false\"},\"childShapes\":[{\"resourceId\":\"startEvent1\",\"properties\":{\"overrideid\":\"\",\"name\":\"\",\"documentation\":\"\",\"executionlisteners\":\"\",\"initiator\":\"\",\"formkeydefinition\":\"\",\"formreference\":\"\",\"formproperties\":\"\"},\"stencil\":{\"id\":\"StartNoneEvent\"},\"childShapes\":[],\"outgoing\":[{\"resourceId\":\"sid-7DC61E7E-4A0A-4793-91CF-458869410787\"}],\"bounds\":{\"lowerRight\":{\"x\":120,\"y\":180},\"upperLeft\":{\"x\":90,\"y\":150}},\"dockers\":[]},{\"resourceId\":\"sid-72423491-873E-4A2C-BEB7-B71C5AD627C3\",\"properties\":{\"overrideid\":\"\",\"name\":\"132131\",\"documentation\":\"\",\"asynchronousdefinition\":\"false\",\"exclusivedefinition\":\"false\",\"executionlisteners\":\"\",\"multiinstance_type\":\"None\",\"multiinstance_cardinality\":\"\",\"multiinstance_collection\":\"\",\"multiinstance_variable\":\"\",\"multiinstance_condition\":\"\",\"isforcompensation\":\"false\",\"usertaskassignment\":\"\",\"formkeydefinition\":\"\",\"formreference\":\"\",\"duedatedefinition\":\"\",\"prioritydefinition\":\"\",\"formproperties\":\"\",\"tasklisteners\":\"\",\"skipexpression\":\"\",\"categorydefinition\":\"\"},\"stencil\":{\"id\":\"UserTask\"},\"childShapes\":[],\"outgoing\":[{\"resourceId\":\"sid-A3C3870B-1D79-4172-95FB-ED638AFA2446\"}],\"bounds\":{\"lowerRight\":{\"x\":265,\"y\":205},\"upperLeft\":{\"x\":165,\"y\":125}},\"dockers\":[]},{\"resourceId\":\"sid-7DC61E7E-4A0A-4793-91CF-458869410787\",\"properties\":{\"overrideid\":\"\",\"name\":\"\",\"documentation\":\"\",\"conditionsequenceflow\":\"\",\"executionlisteners\":\"\",\"defaultflow\":\"false\",\"skipexpression\":\"\"},\"stencil\":{\"id\":\"SequenceFlow\"},\"childShapes\":[],\"outgoing\":[{\"resourceId\":\"sid-72423491-873E-4A2C-BEB7-B71C5AD627C3\"}],\"bounds\":{\"lowerRight\":{\"x\":164.15625,\"y\":165},\"upperLeft\":{\"x\":120.609375,\"y\":165}},\"dockers\":[{\"x\":15,\"y\":15},{\"x\":50,\"y\":40}],\"target\":{\"resourceId\":\"sid-72423491-873E-4A2C-BEB7-B71C5AD627C3\"}},{\"resourceId\":\"sid-8855D175-EDA4-4C7F-AABF-49B7C690AE9A\",\"properties\":{\"overrideid\":\"\",\"name\":\"\",\"documentation\":\"\",\"executionlisteners\":\"\"},\"stencil\":{\"id\":\"EndNoneEvent\"},\"childShapes\":[],\"outgoing\":[],\"bounds\":{\"lowerRight\":{\"x\":338,\"y\":179},\"upperLeft\":{\"x\":310,\"y\":151}},\"dockers\":[]},{\"resourceId\":\"sid-A3C3870B-1D79-4172-95FB-ED638AFA2446\",\"properties\":{\"overrideid\":\"\",\"name\":\"\",\"documentation\":\"\",\"conditionsequenceflow\":\"\",\"executionlisteners\":\"\",\"defaultflow\":\"false\",\"skipexpression\":\"\"},\"stencil\":{\"id\":\"SequenceFlow\"},\"childShapes\":[],\"outgoing\":[{\"resourceId\":\"sid-8855D175-EDA4-4C7F-AABF-49B7C690AE9A\"}],\"bounds\":{\"lowerRight\":{\"x\":309.375,\"y\":165},\"upperLeft\":{\"x\":265.390625,\"y\":165}},\"dockers\":[{\"x\":50,\"y\":40},{\"x\":14,\"y\":14}],\"target\":{\"resourceId\":\"sid-8855D175-EDA4-4C7F-AABF-49B7C690AE9A\"}}],\"stencil\":{\"id\":\"BPMNDiagram\"},\"stencilset\":{\"namespace\":\"http://b3mn.org/stencilset/bpmn2.0#\",\"url\":\"../editor/stencilsets/bpmn2.0/bpmn2.0.json\"}}', 0x89504E470D0A1A0A0000000D49484452000000EB0000005608060000002E5E617E000007034944415478DAED9DCD4F545714C05DB8E8C23FA18B2EBAE8A249BBE8A249372CBAE8A269BBF00391815166E26040482C554948A989166441624D7061326D37D6822236A6B60CA810AC0990F443420B116D65421CA47C280E03A3B7E74CE6357CAA0CEF31EFC1EF979C3019025EE6DDDF9C73EFBB73DCB2050000000000000000009CC318B3756868A8F1D6AD5B4FDBDADA4C6B6B2BB1C6884422A6A3A3E3A1443E330C6C4345EDECEC34B158CC241209C2A6181D1D35376EDC981471B733CBC01634A322AA63C22624D3F633CBC016B4F4452CE742649D6396812DE81A0BA91C95D530CB605D647D3C316286BAC3A62F722C15FA589F4344640597C97AFBA72AF3DB958A05A1CF3D1A8F2223B2829B645D2CAA15C37D3F2023B2821764EDBF568B8CC80A5E90F5766B3532222B784156DD6C424664050FC83AD8751A1991155CB51BFCF3E74B4B60796E2CFA3B32222BB849D6BB3DDF2E91559F4344640597C93A78B36169092CCF256666901159C12DB2EAC18795D6AC035D5F2123B2423665554155C495245D4E5A4E33212B6441D63FAE56BEB4A856E8CF2026B2C23ACBBA5A51AD404C64852C6F3011C80AC88AAC00C88AAC80AC04B2BA8F7DFBF6BD75F2E4C9706565E5BD929292C77EBF3F999B9B6B0A0A0A92FBF7EF9F3E74E8D0C0C18307AB77EFDEFD06B2121B5DD65DBB76BD29F37FBBCCF772F95A2DF1A93CCE97AFEF646D50E5E5E59F949595DD0F0402CFC2E1B0D1369DD168D42493496331363666BABBBBCDD9B36753F216171777EA1F83ACC4469255447C4D84FC52E6F88826AA9542BE3F9E9F9FFFF5BA89BB67CF9E5745D2DB922DE7F4058EC7E3E665989E9E36172F5E3445454571C9B8353939395B9195F0B2AC3B76ECD826E2D5E5E5E5CD5A424AA569A4D234E7CE9D338D8D8DA9A8AFAF37A1506881B822F755F9B9B71D1B5C6161E17B22DBE34B972EBDB4A48B999A9A323535354F82C1608BFEB1C84A7851565DD649E21A54F1E46BAA7A1C18185850592E462B4F9558854E0B9BD472D9F6C1EDDCB9F3FDBD7BF7CEF4F5F5193BA8ABAB8B8BF8CD5EC9B0C88AACF345957276588593E5604AD2D5303E3E6E4E9D3AF57F9695A561BD6D1E48067C5D449DB44B548B13274E4CF9FDFE63C84A784556AD06AD8C7AFCF8F18C2B4CA5ABABCB88F4CFD2D2D6D932409FCFD7DBD3D3933036A325B164D7475ED8294656644D6F26D55919752DA25AF4F6F61A59BB3E4B97C51FAC7570A1A3478F468D435CB870614ED6C23F222BB27A61D7573793748DBADAD2F779E826543ABB0E4AA5F94A4683D31F94818DC8C238E994ACBA4B5C505090707B76455664B5B2AA6E26D9CDE1C38767D3EBD7924C07E72F2B2B1B320E73E6CC99697953F82CCB17E29A440EB26E5E595F3407647D1955A1ECCCAA167A1E219D5DFB331D7CF8F2E5CBF79C9655EBF66030F84B962F94F5622D7BC1907553C8BAE21C489F4C4ADD7679DEED994C999D9D357AB745FF0DDDD0CD64F083C3C3C3334ECBAA279D64A0A32EB950CB5E3064DD54B22E9903226BAE3EA7071E9C42EF8EA4379AF23319FC84AE29D7032931665C76A1165C3064DD94B2CE9F03A7F5F1F9F3E71D7340D6C2336959CB331AFC7AF1BC33956E0864755E56B7CF010DDDB9758A79BBC2D56456CA60326B867320FD291A5767D6CDB8666583095997DB6072FD9A35DCD2D2E2F8AD1BDD0D0E040237B97583AC6E9D035ED80DF69796960E3A2D6B4343C354B6EFB3722802595F847578DF95F759F504535E5E5E4C3FDAE3F009A6194E3021EB263FC19458D30926EB6CF0912347EE3B256B535353C2E7F35DE16C30B27AE16CB02495842BCF06CF4BFFBF4A9A8EDB2D6AFA5337E35E68F582ACC83A3FBBBAF253378A2E780B0B0BFF75E0F3AC635202577BE122212BB2A65DD82652FDE5DACFB32ADA2942847D6297B0B5B5B58FE4F77D4FA708C28B9D22241BFE6365D83B77EEB8A753C4BCEDEB77B563447373F3D3B5F4609277A409A9CD9BE8C14478B907939561750DAB1D3E5FD48369646464410F268939477A30596877C3E2E2E21EED6ED8DEDE9EBA3FB49AEE86C16030D5CA85EE86C446E96EA88DCF167737D4934E567743CDA2070E1C58DFEE86F311E93E9201DC0D04024FF55D45EB6F7DE7589CEE7501AD5BDD52F2CE16151545E81B4C6CC4BEC12AAD751F76A590EF3F1441BFD10A352B0355F9AAAAAAEA2B2A2AFE0C8542932AA50ECCE7F3CD89D093A5A5A57D9289BFF0AAA4C88AACAB41B3A51E4D5CDC915F05F55A3589AC04FFD70D202BB202202BB202B212C80AC88AAC80AC04B202B2222B00B2222B202B81AC80ACC80A80ACC80AC84A202B202BB202202BB202B212C80AC88AAC00C88AAC80AC04B282C3B4B5B5219573111759E79865600B1D1D1D23B1580CB11C886834FA9DC8DACF2C035B686F6FFFF8FAF5EB130F1E3C788260F6655415351289FC2DB19D5906B62113EA43C900DD5AB2E91A8B5873E8EBD88FA800000000000000000000000000000000B0E53F1CB624F7928402BA0000000049454E44AE426082, 0, NULL);
INSERT INTO `ACT_DE_MODEL` VALUES ('aee0d905-2d31-11ea-91ac-c85b7643dd9e', '请假流程', 'jsite_leave', '请假流程', '', '2020-01-02 07:29:59.672000', 'admin', '2020-03-18 16:10:36.659000', 'admin', 2, '{\"modelId\":\"aee0d905-2d31-11ea-91ac-c85b7643dd9e\",\"bounds\":{\"lowerRight\":{\"x\":1200,\"y\":1050},\"upperLeft\":{\"x\":0,\"y\":0}},\"properties\":{\"process_id\":\"jsite_leave\",\"name\":\"请假流程\",\"documentation\":\"请假流程\",\"process_author\":\"\",\"process_version\":\"\",\"process_namespace\":\"http://www.flowable\",\"process_historylevel\":\"\",\"isexecutable\":true,\"dataproperties\":\"\",\"executionlisteners\":\"{\\\"executionListeners\\\":[]}\",\"eventlisteners\":\"{\\\"eventListeners\\\":[]}\",\"signaldefinitions\":\"[]\",\"messagedefinitions\":\"[]\",\"process_potentialstarteruser\":\"\",\"process_potentialstartergroup\":\"\",\"iseagerexecutionfetch\":\"false\",\"messages\":[]},\"childShapes\":[{\"resourceId\":\"startevent1\",\"properties\":{\"overrideid\":\"startevent1\",\"name\":\"开始节点\",\"documentation\":\"\",\"executionlisteners\":{\"executionListeners\":[]},\"initiator\":\"applyUserId\",\"formkeydefinition\":\"\",\"formreference\":{\"id\":\"02d0e7c3-3675-11ea-aa63-00163e2e65eb\",\"name\":\"sdgsd\",\"key\":\"sdgsg\"},\"formproperties\":\"\",\"interrupting\":true},\"stencil\":{\"id\":\"StartNoneEvent\"},\"childShapes\":[],\"outgoing\":[{\"resourceId\":\"sid-C72C3F94-FFC6-4861-984C-84884B66DD47\"}],\"bounds\":{\"lowerRight\":{\"x\":120,\"y\":180},\"upperLeft\":{\"x\":90,\"y\":150}},\"dockers\":[]},{\"resourceId\":\"leave_leader_audit\",\"properties\":{\"overrideid\":\"leave_leader_audit\",\"name\":\"领导审批1231321\",\"documentation\":\"\",\"asynchronousdefinition\":false,\"exclusivedefinition\":true,\"executionlisteners\":{\"executionListeners\":[]},\"multiinstance_type\":\"None\",\"multiinstance_cardinality\":\"\",\"multiinstance_collection\":\"\",\"multiinstance_variable\":\"\",\"multiinstance_condition\":\"\",\"isforcompensation\":\"false\",\"usertaskassignment\":{\"assignment\":{\"type\":\"static\",\"assignee\":\"${leaderName}\",\"initiatorCanCompleteTask\":false}},\"formkeydefinition\":\"leave_leader_audit\",\"formreference\":{\"id\":\"f654ca85-5f6c-11ea-9661-00163e2e65eb\",\"name\":\"兔兔流表1\",\"key\":\"tutuliubiao01\"},\"duedatedefinition\":\"\",\"prioritydefinition\":\"\",\"formproperties\":\"\",\"tasklisteners\":{\"taskListeners\":[{\"event\":\"complete\",\"className\":\"com.jsite.modules.flowable.listener.TaskBusinessCallListener\",\"implementation\":\"com.jsite.modules.flowable.listener.TaskBusinessCallListener\",\"$$hashKey\":\"uiGrid-000D\",\"fields\":[]}]},\"skipexpression\":\"\",\"categorydefinition\":\"\"},\"stencil\":{\"id\":\"UserTask\"},\"childShapes\":[],\"outgoing\":[{\"resourceId\":\"sid-CA63049C-E8AD-45DB-A214-86AD0653D313\"}],\"bounds\":{\"lowerRight\":{\"x\":295,\"y\":215},\"upperLeft\":{\"x\":195,\"y\":135}},\"dockers\":[]},{\"resourceId\":\"sid-D9CD09E3-6804-4B26-9DCE-31DC53B64E26\",\"properties\":{\"overrideid\":\"sid-D9CD09E3-6804-4B26-9DCE-31DC53B64E26\",\"name\":\"\",\"documentation\":\"\",\"asynchronousdefinition\":\"false\",\"exclusivedefinition\":\"false\",\"sequencefloworder\":\"\",\"executionlisteners\":{\"executionListeners\":[]}},\"stencil\":{\"id\":\"ExclusiveGateway\"},\"childShapes\":[],\"outgoing\":[{\"resourceId\":\"sid-57B75BD7-E1A6-4569-89FB-3C88F62C9384\"},{\"resourceId\":\"sid-8EAC8A36-0C40-4596-8181-A33B1C95E544\"}],\"bounds\":{\"lowerRight\":{\"x\":400,\"y\":198},\"upperLeft\":{\"x\":360,\"y\":158}},\"dockers\":[]},{\"resourceId\":\"end\",\"properties\":{\"overrideid\":\"end\",\"name\":\"流程结束\",\"documentation\":\"\",\"executionlisteners\":\"\"},\"stencil\":{\"id\":\"EndNoneEvent\"},\"childShapes\":[],\"outgoing\":[],\"bounds\":{\"lowerRight\":{\"x\":553,\"y\":193},\"upperLeft\":{\"x\":525,\"y\":165}},\"dockers\":[]},{\"resourceId\":\"adjustApply\",\"properties\":{\"overrideid\":\"adjustApply\",\"name\":\"调整申请\",\"documentation\":\"\",\"asynchronousdefinition\":false,\"exclusivedefinition\":true,\"executionlisteners\":{\"executionListeners\":[]},\"multiinstance_type\":\"None\",\"multiinstance_cardinality\":\"\",\"multiinstance_collection\":\"\",\"multiinstance_variable\":\"\",\"multiinstance_condition\":\"\",\"isforcompensation\":\"false\",\"usertaskassignment\":{\"assignment\":{\"type\":\"static\",\"assignee\":\"${applyUserId}\"}},\"formkeydefinition\":\"\",\"formreference\":{\"id\":\"f2986f7f-68ef-11ea-9661-00163e2e65eb\",\"name\":\"form1\",\"key\":\"form1\"},\"duedatedefinition\":\"\",\"prioritydefinition\":\"\",\"formproperties\":\"\",\"tasklisteners\":{\"taskListeners\":[]},\"skipexpression\":\"\",\"categorydefinition\":\"\"},\"stencil\":{\"id\":\"UserTask\"},\"childShapes\":[],\"outgoing\":[{\"resourceId\":\"sid-9907B39C-4DF1-40A5-9A15-D6AEE19F792E\"}],\"bounds\":{\"lowerRight\":{\"x\":430,\"y\":365},\"upperLeft\":{\"x\":330,\"y\":285}},\"dockers\":[]},{\"resourceId\":\"sid-52E803B4-4779-43D2-944C-3312F05EDEC0\",\"properties\":{\"overrideid\":\"sid-52E803B4-4779-43D2-944C-3312F05EDEC0\",\"name\":\"\",\"documentation\":\"\",\"asynchronousdefinition\":\"false\",\"exclusivedefinition\":\"false\",\"sequencefloworder\":\"\",\"executionlisteners\":{\"executionListeners\":[]}},\"stencil\":{\"id\":\"ExclusiveGateway\"},\"childShapes\":[],\"outgoing\":[{\"resourceId\":\"sid-037ACA1A-817D-42EF-9DAA-C5DD9D27E4C5\"},{\"resourceId\":\"sid-14B77A49-FD2A-47A2-8DA0-24B3F7715E47\"},{\"resourceId\":\"sid-6D5AB85C-A62B-4B08-820F-294FE68F0132\"}],\"bounds\":{\"lowerRight\":{\"x\":400,\"y\":445},\"upperLeft\":{\"x\":360,\"y\":405}},\"dockers\":[]},{\"resourceId\":\"sid-9907B39C-4DF1-40A5-9A15-D6AEE19F792E\",\"properties\":{\"overrideid\":\"sid-9907B39C-4DF1-40A5-9A15-D6AEE19F792E\",\"name\":\"\",\"documentation\":\"\",\"conditionsequenceflow\":\"\",\"executionlisteners\":\"\",\"defaultflow\":\"false\",\"skipexpression\":\"\"},\"stencil\":{\"id\":\"SequenceFlow\"},\"childShapes\":[],\"outgoing\":[{\"resourceId\":\"sid-52E803B4-4779-43D2-944C-3312F05EDEC0\"}],\"bounds\":{\"lowerRight\":{\"x\":380,\"y\":405.25},\"upperLeft\":{\"x\":380,\"y\":365.0625}},\"dockers\":[{\"x\":50,\"y\":40},{\"x\":20,\"y\":20}],\"target\":{\"resourceId\":\"sid-52E803B4-4779-43D2-944C-3312F05EDEC0\"}},{\"resourceId\":\"sid-ECFAE000-F73D-45E0-8D1D-F9AAD34A3C7A\",\"properties\":{\"overrideid\":\"\",\"name\":\"\",\"documentation\":\"\",\"asynchronousdefinition\":\"false\",\"exclusivedefinition\":\"false\",\"executionlisteners\":\"\",\"multiinstance_type\":\"None\",\"multiinstance_cardinality\":\"\",\"multiinstance_collection\":\"\",\"multiinstance_variable\":\"\",\"multiinstance_condition\":\"\",\"isforcompensation\":\"false\",\"usertaskassignment\":\"\",\"formkeydefinition\":\"\",\"formreference\":{\"id\":\"02d0e7c3-3675-11ea-aa63-00163e2e65eb\",\"name\":\"sdgsd\",\"key\":\"sdgsg\"},\"duedatedefinition\":\"\",\"prioritydefinition\":\"\",\"formproperties\":\"\",\"tasklisteners\":\"\",\"skipexpression\":\"\",\"categorydefinition\":\"\"},\"stencil\":{\"id\":\"UserTask\"},\"childShapes\":[],\"outgoing\":[],\"bounds\":{\"lowerRight\":{\"x\":910,\"y\":465},\"upperLeft\":{\"x\":810,\"y\":385}},\"dockers\":[]},{\"resourceId\":\"sid-C72C3F94-FFC6-4861-984C-84884B66DD47\",\"properties\":{\"overrideid\":\"sid-C72C3F94-FFC6-4861-984C-84884B66DD47\",\"name\":\"\",\"documentation\":\"\",\"conditionsequenceflow\":\"\",\"executionlisteners\":\"\",\"defaultflow\":\"false\",\"skipexpression\":\"\"},\"stencil\":{\"id\":\"SequenceFlow\"},\"childShapes\":[],\"outgoing\":[{\"resourceId\":\"leave_leader_audit\"}],\"bounds\":{\"lowerRight\":{\"x\":194.37109375,\"y\":175},\"upperLeft\":{\"x\":120.375,\"y\":165}},\"dockers\":[{\"x\":15,\"y\":15},{\"x\":162.5,\"y\":165},{\"x\":162.5,\"y\":175},{\"x\":50,\"y\":40}],\"target\":{\"resourceId\":\"leave_leader_audit\"}},{\"resourceId\":\"sid-57B75BD7-E1A6-4569-89FB-3C88F62C9384\",\"properties\":{\"overrideid\":\"sid-57B75BD7-E1A6-4569-89FB-3C88F62C9384\",\"name\":\"\",\"documentation\":\"\",\"conditionsequenceflow\":\"${!auditPass}\",\"executionlisteners\":\"\",\"defaultflow\":\"false\",\"skipexpression\":\"\"},\"stencil\":{\"id\":\"SequenceFlow\"},\"childShapes\":[],\"outgoing\":[{\"resourceId\":\"adjustApply\"}],\"bounds\":{\"lowerRight\":{\"x\":380,\"y\":284.953125},\"upperLeft\":{\"x\":380,\"y\":198.5234375}},\"dockers\":[{\"x\":20,\"y\":20},{\"x\":50,\"y\":40}],\"target\":{\"resourceId\":\"adjustApply\"}},{\"resourceId\":\"sid-037ACA1A-817D-42EF-9DAA-C5DD9D27E4C5\",\"properties\":{\"overrideid\":\"\",\"name\":\"\",\"documentation\":\"\",\"conditionsequenceflow\":\"\",\"executionlisteners\":\"\",\"defaultflow\":\"false\",\"skipexpression\":\"\"},\"stencil\":{\"id\":\"SequenceFlow\"},\"childShapes\":[],\"outgoing\":[{\"resourceId\":\"sid-ECFAE000-F73D-45E0-8D1D-F9AAD34A3C7A\"}],\"bounds\":{\"lowerRight\":{\"x\":809.3642583561664,\"y\":425.47942599769937},\"upperLeft\":{\"x\":400.2304682063337,\"y\":425.05280056480063}},\"dockers\":[{\"x\":20.5,\"y\":20.5},{\"x\":50,\"y\":40}],\"target\":{\"resourceId\":\"sid-ECFAE000-F73D-45E0-8D1D-F9AAD34A3C7A\"}},{\"resourceId\":\"sid-CA63049C-E8AD-45DB-A214-86AD0653D313\",\"properties\":{\"overrideid\":\"sid-CA63049C-E8AD-45DB-A214-86AD0653D313\",\"name\":\"\",\"documentation\":\"\",\"conditionsequenceflow\":\"\",\"executionlisteners\":\"\",\"defaultflow\":\"false\",\"skipexpression\":\"\"},\"stencil\":{\"id\":\"SequenceFlow\"},\"childShapes\":[],\"outgoing\":[{\"resourceId\":\"sid-D9CD09E3-6804-4B26-9DCE-31DC53B64E26\"}],\"bounds\":{\"lowerRight\":{\"x\":360.814407589698,\"y\":176.81326232513595},\"upperLeft\":{\"x\":295.33203125,\"y\":175}},\"dockers\":[{\"x\":50,\"y\":40},{\"x\":331.5,\"y\":175},{\"x\":20,\"y\":20}],\"target\":{\"resourceId\":\"sid-D9CD09E3-6804-4B26-9DCE-31DC53B64E26\"}},{\"resourceId\":\"sid-14B77A49-FD2A-47A2-8DA0-24B3F7715E47\",\"properties\":{\"overrideid\":\"sid-14B77A49-FD2A-47A2-8DA0-24B3F7715E47\",\"name\":\"\",\"documentation\":\"\",\"conditionsequenceflow\":\"${auditPass}\",\"executionlisteners\":\"\",\"defaultflow\":\"false\",\"skipexpression\":\"\"},\"stencil\":{\"id\":\"SequenceFlow\"},\"childShapes\":[],\"outgoing\":[{\"resourceId\":\"leave_leader_audit\"}],\"bounds\":{\"lowerRight\":{\"x\":360.015625,\"y\":425},\"upperLeft\":{\"x\":245,\"y\":215.0625}},\"dockers\":[{\"x\":20,\"y\":20},{\"x\":245,\"y\":425},{\"x\":50,\"y\":40}],\"target\":{\"resourceId\":\"leave_leader_audit\"}},{\"resourceId\":\"sid-6D5AB85C-A62B-4B08-820F-294FE68F0132\",\"properties\":{\"overrideid\":\"sid-6D5AB85C-A62B-4B08-820F-294FE68F0132\",\"name\":\"\",\"documentation\":\"\",\"conditionsequenceflow\":\"${!auditPass}\",\"executionlisteners\":\"\",\"defaultflow\":\"false\",\"skipexpression\":\"\"},\"stencil\":{\"id\":\"SequenceFlow\"},\"childShapes\":[],\"outgoing\":[{\"resourceId\":\"end\"}],\"bounds\":{\"lowerRight\":{\"x\":539,\"y\":425},\"upperLeft\":{\"x\":399.6328125,\"y\":193.453125}},\"dockers\":[{\"x\":20,\"y\":20},{\"x\":539,\"y\":425},{\"x\":14,\"y\":14}],\"target\":{\"resourceId\":\"end\"}},{\"resourceId\":\"sid-8EAC8A36-0C40-4596-8181-A33B1C95E544\",\"properties\":{\"overrideid\":\"sid-8EAC8A36-0C40-4596-8181-A33B1C95E544\",\"name\":\"\",\"documentation\":\"\",\"conditionsequenceflow\":\"${auditPass}\",\"executionlisteners\":\"\",\"defaultflow\":\"false\",\"skipexpression\":\"\"},\"stencil\":{\"id\":\"SequenceFlow\"},\"childShapes\":[],\"outgoing\":[{\"resourceId\":\"end\"}],\"bounds\":{\"lowerRight\":{\"x\":524.3359572771119,\"y\":178.90777331620825},\"upperLeft\":{\"x\":400.25388647288804,\"y\":178.12738293379175}},\"dockers\":[{\"x\":20,\"y\":20},{\"x\":14,\"y\":14}],\"target\":{\"resourceId\":\"end\"}}],\"stencil\":{\"id\":\"BPMNDiagram\"},\"stencilset\":{\"namespace\":\"http://b3mn.org/stencilset/bpmn2.0#\",\"url\":\"../editor/stencilsets/bpmn2.0/bpmn2.0.json\"}}', 0x89504E470D0A1A0A0000000D494844520000011E0000007C0806000000BF82DF3300000C304944415478DAED9D0F6C94671DC789AB8A93294E049D6E610924C896CD6CEA58461C7104C1B4C54DAED7BBDE95824809239AE830682C9E23930CB7B8853ACCC0354D051AAA14A7B8CC1EF57AB7EA292E0E572D017201DCADB407943F022B94BD7E7FB7F74D6EE5E85AA4CFF3BEEFF3FD24BFBC652BDCBD7DBEEFA7BFE779DF7BDF71E30821841042082184104208218410BF6159564926936949A7D397F7ECD963B5B5B58D79C5E3712B994C1E474538028418884827954A597D7D7DD6C0C080B2CAE572564747C769486811478110C3904E47A473B63F6BEDDBBD3ABF55289F017440DD1C05420C43A6572281AEB6585E3CB255D9F9403C97380A841886ACB988000E76D6E7C5235BC5E2B1380A8428A4AAAAEA338B172F7EAEA6A6A6AFB2B2D2C2D7A76B6B6BB705028169AAC573A073635E3CB2A57808F12915151573219A13CDCDCDE78E1E3D6A093D3D3D566B6BEBE5A54B979E59B66CD923AAC423C2195A140F21FEEC744EEEDFBFDF2AC6E1C3872D918F8ACEC7E978749506F1943081C4482291C846743A17AC6190CE075DCFEF289EEBCA5C94BC1EAF1F22E6816EE79833BDBA1A32ED92351F8AE7BA4AA71FB50ED5838A793D47E8883F190A8596555656C682C1E02A956B83C483C842F24890EFBBD6A2788A4AA7D4FEF354945C3FD4E4D5A917C67811EA54E19843428310D0CF6A6A6A26F2282357108D46DF1C61C773EA5AC546F15C553A0E1364F7512994A70E540866B64846C6B9AEAECE6A6C6CB4D6AF5F6F5555553902EAA47CC81584C3E167B76EDD7A6238F1ECDCB97300E1691D0BF11486D28BE259BE7CF9FB47B26FC348C741BA9DCD76F7E399694A2412392C63DCD2D272C54989952B57E6E5239D0F8F34F22EE4AC16BA9EBE43870E9D2B269D6C362BDDCEC96B99B3C762B1F7D9AD772FC2F74F6CFF886AC2D74FA156E3EB28EA24EA25D41C378807FB79037E1E93F19BFA0E794FD85660FBA8AC5DA09E43B5A012A87FA372F6FEF5A05E45FD1EF5BC7C2FFE5EADBD6F2F4F9F3EFDB1F7904E216B5039D46CB767472EC390FD5FB1628575F1E2C5A26744EDCEE712D77C48D100897CD0F9F48B689CE9D5AE5DBBCE8B742089D26BFDB7E540C64138057517FE9D79B66C1E43FD14FF6D9B1CB4F8EF6F607BC20DE2C1FB780BD587F7F62F110CB63BF0FE7E6ECB6425BE0E8890B05F33519F908E077FBE059DE3BDF8FF65F87AB92DA95FA2B2A8A3F831583367CEBC24221EE18F4D3A1FCBADD32EEC53B7BD8F8F8B78B66CD972D56E79C3860D4ED7B38A471A29DAF9E0E06994351F090AB627ABABAB7FA3E3CA659DE219851C46C322BB8B99318A75A0F9FFCF82BECA1A3ACD2A64FBF6EDCEF7C578941157E2F3C5E535F6FACDA461BE67FE28A664DAB14F9F5B9B366DBAAA78EAEAEA066DF1AC60C209C5A3E7AC964CA1E4CC55C9709D8E57C64BBA6191CA92254BDE96DB9914323838285375A7DB392B1D35134E281E3DE211E1C869F3A1D7EC78AAD319B2DEF392239F868686FCB44BD67C64C1B9E09A1E5E9D4D281ECD17104EB0A75C31AF763A85CC9933A7C4914F91FA8F9CB860B209C5E38E8F4C4C1DF7CE47259ABCDAE9149B76D96B3EF5C160F06D39132A5262AA09C5E3AE0F89CE428DEA23255E00F2592BE2619A09C5E3DEDB624CF49B78B03F5D140FF114CE3D9735D5051DF75CF69B78CACACA6EC43E9D639A89674826933DAA1F6DE354369B6DD6F19409BF89A7BCBCFC264CB7CE30CDC433B4B7B72F4C2412A77A7B7BCFABEC74443AF178FC888EE76AF94D3CE170F863F21935A699780A1CFCA5E83CF6CAB447C59344EDD7E9D6F5303F1F2E2E4F920FCF32C9C41810FA195E5BD8F4A178A6609F8E318DC424F1ACA578F41208043E8D7D7A836924C6E0C553B93E14CF6DD8A7234C2331866834FA6184FEBF148F56F1DC8E7DCA308DC41810FA8FCA4DC7291E7D84C3E1E9D8A7034C2331493C37CB9D0C291E7DC802BFDCA1906924264DB526CBFD9D291E7D0483C13BB14FAF338DC418E4DEC7729F638A47AB78EEC63EBDC6341293C473AB7D73758A479F78EE91276E308DC418BC7846C5878BCB5FC43EFD956924C6E0C5332A3E5C5CBE1FFBF467A6911803DAFCCFCA83F6281EADE2998D7D4A318DC424F178EE8C8A0F6F043607F527A6919834D5FA1CE4F30F8A47EBFE3C848A338DC41810F8CFA3F6523C5AE5FF15795E3CD3484C12CF7DA834C5A3553C5F45D7B99B6924C6505151F1000EE457281E7D8442A13288E745A691180342FF200EE404C5A3757F1E46ED641A8949532DCF2D6CFA503C8B502D4C233106B4F8F3BCB6B0E943F10451CD4C233106AF2D6CCA35473EFCAC5615A6BCBF621A894953AD72D46F3DF47E7FE843F154433C8D4C2331493C4A17362DCB2AC964322DE974FAB23C0555C5E378E2F1B8954C268FA3222E15CF1288E705A6911803421F40E877A87A3D914E2A95B2543FFD3497CB591D1D1DA7753D0BEC3DE4FF4DD4F34C233106482784D06F53F57AD2E938D239DB9FB5F6ED5E9DDF2A92CF808E472E8F403C2B509B984662D2542B8A6A52F57A32BD7244D0D516CB8B47B6AA3A1F790AAA0BBBCE5518838D4C2331493C35A80655AF276B2E8E040E76D6E7C5235B85E2B15C289E6FA3F17C866924264DB59621F89B7588E740E7C6BC78646BB878BE8371789A692426753C4AD7171CF188708696A9E28174BE07F93CC9341293C4F328AA5E47C7A3A35C2A9EEF630C7EC234126350BDBE40F11495BF5C14B98E692426ADF17C17F2798AE2D12A9E18EA474C2331493C4AD717289EA2E259275D0FD3484C5AE3F901EA098A47ABFCD7CB3A0FD3484C5AE3598BD0FF98E2D12A9E0D1887D54C2331A9E3791C5547F16815CFD3722D0FD3484C12CF1332DDA278B48EC1B3A86F318DC4A4A9D693B2C04CF168154FBD5C4FC534126350DDE6533C45C5B349AE20671A8949E279462E22A478B4769D9BE533734C2331698D47699B4FF11495FF0B721742A69198B4C6F30B04BF96E2D12A9E46B9EF32D3484CEA78B6A0BE41F1681D83ADA830D3484C124F83DC0C8CE2D13A06CDF26C2DA69198249E26B4FA118A47EB74F7D71883AF338DC41810F8ED087EA5AAD72BBCE7B286BAE0D27B2EB7621CBEC6341293C4B3431E71A3EAF592C9648FEA47DB3895CD669BDDF89409FCFC5FC43894318DC4A4A9D64E79A89FAAD76B6F6F5F9848244EF5F6F69E57D9E98874E2F1F811973E57EB0F90CF02A69118838EDFB638F84BD179EC95698F8A2789DAAFD3ED46E9D8E27919E3308F692426753C9EFB6DEBB767A7637FE2A88798466292783CF7DBD687E249A0EB7C9069242689670F42FF658A47EBFEA43006B39946620C087C474545C597281EADFBF3178CC3FD4C2331A9E37905E27980E2D1BA3F7FC374F70B4C2331493C69D47D148FD6FD7915E2B98769242689E7EFE170F85E8A47EBFEECC354EB2EA6716CB12CAB2493C9B4A4D3E9CB7205BD8A4B39E2F1B8954C268FA3221C817787FE35FCB6BD9BE2D1BA3F5D10CF1D4CE3D822D249A55296EA2BE773B99CD5D1D171DAADD791E90AFDEB10CF9D148FD6FDE9867866308D638B743A229DB3FD596BDFEED5F9AD42F90CB8F1E33A0CBDD9E239180804A6318D638BF301E5AEB6585E3CB2557C67844B1C050F87DE87E2C9600C6E671AC716E7962C073BEBF3E291ADE9B76461E8473135F4A1788E600C6E631AD588E740E7C6BC78644BF1E80BFD51D4AD5E79BF3840D7FA503C59D42D4CE3D88B478433B4281E3DA17F3312897CCA236F772ECA9A356B96DFC4732C140A4D611AD5743CBCFBA53B42DF178D46277B443AFDA875E3C78F97018CF9680C8E5757577F9C69A4784C12CF094C5F6EF688744AED3F4F45C9A9C9265489D7C720180CF6D7D4D44C641A291E93C473BAAAAAEA231E928EC304C9122A85F2F4418B69D699F2F2F29B98468AC724F19C2B2B2BBBD163D271906E67B3DDFD4CF3F0189C47D7F921A691E231493C6F2D58B0E0831E944E216B5039D46C8F8EC100C4F301A691E231493C8308FD0D2E7C6B3248EB46F1FD9BEDBF339163400A7EB6DDA8987C2C88E271D7C0586E2EBCC5917C9CC3E98EE6BB7D7F58FA8AE22123658DBD7E336998EF993F8A2919E1548BE221239E42C999AB92E13A1DFE9808C543AE27221C396D3EF49A1D763A84E22163CA047BCA1563A743281EA292A9A81EBBF361A743281EA28C59E3DE3965CE4E87503C4429FC4C13A1780821140FC54308298A73CF654D7581F75C26C44092C9648FEA47DB3895CD669BF99409420CA4BDBD7D61229138D5DBDB7B5E65A723D289C7E347F85C2D420C05077F293A8FBD32ED51F12451FB75BA291D420821841042082184104208218410420821841042082184104288FBF81F3F72A262F579836A0000000049454E44AE426082, 0, NULL);
INSERT INTO `ACT_DE_MODEL` VALUES ('af2f7a31-2f98-11ea-9129-00163e2e65eb', 'qweqwe', 'qqq', 'qq', NULL, '2020-01-05 16:52:20.888000', 'admin', '2020-01-05 16:52:20.888000', 'admin', 1, '{\"version\":0}', NULL, 2, NULL);
INSERT INTO `ACT_DE_MODEL` VALUES ('b046bbbd-6478-11ea-9661-00163e2e65eb', 'aa', 'tes', '', NULL, '2020-03-12 23:46:50.443000', 'admin', '2020-03-12 23:46:50.443000', 'admin', 1, '{\"id\":\"canvas\",\"resourceId\":\"canvas\",\"stencilset\":{\"namespace\":\"http://b3mn.org/stencilset/bpmn2.0#\"},\"properties\":{\"process_id\":\"tes\",\"name\":\"aa\"},\"childShapes\":[{\"bounds\":{\"lowerRight\":{\"x\":130,\"y\":193},\"upperLeft\":{\"x\":100,\"y\":163}},\"childShapes\":[],\"dockers\":[],\"outgoing\":[],\"resourceId\":\"startEvent1\",\"stencil\":{\"id\":\"StartNoneEvent\"}}]}', 0x89504E470D0A1A0A0000000D494844520000002D0000002D08060000003A1AE29A000002E04944415478DAED58DF6B526118DEC52EFA23BA080AEACFF08F48747A5051F157F3D74C10744CA6178A8C5D0B42188B2E4236314B6585919814132744B46A3936E7C19B31AA63FEC8AFF71D79135DCC73BEF38DE03C7038777ECF7978BEE77D5E1716142850F0FF821072ADDD6EDBB3D9ECAB442271EEF178C626938968B55AC271DCD4E9740EC3E1F0613299DC82E7F69593CDE5720F63B1D8D8E7F391743A4D1A8D06E976BB6430181004BEFBFD3ED9DBDB23F051C4EBF54EFD7E7FC766B35999130672E6783CFE33180C5E109A4C26E4B268B55A24140A4DEC76FB07B55A7D8B85BA8BF97CFEA5C3E1208542612EB27FA3542A11B3D92CC8AA3A12AE56AB6FDD6E373938382034D0E97408082058ADD67BB290468591307A9426F0F740ED6F4B4B4B1C750FA3256829FC2FC50D06C31910BF432D25D6D7D787E86139512C1605BD5EFF860AE9EDEDED479812A3D188C80D97CBC54BB609AA8C398CB1C602FBFBFB43C96AE3A4C3CB2725DAE605C4200FD3F48668D2389A33990C6189CDCDCD1690BE2F9A3476091CCD2C51AFD73B40BA209A34969F5EAFC79434CFF37D207D2C9A34B6B559F961053C0F480F4493C67A7915C0734593361A8D53D64A0B82C04B521AE26EC8DAD3A7A7A71F25797A7575F513EBF42897CBCF24A5472A95CAB0CEE9B5B5B5A2A49C8E4422379797977F319C88039D4EF745D24444ACACAC7C66D53DC01A5B40F8B5E49667B158D4814060CC40ED3350B9496D198025B42D779FC6FB832AAB54AA452AA4D163B884CAB5B9409BCCC3193D6A9BCB0C1CC7E941F11FB477C49393931AD8E288FA8E38031474332EA1B414478591B046A309C9FADF071CA005D5CF777676BE4BB89C671B1B1B0FD012F09898FCC3841E07855E805DF866B329CC93C3954AE5317CF43BBC74D43D7C49F277913C54D83E2C0CEF6BB5DA51B7DBEDCD4A16961FEC12BBBBBB4FA3D1E873B0D721924575A9A58404AF5F07D57C40E6093C5FB1A561BDFCF33EC62E81A359F2A453A0408102050AE4C66FB109509232650D3B0000000049454E44AE426082, 0, NULL);
INSERT INTO `ACT_DE_MODEL` VALUES ('c4562373-6270-11ea-9661-00163e2e65eb', 'SDFDSF', 'DSFDSFDSDSF', 'DSFDSFDSFA', NULL, '2020-03-10 09:45:05.806000', 'admin', '2020-03-10 09:45:32.790000', 'admin', 1, '{\"name\":\"SDFDSF\",\"key\":\"DSFDSFDSDSF\",\"version\":0,\"fields\":[{\"fieldType\":\"FormField\",\"id\":\"label\",\"name\":\"Label\",\"type\":\"text\",\"required\":false,\"readOnly\":false,\"overrideId\":false}],\"outcomes\":[]}', 0x89504E470D0A1A0A0000000D494844520000012C0000006C0806000000D0528FAD0000050649444154785EEDDDCF2AE67D1806F0AF614514C2D6DED6CEB9489103B05376B6720CB2721296B673048A5810B19042296FCFD39BDEE99D89FC9BDFE5FE289B8999EBFE5CBFAE66C63366E0E1E1E1A9792340804080C080C10A6849440204FA0206CB834080408C80C18AA94A5002040C9667800081180183155395A00408182CCF00010231022F0ED6D3D353EBBD7B234080C057080C0C0CB4DEFBEFDE5E1CACCBCBCB363535F51539FD1A040810688F8F8F6D6868C86079160810E8BE80C1EA7E47121220F0AFC0BB06EBE6E6A68D8D8DF57FAAEDEDEDB6B6B6F60CBBBBBBDB1617177F81BEB8B868D3D3D3F0091020F026810F1FAC939393B6B7B7D7464646DAF2F2F273A8A3A3A336393969B0DE54934F2240A027F0E183B5BFBFDF7EFEFCD9464747DBCACA4ABBBBBB6BC3C3C3FDAF265E5F5F1B2CCF1D01026F16F8B0C17A73029F48800081570A18AC5742F9300204FEBE80C1FAFB1D484080C02B053E6CB07EFCF8F1C71774BD328B0F234080C0FF044E4F4FDBCCCC4CFFC70D96078400814E0B9C9F9FB789890983D5E996842340A02F707575D57FD581DF6179200810E8BCC0A70E56EFCF9B5B5B5B6D7575B5CDCDCDFD82717C7CDC6667673B0F24200102DD11F8D4C1EA9DB9B9B9D9363636FABF953B3C3C6C6767676D7E7EBEF55E05BFB0B0D01D09490810E8BCC0970CD6FAFAFAF3570D777676DAD2D2523B383830589D7F3C0424D02D814F1FAC6E9D2B0D0102C902BD3FA1F5FE1DF2BBFFD2FDBFDFC0CFEBB0921F09D9097457E0C35E87E53B8E76B764C9087C478177BD70D4607DC747C24D04BA2BF0AEC1BABDBD6DF7F7F7DDBD4E320204BE95C0F8F8781B1C1CFCED4D2FFE2714DF4AC2310408440B18ACE8FA8427504BC060D5EADBB504A2050C56747DC213A82560B06AF5ED5A02D102062BBA3EE109D4123058B5FA762D81680183155D9FF0046A0918AC5A7DBB9640B480C18AAE4F7802B5040C56ADBE5D4B205AC06045D7273C815A0206AB56DFAE25102D60B0A2EB139E402D018355AB6FD71288163058D1F5094FA09680C1AAD5B76B09440B18ACE8FA8427504BC060D5EADBB504A2050C56747DC213A82560B06AF5ED5A02D102062BBA3EE109D4123058B5FA762D81680183155D9FF0046A0918AC5A7DBB9640B480C18AAE4F7802B5040C56ADBE5D4B205AC06045D7273C815A0206AB56DFAE25102D60B0A2EB139E402D018355AB6FD71288163058D1F5094FA09680C1AAD5B76B09440B18ACE8FA8427504BC060D5EADBB504A2050C56747DC213A82560B06AF5ED5A02D102062BBA3EE109D4123058B5FA762D81680183155D9FF0046A0918AC5A7DBB9640B480C18AAE4F7802B5040C56ADBE5D4B205AC06045D7273C815A0206AB56DFAE25102D60B0A2EB139E402D018355AB6FD71288163058D1F5094FA09680C1AAD5B76B09440B18ACE8FA8427504BC060D5EADBB504A2050C56747DC213A82560B06AF5ED5A02D102062BBA3EE109D4123058B5FA762D81680183155D9FF0046A0918AC5A7DBB9640B480C18AAE4F7802B5040C56ADBE5D4B205AC06045D7273C815A0206AB56DFAE25102D60B0A2EB139E402D018355AB6FD71288163058D1F5094FA09680C1AAD5B76B09440B18ACE8FA8427504BC060D5EADBB504A2050C56747DC213A82560B06AF5ED5A02D102062BBA3EE109D4123058B5FA762D81680183155D9FF0046A0918AC5A7DBB9640B480C18AAE4F7802B5040C56ADBE5D4B205AC06045D7273C815A0206AB56DFAE25102D60B0A2EB139E402D018355AB6FD7128816F807D0ED8E43BE7B49AE0000000049454E44AE426082, 2, NULL);
INSERT INTO `ACT_DE_MODEL` VALUES ('c4a8273d-5c43-11ea-9661-00163e2e65eb', 'aaaa', 'qwqw', 'qwqw', NULL, '2020-03-02 13:07:52.007000', 'admin', '2020-03-02 13:07:52.007000', 'admin', 1, '{\"id\":\"canvas\",\"resourceId\":\"canvas\",\"stencilset\":{\"namespace\":\"http://b3mn.org/stencilset/bpmn2.0#\"},\"properties\":{\"process_id\":\"qwqw\",\"name\":\"aaaa\",\"documentation\":\"qwqw\"},\"childShapes\":[{\"bounds\":{\"lowerRight\":{\"x\":130,\"y\":193},\"upperLeft\":{\"x\":100,\"y\":163}},\"childShapes\":[],\"dockers\":[],\"outgoing\":[],\"resourceId\":\"startEvent1\",\"stencil\":{\"id\":\"StartNoneEvent\"}}]}', 0x89504E470D0A1A0A0000000D494844520000002D0000002D08060000003A1AE29A000002E04944415478DAED58DF6B526118DEC52EFA23BA080AEACFF08F48747A5051F157F3D74C10744CA6178A8C5D0B42188B2E4236314B6585919814132744B46A3936E7C19B31AA63FEC8AFF71D79135DCC73BEF38DE03C7038777ECF7978BEE77D5E1716142850F0FF821072ADDD6EDBB3D9ECAB442271EEF178C626938968B55AC271DCD4E9740EC3E1F0613299DC82E7F69593CDE5720F63B1D8D8E7F391743A4D1A8D06E976BB6430181004BEFBFD3ED9DBDB23F051C4EBF54EFD7E7FC766B35999130672E6783CFE33180C5E109A4C26E4B268B55A24140A4DEC76FB07B55A7D8B85BA8BF97CFEA5C3E1208542612EB27FA3542A11B3D92CC8AA3A12AE56AB6FDD6E373938382034D0E97408082058ADD67BB290468591307A9426F0F740ED6F4B4B4B1C750FA3256829FC2FC50D06C31910BF432D25D6D7D787E86139512C1605BD5EFF860AE9EDEDED479812A3D188C80D97CBC54BB609AA8C398CB1C602FBFBFB43C96AE3A4C3CB2725DAE605C4200FD3F48668D2389A33990C6189CDCDCD1690BE2F9A3476091CCD2C51AFD73B40BA209A34969F5EAFC79434CFF37D207D2C9A34B6B559F961053C0F480F4493C67A7915C0734593361A8D53D64A0B82C04B521AE26EC8DAD3A7A7A71F25797A7575F513EBF42897CBCF24A5472A95CAB0CEE9B5B5B5A2A49C8E4422379797977F319C88039D4EF745D24444ACACAC7C66D53DC01A5B40F8B5E49667B158D4814060CC40ED3350B9496D198025B42D779FC6FB832AAB54AA452AA4D163B884CAB5B9409BCCC3193D6A9BCB0C1CC7E941F11FB477C49393931AD8E288FA8E38031474332EA1B414478591B046A309C9FADF071CA005D5CF777676BE4BB89C671B1B1B0FD012F09898FCC3841E07855E805DF866B329CC93C3954AE5317CF43BBC74D43D7C49F277913C54D83E2C0CEF6BB5DA51B7DBEDCD4A16961FEC12BBBBBB4FA3D1E873B0D721924575A9A58404AF5F07D57C40E6093C5FB1A561BDFCF33EC62E81A359F2A453A0408102050AE4C66FB109509232650D3B0000000049454E44AE426082, 0, NULL);
INSERT INTO `ACT_DE_MODEL` VALUES ('cb0d8841-68f1-11ea-9661-00163e2e65eb', '1233', '111', '2232', NULL, '2020-03-18 16:23:49.129000', 'admin', '2020-03-18 16:23:49.129000', 'admin', 1, '{\"version\":0}', NULL, 2, NULL);
INSERT INTO `ACT_DE_MODEL` VALUES ('d2db0219-5ada-11ea-9661-00163e2e65eb', '1', '2', '3', NULL, '2020-02-29 18:04:07.508000', 'admin', '2020-02-29 18:04:07.508000', 'admin', 1, '{\"id\":\"canvas\",\"resourceId\":\"canvas\",\"stencilset\":{\"namespace\":\"http://b3mn.org/stencilset/bpmn2.0#\"},\"properties\":{\"process_id\":\"2\",\"name\":\"1\",\"documentation\":\"3\"},\"childShapes\":[{\"bounds\":{\"lowerRight\":{\"x\":130,\"y\":193},\"upperLeft\":{\"x\":100,\"y\":163}},\"childShapes\":[],\"dockers\":[],\"outgoing\":[],\"resourceId\":\"startEvent1\",\"stencil\":{\"id\":\"StartNoneEvent\"}}]}', 0x89504E470D0A1A0A0000000D494844520000002D0000002D08060000003A1AE29A000002E04944415478DAED58DF6B526118DEC52EFA23BA080AEACFF08F48747A5051F157F3D74C10744CA6178A8C5D0B42188B2E4236314B6585919814132744B46A3936E7C19B31AA63FEC8AFF71D79135DCC73BEF38DE03C7038777ECF7978BEE77D5E1716142850F0FF821072ADDD6EDBB3D9ECAB442271EEF178C626938968B55AC271DCD4E9740EC3E1F0613299DC82E7F69593CDE5720F63B1D8D8E7F391743A4D1A8D06E976BB6430181004BEFBFD3ED9DBDB23F051C4EBF54EFD7E7FC766B35999130672E6783CFE33180C5E109A4C26E4B268B55A24140A4DEC76FB07B55A7D8B85BA8BF97CFEA5C3E1208542612EB27FA3542A11B3D92CC8AA3A12AE56AB6FDD6E373938382034D0E97408082058ADD67BB290468591307A9426F0F740ED6F4B4B4B1C750FA3256829FC2FC50D06C31910BF432D25D6D7D787E86139512C1605BD5EFF860AE9EDEDED479812A3D188C80D97CBC54BB609AA8C398CB1C602FBFBFB43C96AE3A4C3CB2725DAE605C4200FD3F48668D2389A33990C6189CDCDCD1690BE2F9A3476091CCD2C51AFD73B40BA209A34969F5EAFC79434CFF37D207D2C9A34B6B559F961053C0F480F4493C67A7915C0734593361A8D53D64A0B82C04B521AE26EC8DAD3A7A7A71F25797A7575F513EBF42897CBCF24A5472A95CAB0CEE9B5B5B5A2A49C8E4422379797977F319C88039D4EF745D24444ACACAC7C66D53DC01A5B40F8B5E49667B158D4814060CC40ED3350B9496D198025B42D779FC6FB832AAB54AA452AA4D163B884CAB5B9409BCCC3193D6A9BCB0C1CC7E941F11FB477C49393931AD8E288FA8E38031474332EA1B414478591B046A309C9FADF071CA005D5CF777676BE4BB89C671B1B1B0FD012F09898FCC3841E07855E805DF866B329CC93C3954AE5317CF43BBC74D43D7C49F277913C54D83E2C0CEF6BB5DA51B7DBEDCD4A16961FEC12BBBBBB4FA3D1E873B0D721924575A9A58404AF5F07D57C40E6093C5FB1A561BDFCF33EC62E81A359F2A453A0408102050AE4C66FB109509232650D3B0000000049454E44AE426082, 0, NULL);
INSERT INTO `ACT_DE_MODEL` VALUES ('debe86ba-5ada-11ea-9661-00163e2e65eb', '1', '211', '3', NULL, '2020-02-29 18:04:27.452000', 'admin', '2020-02-29 18:04:27.452000', 'admin', 1, '{\"id\":\"canvas\",\"resourceId\":\"canvas\",\"stencilset\":{\"namespace\":\"http://b3mn.org/stencilset/bpmn2.0#\"},\"properties\":{\"process_id\":\"211\",\"name\":\"1\",\"documentation\":\"3\"},\"childShapes\":[{\"bounds\":{\"lowerRight\":{\"x\":130,\"y\":193},\"upperLeft\":{\"x\":100,\"y\":163}},\"childShapes\":[],\"dockers\":[],\"outgoing\":[],\"resourceId\":\"startEvent1\",\"stencil\":{\"id\":\"StartNoneEvent\"}}]}', 0x89504E470D0A1A0A0000000D494844520000002D0000002D08060000003A1AE29A000002E04944415478DAED58DF6B526118DEC52EFA23BA080AEACFF08F48747A5051F157F3D74C10744CA6178A8C5D0B42188B2E4236314B6585919814132744B46A3936E7C19B31AA63FEC8AFF71D79135DCC73BEF38DE03C7038777ECF7978BEE77D5E1716142850F0FF821072ADDD6EDBB3D9ECAB442271EEF178C626938968B55AC271DCD4E9740EC3E1F0613299DC82E7F69593CDE5720F63B1D8D8E7F391743A4D1A8D06E976BB6430181004BEFBFD3ED9DBDB23F051C4EBF54EFD7E7FC766B35999130672E6783CFE33180C5E109A4C26E4B268B55A24140A4DEC76FB07B55A7D8B85BA8BF97CFEA5C3E1208542612EB27FA3542A11B3D92CC8AA3A12AE56AB6FDD6E373938382034D0E97408082058ADD67BB290468591307A9426F0F740ED6F4B4B4B1C750FA3256829FC2FC50D06C31910BF432D25D6D7D787E86139512C1605BD5EFF860AE9EDEDED479812A3D188C80D97CBC54BB609AA8C398CB1C602FBFBFB43C96AE3A4C3CB2725DAE605C4200FD3F48668D2389A33990C6189CDCDCD1690BE2F9A3476091CCD2C51AFD73B40BA209A34969F5EAFC79434CFF37D207D2C9A34B6B559F961053C0F480F4493C67A7915C0734593361A8D53D64A0B82C04B521AE26EC8DAD3A7A7A71F25797A7575F513EBF42897CBCF24A5472A95CAB0CEE9B5B5B5A2A49C8E4422379797977F319C88039D4EF745D24444ACACAC7C66D53DC01A5B40F8B5E49667B158D4814060CC40ED3350B9496D198025B42D779FC6FB832AAB54AA452AA4D163B884CAB5B9409BCCC3193D6A9BCB0C1CC7E941F11FB477C49393931AD8E288FA8E38031474332EA1B414478591B046A309C9FADF071CA005D5CF777676BE4BB89C671B1B1B0FD012F09898FCC3841E07855E805DF866B329CC93C3954AE5317CF43BBC74D43D7C49F277913C54D83E2C0CEF6BB5DA51B7DBEDCD4A16961FEC12BBBBBB4FA3D1E873B0D721924575A9A58404AF5F07D57C40E6093C5FB1A561BDFCF33EC62E81A359F2A453A0408102050AE4C66FB109509232650D3B0000000049454E44AE426082, 0, NULL);
INSERT INTO `ACT_DE_MODEL` VALUES ('f2986f7f-68ef-11ea-9661-00163e2e65eb', 'form1', 'form1', 'form1', NULL, '2020-03-18 16:10:36.477000', 'admin', '2020-03-18 16:10:36.477000', 'admin', 1, '{\"version\":0}', NULL, 2, NULL);
INSERT INTO `ACT_DE_MODEL` VALUES ('f654ca85-5f6c-11ea-9661-00163e2e65eb', '兔兔流表1', 'tutuliubiao01', '', NULL, '2020-03-06 13:40:18.208000', 'admin', '2020-03-06 13:41:38.475000', 'admin', 1, '{\"name\":\"兔兔流表1\",\"key\":\"tutuliubiao01\",\"version\":0,\"fields\":[{\"fieldType\":\"FormField\",\"id\":\"label\",\"name\":\"Label\",\"type\":\"text\",\"required\":false,\"readOnly\":false,\"overrideId\":false},{\"fieldType\":\"FormField\",\"id\":\"label\",\"name\":\"Label\",\"type\":\"decimal\",\"required\":false,\"readOnly\":false,\"overrideId\":false},{\"fieldType\":\"FormField\",\"id\":\"label\",\"name\":\"Label\",\"type\":\"upload\",\"required\":false,\"readOnly\":false,\"overrideId\":false},{\"fieldType\":\"FormField\",\"id\":\"label\",\"name\":\"Label\",\"type\":\"functional-group\",\"required\":false,\"readOnly\":false,\"overrideId\":false}],\"outcomes\":[]}', 0x89504E470D0A1A0A0000000D494844520000012C000000760806000000721FAE5000000AB949444154785EEDDD694854DF1FC7F1AF4BBF2473C925D1B2A0A80CDB284B328236A9E8414554443D8A20A2076D18143D492B28090AEA414F8C9E1454081211511915D22AB692056D681884A6A5B9B4F8E77BF82B56A33373EFF53ACBFB821879CF9C735FE7F061E6DE33E744B4B7B7770A0702082010040211045610F4124D4400012340603110104020680408ACA0E92A1A8A0002041663000104824680C00A9AAEA2A10820406031061040206804BC06566767A7E80F07020820E08640444484E88FA7C36B607DFEFC59525353DD68277520800002F2F3E74F898E8E26B0180B082010F8020456E0F7112D440081FF0BD80AACAF5FBF4A7C7C3C98082080802B028E05D681030764DFBE7DDD8DBE7AF5AA2C5EBCF88F8B686C6C94C4C444572E8C4A104020F4041C0F2C7D6A78F1E245F3CE4B03ABB9B959DADBDBA5AAAA4A72727208ACD01B435C1102AE09381A583B76EC90C2C242C9C8C890ACAC2CC9CECE96F4F47479F9F2A58C1F3F5EF423644A4A8A6B1747450820105A028E055668B170350820108802045620F60A6D4200018F028E0556646464AF13BAB047000104AC0AD4D4D4485A5A9A294E605955A41C0208B822F0E9D327494A4A22B05CD1A6120410B025505F5F2F71717104962D450A2380802B0204962BCC548200024E08F46B60757474C8AE5DBBA4B8B858626262BADBDBD2D222B1B1B14EB49FD74000813012E8D7C052C76DDBB6C9DEBD7BCDD2335A596969A9AC59B3C6CC72EF6D2D9B30F2E7521140C00F015702EBF0E1C3D2DADA6ABEA25359592913274E344DECBA79E6477B39150104C258A0AEAE4E929393EDDF74EFB9801FF3B0C2784471E908F4A38063F3B05871B41F7B89974600817F046C4D1C25B018510820E0A680ADC0D2A563DADADADC6C2F75218040180B0C1B364CA2A2A23C0A78DD84228CDDB8740410083001022BC03A84E6208040EF020416A3030104824680C00A9AAEA2A10820406031061040206804BC06967E6F501F3372208000026E08E8F7937592BAA7C36B60310FCB8D2EA20E0410E812B0350F8BC062202180809B0204969BDAD4850002B6046C05565F5BD5EB86AA2C2563AB6F288C00027F093816586C55CFD8420081FE16703CB07EFFFE2D25252592999969B6AAFFF6ED9BBC78F1429A9A9A24373797ADEAFBBB47797D044258C0B1C02A2A2A924D9B36C989132724212141A64E9D6A424B17EEABA8A8909C9C1C69686830DBD8732080000256041C0B2C2B955306010410F04780C0F2478B7311406040051C0B2C96481ED07EA472044256C0B125927B4E6B20B04276BC7061080CA8804E50D7FBE27AF00E6B40BB82CA1140C09B40BF6FF3E5AD01FC1D010410F05580C0F2558AF3104060C00508AC01EF021A800002BE0A1058BE4A711E02080CB8008135E05D40031040C05781DADA5A193E7CB839DDD65342B6AAF7959CF31040C0AA8063F3B058C0CF6A17500E0104AC0838F60ECB4AE59441000104FC11B01558EDEDEDF2E3C70F7FEAE35C041040C0B2C0902143AC6F4261B9560A228000020E0B78DD35C7E1FA7839041040C0B2008165998E820820E0B60081E5B638F5218080650102CB321D051140C06D01AF81F5FDFB77D127851C082080801B02F1F1F1121515E5B12AAF81C5C45137BA883A1040A04BC0D63C2C028B818400026E0A10586E6A53170208D812B015587D6D55DFD6D6263131317F344E3759D5B5DF39104000012B028E05165BD55BE1A70C0208F823E07860FDFAF54B8E1F3F2ED9D9D966AB7A7D1756565626C9C9C9929797C756F5FEF40EE72280C01F028E05566161A1CC9B374F1E3E7C28717171327AF46889888890FCFC7CB974E992F9FDF6ED5B13641C082080801501C702CB4AE59441000104FC1120B0FCD1E25C0410705DA0B3B3D37C5AD3C3B1C0EAE8E890FFFEFBCFEBC5D4D5D5998F8B1C082080802F02EFDEBD93112346381B589EA62CE8E27ED5D5D53279F2E4EE76353636762F28EF4B6339070104C25B40DFE4E8433B47DF61F50CAC2B57AEC8B56BD764F0E0C166DED5C1830709ACF01E735C3D029605FA3DB0CE9D3B27EBD6ADF3D840DE6159EE370A22109602AE04D6B265CBBA71F51BD65D87B7C0D2795CBD7D1BBBAFBF85654F72D108848140BF07565F863D03EBC89123B27BF76E696E6E96A143879A62C5C5C5525050E0F1254E9E3C295BB76EB5D5451F3E7CF07AD3FFD4A953B279F3E67FEA3976EC986CDFBEDD56FD14460001FF040232B06EDFBE6D6EACE96F7D87B573E74ED1C7998F1F3F9669D3A699C79A5D81F5FAF56BB977EF9E396FFDFAF57F5CFDAD5BB7E4D9B367A26B756918565656CA8C193344CB343434486A6AAA8C1D3B565A5A5A243636561E3C7820B366CD320F07468D1A25A74F9F96D6D65653461FA1CE9E3DDB84E9D3A74FA5BCBC9CC0F26FAC713602B6050634B07A4E6BB87FFFBEE8CDFADCDC5C292A2A3217969E9E2E3367CE34813367CE1C133E93264D92EBD7AFCBA3478F64CF9E3D2688F48BD513264CF827B02A2A2AE4C99327525F5F2F53A64C91254B96C89B376FCCBB2A9D699F9494641E06A4A4A4C8DDBB774D30BD7AF5CA3CC9D4A02A292931E1B865CB16737E5A5A9A092C7DCDF3E7CF9B7B73090909A6AD999999B63B8317400081BE051C9BD6D0733DACDADA5A193972A457FBDEE661E993C5A54B977A2DEFEB095D1F377D3D9FF31040203005DEBF7F2F191919A671B6268EB2805F607630AD4220540508AC50ED59AE0B811014B015583ACD40EF4171208000026E08444747777FAFF0EFFABC6E42E14603A903010410F04580C0F2458973104020200408AC80E8061A810002BE081058BE28710E0208048400811510DD40231040C01701AF81D5D4D46466A473208000026E08E857EBF449A1A7C36B603171D48D2EA20E0410E812B0350F8BC062202180809B0204969BDAD4850002B6046C05565F5BD57BFA1B0BF0D9EA2B0A2310F6028E0556D756F57A13FECB972FF2FCF9731933668C8C1B37CE2CD3A2FFD6C5FB121313C31E1D000410B026E07860E90B6A78E9C277BA55BD3E493C7AF4A859E36AEEDCB90496B57EA2140208D85D5EA6E7C7BEFDFBF7772F68A72B79EA3BA98F1F3FCAC68D1BCD2A9E6BD7AE95AAAA2AB3281F070208206045C0B17758562AA70C020820E08F0081E58F16E7228080EB02FDB255BDEEF23C68D0208F17E3CB16F6AE2B50210208048580636BBAF7BC87E569ABFA2E0D022B28C6058D442020055CDF3587C00AC87140A310080A01022B28BA89462280800A045460F5BCA146F7208000027F0B0C5860959595C9F2E5CB4D7BBA6ED2B7B7B79B1D9CF547C34B8F1B376E487E7EBED9E0421F63EADFBA36BBD01BFBFA7FBAD9A9FEE8BFF9C8C92047207405062CB094F4C2850BB268D1223973E68C4C9F3EDDECFAAC5BD06B702D5CB8D06C1B7FF3E64D993F7FBE9974AADBCA676565C9CA952B4D8FE806A9BA73B3EEBEACBB396B19BD20DD319A030104424F60C002EBF2E5CBE67B861B366C90D2D25259B06081E823CB3B77EE98E0D1DD9F75FBF9EAEA6A29282830DBC5AF5EBDDA9459B56A959C3D7BD68497FED6C0CACBCB137D52B962C50AD34BFA0E2D323232F47A8C2B42208C051C9BD6D0733D2CDD4E3A3333F31F56FDD8D6DBFC2C6F7D70E8D02113601A569E8EF2F272137A1C082010BA023535356C551FBADDCB952110BA02B6BE9AC38AA3A13B30B832040251C0566005E205D1260410084F01AF9B5084270B578D0002812840600562AFD0260410F02840603130104020680408ACA0E92A1A8A0002041663000104824680C00A9AAEA2A1082040603106104020680408ACA0E92A1A8A0002FF0348FE7EAD920528890000000049454E44AE426082, 2, NULL);
INSERT INTO `ACT_DE_MODEL` VALUES ('f8394678-6073-11ea-9661-00163e2e65eb', 'GQ测试', 'gqtest001', '', NULL, '2020-03-07 21:02:59.016000', 'admin', '2020-03-07 21:10:09.155000', 'admin', 1, '{\"modelId\":\"f8394678-6073-11ea-9661-00163e2e65eb\",\"bounds\":{\"lowerRight\":{\"x\":1200,\"y\":1050},\"upperLeft\":{\"x\":0,\"y\":0}},\"properties\":{\"process_id\":\"gqtest001\",\"name\":\"GQ测试\",\"documentation\":\"\",\"process_author\":\"\",\"process_version\":\"\",\"process_namespace\":\"http://www.flowable.org/processdef\",\"process_historylevel\":\"\",\"isexecutable\":true,\"dataproperties\":\"\",\"executionlisteners\":\"\",\"eventlisteners\":\"\",\"signaldefinitions\":\"\",\"messagedefinitions\":\"\",\"process_potentialstarteruser\":\"\",\"process_potentialstartergroup\":\"\",\"iseagerexecutionfetch\":\"false\"},\"childShapes\":[{\"resourceId\":\"startEvent1\",\"properties\":{\"overrideid\":\"\",\"name\":\"\",\"documentation\":\"\",\"executionlisteners\":\"\",\"initiator\":\"\",\"formkeydefinition\":\"\",\"formreference\":\"\",\"formproperties\":\"\"},\"stencil\":{\"id\":\"StartNoneEvent\"},\"childShapes\":[],\"outgoing\":[{\"resourceId\":\"sid-8475CBC1-E61F-46E9-A743-B51F0EEB3411\"}],\"bounds\":{\"lowerRight\":{\"x\":130,\"y\":193},\"upperLeft\":{\"x\":100,\"y\":163}},\"dockers\":[]},{\"resourceId\":\"sid-A5DA5E2D-151F-4D2D-B209-FDEBECEDCB7C\",\"properties\":{\"overrideid\":\"\",\"name\":\"申请\",\"documentation\":\"\",\"asynchronousdefinition\":\"false\",\"exclusivedefinition\":\"false\",\"executionlisteners\":\"\",\"multiinstance_type\":\"None\",\"multiinstance_cardinality\":\"\",\"multiinstance_collection\":\"\",\"multiinstance_variable\":\"\",\"multiinstance_condition\":\"\",\"isforcompensation\":\"false\",\"usertaskassignment\":{\"assignment\":{\"type\":\"idm\",\"idm\":{\"type\":\"initiator\"}}},\"formkeydefinition\":\"\",\"formreference\":{\"id\":\"a32b5469-6074-11ea-9661-00163e2e65eb\",\"name\":\"GQ测试表单01\",\"key\":\"gqceshibiaodan01\"},\"duedatedefinition\":\"\",\"prioritydefinition\":\"\",\"formproperties\":\"\",\"tasklisteners\":\"\",\"skipexpression\":\"\",\"categorydefinition\":\"\"},\"stencil\":{\"id\":\"UserTask\"},\"childShapes\":[],\"outgoing\":[{\"resourceId\":\"sid-A815952A-AA9E-46E7-80A6-E98376BE02AA\"}],\"bounds\":{\"lowerRight\":{\"x\":275,\"y\":218},\"upperLeft\":{\"x\":175,\"y\":138}},\"dockers\":[]},{\"resourceId\":\"sid-8475CBC1-E61F-46E9-A743-B51F0EEB3411\",\"properties\":{\"overrideid\":\"\",\"name\":\"\",\"documentation\":\"\",\"conditionsequenceflow\":\"\",\"executionlisteners\":\"\",\"defaultflow\":\"false\",\"skipexpression\":\"\"},\"stencil\":{\"id\":\"SequenceFlow\"},\"childShapes\":[],\"outgoing\":[{\"resourceId\":\"sid-A5DA5E2D-151F-4D2D-B209-FDEBECEDCB7C\"}],\"bounds\":{\"lowerRight\":{\"x\":174.15625,\"y\":178},\"upperLeft\":{\"x\":130.609375,\"y\":178}},\"dockers\":[{\"x\":15,\"y\":15},{\"x\":50,\"y\":40}],\"target\":{\"resourceId\":\"sid-A5DA5E2D-151F-4D2D-B209-FDEBECEDCB7C\"}},{\"resourceId\":\"sid-2DB05690-3E3A-46AF-A1D3-3D9880146720\",\"properties\":{\"overrideid\":\"\",\"name\":\"审批\",\"documentation\":\"\",\"asynchronousdefinition\":\"false\",\"exclusivedefinition\":\"false\",\"executionlisteners\":\"\",\"multiinstance_type\":\"None\",\"multiinstance_cardinality\":\"\",\"multiinstance_collection\":\"\",\"multiinstance_variable\":\"\",\"multiinstance_condition\":\"\",\"isforcompensation\":\"false\",\"usertaskassignment\":{\"assignment\":{\"type\":\"idm\",\"idm\":{\"type\":\"groups\",\"candidateGroups\":[{\"id\":\"dept\",\"name\":\"部门经理\",\"$$hashKey\":\"object:1127\"}]}}},\"formkeydefinition\":\"\",\"formreference\":\"\",\"duedatedefinition\":\"\",\"prioritydefinition\":\"\",\"formproperties\":\"\",\"tasklisteners\":\"\",\"skipexpression\":\"\",\"categorydefinition\":\"\"},\"stencil\":{\"id\":\"UserTask\"},\"childShapes\":[],\"outgoing\":[{\"resourceId\":\"sid-C1979DE6-CB68-422C-929C-7DD94CE5B42F\"}],\"bounds\":{\"lowerRight\":{\"x\":420,\"y\":218},\"upperLeft\":{\"x\":320,\"y\":138}},\"dockers\":[]},{\"resourceId\":\"sid-A815952A-AA9E-46E7-80A6-E98376BE02AA\",\"properties\":{\"overrideid\":\"\",\"name\":\"\",\"documentation\":\"\",\"conditionsequenceflow\":\"\",\"executionlisteners\":\"\",\"defaultflow\":\"false\",\"skipexpression\":\"\"},\"stencil\":{\"id\":\"SequenceFlow\"},\"childShapes\":[],\"outgoing\":[{\"resourceId\":\"sid-2DB05690-3E3A-46AF-A1D3-3D9880146720\"}],\"bounds\":{\"lowerRight\":{\"x\":319.15625,\"y\":178},\"upperLeft\":{\"x\":275.84375,\"y\":178}},\"dockers\":[{\"x\":50,\"y\":40},{\"x\":50,\"y\":40}],\"target\":{\"resourceId\":\"sid-2DB05690-3E3A-46AF-A1D3-3D9880146720\"}},{\"resourceId\":\"sid-8E451C0F-DD28-416A-975D-A4548C4ADB63\",\"properties\":{\"overrideid\":\"\",\"name\":\"\",\"documentation\":\"\",\"executionlisteners\":\"\"},\"stencil\":{\"id\":\"EndNoneEvent\"},\"childShapes\":[],\"outgoing\":[],\"bounds\":{\"lowerRight\":{\"x\":493,\"y\":192},\"upperLeft\":{\"x\":465,\"y\":164}},\"dockers\":[]},{\"resourceId\":\"sid-C1979DE6-CB68-422C-929C-7DD94CE5B42F\",\"properties\":{\"overrideid\":\"\",\"name\":\"\",\"documentation\":\"\",\"conditionsequenceflow\":\"\",\"executionlisteners\":\"\",\"defaultflow\":\"false\",\"skipexpression\":\"\"},\"stencil\":{\"id\":\"SequenceFlow\"},\"childShapes\":[],\"outgoing\":[{\"resourceId\":\"sid-8E451C0F-DD28-416A-975D-A4548C4ADB63\"}],\"bounds\":{\"lowerRight\":{\"x\":464.375,\"y\":178},\"upperLeft\":{\"x\":420.390625,\"y\":178}},\"dockers\":[{\"x\":50,\"y\":40},{\"x\":14,\"y\":14}],\"target\":{\"resourceId\":\"sid-8E451C0F-DD28-416A-975D-A4548C4ADB63\"}}],\"stencil\":{\"id\":\"BPMNDiagram\"},\"stencilset\":{\"namespace\":\"http://b3mn.org/stencilset/bpmn2.0#\",\"url\":\"../editor/stencilsets/bpmn2.0/bpmn2.0.json\"}}', 0x89504E470D0A1A0A0000000D49484452000000FF000000400806000000D594A16A000005FC4944415478DAED9CCF4F93771CC73978D861C71D76D86147FF801D76F040B2AB893B6094FE486D9884D646A932E4408CB67112249909DB242173E18766091733366342CBB484AC81ECB064153643E3708C006A85820805BEFB7E486B5A83087DFA887EFB7A25DF344FDA3E3C7DF37E3FDFDF4F4505000000000000000000C0DB88526A5F3299EC8BC7E3EBD168540D0C0C18572291888AC5628F7471A1AF59FA8205C4984343436A767656ADACAC185BE6E6E6D4DDBB77E7B551ABD0D71C7DC1025223996ECC3C83AEE89A6A0C7DCDD1172C204DD1723066AE687366D0D71C7DC102D267DBEA9F981CFD412522A1CD57C3CCA9D0D71C7DA1C4E67C98F849FDF1CB972FCABF897ECC89BE84BF1CC2FFE7C0F90273CA31E6445FC25F06E197E668BE39E51873A22FE12F83F0DF1FFEA6C09C728C39D197F097C9805FBE391990425FC25F26E1FF7BB8BDC09C728C39D197F01B1CFE746AAAC0942F17791F73A22FE13730FCDB19D39426EA5E861F7DE19DE8F31BBC024DA12FE107CC89BE849FF0634EF43529FC959595FB8E1E3DFAC99123479AF4EB7979ADAEAE3E70ECD8B1F7DEC805E83FB6DFEBF576FAFDFEFB4EA7734D5F8472B95CEB67CE9C79D4DCDC3C7AF6ECD9437291849FF0A36F69387CF8F0873A679775D85392B72D4A5ABFF7B57CCEAE0B78DFE3F1F4E8BBCCF28D1B3732E3E3E36A69694909CBCBCBEAC18307EAE6CD9B2A10086C0483C19970385C49F8093FFA5A4387FAA0843B17F4C6C6C6F5DEDE5ED5D7D7A7E45557B81BF937015DAA4A5EDB3B1C8EFFAE5EBDBAA051DBB1B6B6A6868787555D5D5DA6BEBEFE3BC24FF8D1B7387490EB74C948B043A1D08654B05B313D3D2DEFBF6809E8BCD697ACC6D7279BBA7EFD7A4AED0279D8C3E9D3A7576B6A6ABE27FC841F7D8BAAF137832F2D6AA9545F477F7F7F7E57A0AA1417D1D9D6D6765F15412A95523E9F2FAD6F1E5F604EC28FBEBBEAE3A773C1DF0D793780B4D3E9FCC852735F9FE0E9EB9AFADB313131A1DC6EF7137DAE0F3027E147DF1D35F72F4B802F5CB8B0BE931AFF652E5EBC981B0768B77211ED1D1D1D7F298B84C3E1697DAE661B44FA55974ACC699F39B7D2187DEDD35766CA72A3FA93939345E54DC6001C0EC7BAD4FE454F03EA2F0FDDBB772F6D35FC232323ABF2236D102ED7C429101073DAAB31FADAA7AFCCE3CB714343C3A295CC3535352D6507FF0E147B61CF73D3795690A94039978DC215088839EDD5187D6DD577425EBBBBBB57AD64AEA7A76773B0501602157D61A5E2158B136C29E5684EF4B53FFC6F526399C7B7827C3F7BAEF3A6D7FC34FB69F61BA1AFCCD1CB715757D7B3BDAEF9871289C4ACD5F0C7E3F1799BFAFC0CF831E06794BEB93EFFC993272D8DB50583C145AB7DFEF62B57AE8C580DFFB973E792768CF63315C5549FA1537D323BA664097DB1D3EBD9D6C45CD1FB6CB2CB7A9F2C2C2C3CB730CFBFE6743AE798E727FCE8BBE3DC6D36FD4F9C3891918572BB5D5827DFCB86DF5A852B2BFC42A15051B5BF5CC8F1E3C71FB3C28FF0A3EFCEC96EDDFD4D02AC9BEF1BB2547EA74BEAE5F3D9E08F5ADEEA2B6BFBF5891E7676768EED766DFFA953A71675ADFF2D6BFB093FFA16B5C4774C82ECF57A376EDDBAB53970FEAA01F5DBB76FCB66BA5C735FBEF771A99A21FBE506D0D2D29278DDE87F6E575F4D4DCDA2C7E3F96A2FF6F6634EF43561579F749575EEFA7233026EB75B5DBA7449E56FE96D6D6D55BA86CF9F26ECB3B4A6FF552D00E902B85CAEF96BD7AE4D6FB59F5F3615F87CBEE7B5B5B5E3FAB39F56EC1198137D4D7A9887ECF073381C91EDD605E81B455C97CFEDBE1B492BA05DDF6D7ED71724CB76651D71C6EFF7270381C0CFBAB6FF8C27F9107EF4B5A72B2001CF7F8C976CDD2D794DFF2E8339D1970778127ECC89BE849FF0634EF425FC841F73A22FE127FC98137D093FE1C79CE84BF8093FE6445FC24FF83127FA127EC28F39D117083FE1475F781B8946A3E564CE656DCE0CFA9AA32F5820168B4DCB96E27230E7D4D4D48FDA9C63E86B8EBE6081C1C1C14377EEDC793A3333F3CCE41A498C198944FED1A50A7DCDD1172CA2FF6107F51D7B549A6CD26733B0C8EF1ADB2B63A22F00000000000000000000000000000000000000809DFC0F1331ED655D4A319B0000000049454E44AE426082, 0, NULL);
INSERT INTO `ACT_DE_MODEL` VALUES ('fbf52d00-5eb2-11ea-9661-00163e2e65eb', '云图测试', 'ytcs', '', NULL, '2020-03-05 15:29:01.248000', 'admin', '2020-03-05 18:02:01.036000', 'admin', 1, '{\"modelId\":\"fbf52d00-5eb2-11ea-9661-00163e2e65eb\",\"bounds\":{\"lowerRight\":{\"x\":1200,\"y\":1050},\"upperLeft\":{\"x\":0,\"y\":0}},\"properties\":{\"process_id\":\"ytcs\",\"name\":\"云图测试\",\"documentation\":\"\",\"process_author\":\"\",\"process_version\":\"\",\"process_namespace\":\"http://www.flowable.org/processdef\",\"process_historylevel\":\"\",\"isexecutable\":true,\"dataproperties\":\"\",\"executionlisteners\":\"\",\"eventlisteners\":\"\",\"signaldefinitions\":\"\",\"messagedefinitions\":\"\",\"process_potentialstarteruser\":\"\",\"process_potentialstartergroup\":\"\",\"iseagerexecutionfetch\":\"false\"},\"childShapes\":[{\"resourceId\":\"startEvent1\",\"properties\":{\"overrideid\":\"\",\"name\":\"\",\"documentation\":\"\",\"executionlisteners\":\"\",\"initiator\":\"\",\"formkeydefinition\":\"\",\"formreference\":\"\",\"formproperties\":\"\"},\"stencil\":{\"id\":\"StartNoneEvent\"},\"childShapes\":[],\"outgoing\":[{\"resourceId\":\"sid-D5ED9D0C-38AB-4EC9-A090-C35F57D46BAC\"}],\"bounds\":{\"lowerRight\":{\"x\":130,\"y\":193},\"upperLeft\":{\"x\":100,\"y\":163}},\"dockers\":[]},{\"resourceId\":\"sid-D5BCC6BE-0FA3-4306-89E7-31760899264E\",\"properties\":{\"overrideid\":\"\",\"name\":\"\",\"documentation\":\"\",\"asynchronousdefinition\":\"false\",\"exclusivedefinition\":\"false\",\"executionlisteners\":\"\",\"multiinstance_type\":\"None\",\"multiinstance_cardinality\":\"\",\"multiinstance_collection\":\"\",\"multiinstance_variable\":\"\",\"multiinstance_condition\":\"\",\"isforcompensation\":\"false\",\"usertaskassignment\":\"\",\"formkeydefinition\":\"\",\"formreference\":\"\",\"duedatedefinition\":\"\",\"prioritydefinition\":\"\",\"formproperties\":\"\",\"tasklisteners\":\"\",\"skipexpression\":\"\",\"categorydefinition\":\"\"},\"stencil\":{\"id\":\"UserTask\"},\"childShapes\":[],\"outgoing\":[{\"resourceId\":\"sid-62D7C90C-CB9F-4653-9DCF-B2023D41B996\"}],\"bounds\":{\"lowerRight\":{\"x\":275,\"y\":218},\"upperLeft\":{\"x\":175,\"y\":138}},\"dockers\":[]},{\"resourceId\":\"sid-D5ED9D0C-38AB-4EC9-A090-C35F57D46BAC\",\"properties\":{\"overrideid\":\"\",\"name\":\"\",\"documentation\":\"\",\"conditionsequenceflow\":\"\",\"executionlisteners\":\"\",\"defaultflow\":\"false\",\"skipexpression\":\"\"},\"stencil\":{\"id\":\"SequenceFlow\"},\"childShapes\":[],\"outgoing\":[{\"resourceId\":\"sid-D5BCC6BE-0FA3-4306-89E7-31760899264E\"}],\"bounds\":{\"lowerRight\":{\"x\":174.15625,\"y\":178},\"upperLeft\":{\"x\":130.609375,\"y\":178}},\"dockers\":[{\"x\":15,\"y\":15},{\"x\":50,\"y\":40}],\"target\":{\"resourceId\":\"sid-D5BCC6BE-0FA3-4306-89E7-31760899264E\"}},{\"resourceId\":\"sid-AB76BCE3-0051-400E-8119-95FEF02393FA\",\"properties\":{\"overrideid\":\"\",\"name\":\"\",\"documentation\":\"\",\"asynchronousdefinition\":\"false\",\"exclusivedefinition\":\"false\",\"executionlisteners\":\"\",\"multiinstance_type\":\"None\",\"multiinstance_cardinality\":\"\",\"multiinstance_collection\":\"\",\"multiinstance_variable\":\"\",\"multiinstance_condition\":\"\",\"isforcompensation\":\"false\",\"usertaskassignment\":\"\",\"formkeydefinition\":\"\",\"formreference\":\"\",\"duedatedefinition\":\"\",\"prioritydefinition\":\"\",\"formproperties\":\"\",\"tasklisteners\":\"\",\"skipexpression\":\"\",\"categorydefinition\":\"\"},\"stencil\":{\"id\":\"UserTask\"},\"childShapes\":[],\"outgoing\":[{\"resourceId\":\"sid-4E867615-2FDC-42E8-A64D-F2B922A30F1C\"}],\"bounds\":{\"lowerRight\":{\"x\":420,\"y\":218},\"upperLeft\":{\"x\":320,\"y\":138}},\"dockers\":[]},{\"resourceId\":\"sid-62D7C90C-CB9F-4653-9DCF-B2023D41B996\",\"properties\":{\"overrideid\":\"\",\"name\":\"\",\"documentation\":\"\",\"conditionsequenceflow\":\"\",\"executionlisteners\":\"\",\"defaultflow\":\"false\",\"skipexpression\":\"\"},\"stencil\":{\"id\":\"SequenceFlow\"},\"childShapes\":[],\"outgoing\":[{\"resourceId\":\"sid-AB76BCE3-0051-400E-8119-95FEF02393FA\"}],\"bounds\":{\"lowerRight\":{\"x\":319.15625,\"y\":178},\"upperLeft\":{\"x\":275.84375,\"y\":178}},\"dockers\":[{\"x\":50,\"y\":40},{\"x\":50,\"y\":40}],\"target\":{\"resourceId\":\"sid-AB76BCE3-0051-400E-8119-95FEF02393FA\"}},{\"resourceId\":\"sid-00B7E509-6118-4B0F-AA4F-8524145212A0\",\"properties\":{\"overrideid\":\"\",\"name\":\"\",\"documentation\":\"\",\"executionlisteners\":\"\",\"timercycledefinition\":\"\",\"timerdatedefinition\":\"\",\"timerdurationdefinition\":\"\"},\"stencil\":{\"id\":\"CatchTimerEvent\"},\"childShapes\":[],\"outgoing\":[{\"resourceId\":\"sid-5CF08210-56EC-4C5D-A712-E848A61988D1\"}],\"bounds\":{\"lowerRight\":{\"x\":496,\"y\":193.5},\"upperLeft\":{\"x\":465,\"y\":162.5}},\"dockers\":[{\"x\":480.5,\"y\":178}]},{\"resourceId\":\"sid-4E867615-2FDC-42E8-A64D-F2B922A30F1C\",\"properties\":{\"overrideid\":\"\",\"name\":\"\",\"documentation\":\"\",\"conditionsequenceflow\":\"\",\"executionlisteners\":\"\",\"defaultflow\":\"false\",\"skipexpression\":\"\"},\"stencil\":{\"id\":\"SequenceFlow\"},\"childShapes\":[],\"outgoing\":[{\"resourceId\":\"sid-00B7E509-6118-4B0F-AA4F-8524145212A0\"}],\"bounds\":{\"lowerRight\":{\"x\":465.25782264512605,\"y\":178.42908929119426},\"upperLeft\":{\"x\":420.42967735487395,\"y\":178.22716070880574}},\"dockers\":[{\"x\":50,\"y\":40},{\"x\":16,\"y\":16}],\"target\":{\"resourceId\":\"sid-00B7E509-6118-4B0F-AA4F-8524145212A0\"}},{\"resourceId\":\"sid-7C25F807-2305-47A3-9D89-6BD44847C958\",\"properties\":{\"overrideid\":\"\",\"name\":\"\",\"documentation\":\"\",\"asynchronousdefinition\":\"false\",\"exclusivedefinition\":\"false\",\"executionlisteners\":\"\",\"multiinstance_type\":\"None\",\"multiinstance_cardinality\":\"\",\"multiinstance_collection\":\"\",\"multiinstance_variable\":\"\",\"multiinstance_condition\":\"\",\"isforcompensation\":\"false\",\"usertaskassignment\":\"\",\"formkeydefinition\":\"\",\"formreference\":\"\",\"duedatedefinition\":\"\",\"prioritydefinition\":\"\",\"formproperties\":\"\",\"tasklisteners\":\"\",\"skipexpression\":\"\",\"categorydefinition\":\"\"},\"stencil\":{\"id\":\"UserTask\"},\"childShapes\":[],\"outgoing\":[],\"bounds\":{\"lowerRight\":{\"x\":641,\"y\":218},\"upperLeft\":{\"x\":541,\"y\":138}},\"dockers\":[]},{\"resourceId\":\"sid-5CF08210-56EC-4C5D-A712-E848A61988D1\",\"properties\":{\"overrideid\":\"\",\"name\":\"\",\"documentation\":\"\",\"conditionsequenceflow\":\"\",\"executionlisteners\":\"\",\"defaultflow\":\"false\",\"skipexpression\":\"\"},\"stencil\":{\"id\":\"SequenceFlow\"},\"childShapes\":[],\"outgoing\":[{\"resourceId\":\"sid-7C25F807-2305-47A3-9D89-6BD44847C958\"}],\"bounds\":{\"lowerRight\":{\"x\":540.1562603304185,\"y\":178.429048342411},\"upperLeft\":{\"x\":496.60936466958157,\"y\":178.231107907589}},\"dockers\":[{\"x\":16,\"y\":16},{\"x\":50,\"y\":40}],\"target\":{\"resourceId\":\"sid-7C25F807-2305-47A3-9D89-6BD44847C958\"}}],\"stencil\":{\"id\":\"BPMNDiagram\"},\"stencilset\":{\"namespace\":\"http://b3mn.org/stencilset/bpmn2.0#\",\"url\":\"../editor/stencilsets/bpmn2.0/bpmn2.0.json\"}}', 0x89504E470D0A1A0A0000000D494844520000010D0000003508060000005B4CBE7C000005D84944415478DAED9C4D48635718865DCCA28B82C26CBA7021D47577DDF857172E5C082DF897989868D464A115AD688C440C622BAE946E4441DD88BF452932EA60CC68C456B152EB8C23454699525163AD1D1D47A3D1AFE74BBDE2CFD451C98D37E67DE070CDBD01E3F7BE79F39D734F0C090100000000000000000000000070BF10D1A3E5E5E5DEA9A9A9E3D1D1511A191951ECB0DBEDE4743AFF12438B7AF8A71EF02BF4B9020B303131412E978BDC6EB7E2C7E6E6268D8F8FBF1182A4A01EF2D7037E853E57E0C4BE2CC08BA795F4DB9352EF51A142B845922FA21EF2D743E97E55BA360F521F6EF12EFF912C8234942A8410E108F590BF1E4AF76B2068F3E0F4E1B95780BE4908F590BF1E4AF76B0085062134101A30254203A1218DA59F1ABD22F011A111DCF550BA5F03419B871D1A0707F47CB8E2427AF3633E1F94A1817A28D7AF01A4CD830E8DF3025C1EC1181AA88772FD1A48DA04C5F42410863FA727C15C0FF815FA4004D4037E853E1001F5406804953EF1F1F18FF47A7D724141C1CF999999872A958A743A9DA7B4B474B9A1A1E1DBACACAC8F2002424309A1C15EADACACFCA6BCBCFC77E1D963F6AAF02C59ADD6DDA6A6A61F3B3A3A3E4368C8AC8F46A30937180CCFABAAAA766767676967678798BDBD3D9A9B9BA3DADA5A2A2C2CDCE9EAEAFA1C222034EE3334D46A758CD168DC147E3D898D8DA5C78F1FF3EFA3D0D050E2C7454545949B9B7B525D5DFD839C1F7441ADCF6960AC0F0D0D1D7A3C1EFA3F1C0E07959494787A7A7ABE8008088DFB080D0E0CD1511CA4A7A7534444048703B5B6B652777737B5B4B4505E5E1E4546467ABB8E9A9A1A125DF30BB9822368F5399D92FC3A3838784037808343741CBB369B2D0C222034FC590FF6AA08803FD2D2D24E121212A8ACACECCC970B0B0B673FF3F9A4A424CAC9C9A1C6C6C6431124EDD0C787FA88E4FECA6C36FF795D8771199EAA3437377F0F11101AFEAC87E82E54A283D8E50E4378F682277B7B7B2F3CE6EBDC710C0C0C90C964DAE20E05FAF8489F8C8C8C273333336FE916F01A87C56259F545E1552AD53331E2F126413D3E540F318576C4C4C49CD4D7D79398225F1B1A3C5DE9ECECA4C4C444EE8EB784CFBB7CF95A823D34DE498B9E3785174779C5DA47A6A0D3F10C6F12D4E3BA7A68341A372F7AAEACAC507B7BFB8529093F470A0E3ECFD7D7D6D6282C2C8CF6F7F749F8DCE5CBD7C2E111B4FA7011EEC2B902FA6C04BA08A887BCF5E011E2FD2F7BFF7512D7215D979E0FBFFAB6D3D8BB4BA7C1FB37D08E637AE2CF7A70572C751A151515D77A94AF9FEF34D46AF53AA627BEEB34062627275FDD764DA3A4A464090B4B5808F5673D78FD2D3A3ADAC36B1A8CC56279EFDD13E9BCB4A6313C3CFC52844627F4F1E1DD93C2C2C2C5DB84465D5DDDB1D96CFE1A222034FC7DF7242D2D6D3D3C3C9CB6B7B7CF3A0A9E8AF01A061FA50E84AFF3DD93FEFE7E32180CABE73B04E8E3837D1A22387EE9EBEB5BB9E93E0D93C9B4969A9AFA31444068F87B9F8646A3594E4E4E3EE07D1A52705C86CF4BFB344457B2213A9426E823C38E5051D8571C1C1FDA119A9F9FFFB7D168FC14222034EE6B47A8183B2929296EDEAFD1D6D6E65DE360780D83A724D28E50ABD5BA238E63D8112AE3774FB8E3282E2E5E9A9E9EDEE4C54E69D1737E7E9E6C36DB1B91DCAF459B1781BDFC088DFBFEEE09771CE2B8151717E7FDCE49C8E9774FA2A2A24878F8243B3BFBAD5EAFFF4E8E8E18FA5C6AFF4428A4F0E228AF54F36D25AD567B909B9B3B2904D2CA290044403DEE30ADD6EA74BAA7EC51F6AAF0EC91E8825F8A0F37B3F0EA2772BF06E8A3002002EA01BF421F88807A2034A00F4440682034A00F444068C094D007222034604AF815A181D08029E157E80311500FF815FADC99D1D1D14014615F8870847AC85F0FF815FA5CC1E974AEB95CAE8012617575B54B88B0887AC85F0FF815FA5CC1E1707C393636F6CFC6C6C6BB40486C16C06EB7BF162305F590BF1EF02BF4792FE20F4A124938C32D14CFBD143CF8F52DCA2D00EA01BF421F000000000000000000000000000000000000000000000000007077FE05DA2684916C4DE2110000000049454E44AE426082, 0, NULL);

-- ----------------------------
-- Table structure for ACT_DE_MODEL_HISTORY
-- ----------------------------
DROP TABLE IF EXISTS `ACT_DE_MODEL_HISTORY`;
CREATE TABLE `ACT_DE_MODEL_HISTORY`  (
  `id` varchar(255) CHARACTER SET utf8 COLLATE utf8_bin NOT NULL,
  `name` varchar(400) CHARACTER SET utf8 COLLATE utf8_bin NOT NULL,
  `model_key` varchar(400) CHARACTER SET utf8 COLLATE utf8_bin NOT NULL,
  `description` varchar(4000) CHARACTER SET utf8 COLLATE utf8_bin NULL DEFAULT NULL,
  `model_comment` varchar(4000) CHARACTER SET utf8 COLLATE utf8_bin NULL DEFAULT NULL,
  `created` datetime(6) NULL DEFAULT NULL,
  `created_by` varchar(255) CHARACTER SET utf8 COLLATE utf8_bin NULL DEFAULT NULL,
  `last_updated` datetime(6) NULL DEFAULT NULL,
  `last_updated_by` varchar(255) CHARACTER SET utf8 COLLATE utf8_bin NULL DEFAULT NULL,
  `removal_date` datetime(6) NULL DEFAULT NULL,
  `version` int(11) NULL DEFAULT NULL,
  `model_editor_json` longtext CHARACTER SET utf8 COLLATE utf8_bin NULL,
  `model_id` varchar(255) CHARACTER SET utf8 COLLATE utf8_bin NOT NULL,
  `model_type` int(11) NULL DEFAULT NULL,
  `tenant_id` varchar(255) CHARACTER SET utf8 COLLATE utf8_bin NULL DEFAULT NULL,
  PRIMARY KEY (`id`) USING BTREE,
  INDEX `idx_proc_mod_history_proc`(`model_id`) USING BTREE
) ENGINE = InnoDB CHARACTER SET = utf8 COLLATE = utf8_bin ROW_FORMAT = Dynamic;

-- ----------------------------
-- Records of ACT_DE_MODEL_HISTORY
-- ----------------------------
INSERT INTO `ACT_DE_MODEL_HISTORY` VALUES ('0fe574fc-5b18-11ea-9661-00163e2e65eb', '公文传输', 'gwcs', '测试', NULL, '2020-02-29 19:20:29.046000', 'admin', '2020-02-29 19:23:48.815000', 'admin', NULL, 1, '{\"modelId\":\"7daa3a3b-5ae5-11ea-9661-00163e2e65eb\",\"bounds\":{\"lowerRight\":{\"x\":1200,\"y\":1050},\"upperLeft\":{\"x\":0,\"y\":0}},\"properties\":{\"process_id\":\"gwcs\",\"name\":\"公文传输\",\"documentation\":\"测试\",\"process_author\":\"\",\"process_version\":\"\",\"process_namespace\":\"http://www.flowable.org/processdef\",\"process_historylevel\":\"\",\"isexecutable\":true,\"dataproperties\":\"\",\"executionlisteners\":\"\",\"eventlisteners\":\"\",\"signaldefinitions\":\"\",\"messagedefinitions\":\"\",\"process_potentialstarteruser\":\"\",\"process_potentialstartergroup\":\"\",\"iseagerexecutionfetch\":\"false\"},\"childShapes\":[{\"resourceId\":\"startEvent1\",\"properties\":{\"overrideid\":\"\",\"name\":\"\",\"documentation\":\"\",\"executionlisteners\":\"\",\"initiator\":\"\",\"formkeydefinition\":\"\",\"formreference\":\"\",\"formproperties\":\"\"},\"stencil\":{\"id\":\"StartNoneEvent\"},\"childShapes\":[],\"outgoing\":[{\"resourceId\":\"sid-FFC7BC96-C065-4B55-BF60-D5BA44B5AB5E\"}],\"bounds\":{\"lowerRight\":{\"x\":130,\"y\":193},\"upperLeft\":{\"x\":100,\"y\":163}},\"dockers\":[]},{\"resourceId\":\"sid-BBD33B63-F6E6-4407-AB4E-59C71D7AC0DF\",\"properties\":{\"overrideid\":\"\",\"name\":\"一级审批\",\"documentation\":\"\",\"asynchronousdefinition\":\"false\",\"exclusivedefinition\":\"false\",\"executionlisteners\":\"\",\"multiinstance_type\":\"None\",\"multiinstance_cardinality\":\"\",\"multiinstance_collection\":\"\",\"multiinstance_variable\":\"\",\"multiinstance_condition\":\"\",\"isforcompensation\":\"false\",\"usertaskassignment\":{\"assignment\":{\"type\":\"idm\",\"idm\":{\"type\":\"user\",\"assignee\":{\"id\":\"jsiteuser\",\"firstName\":\"普通用户\",\"lastName\":\"\",\"email\":\"\",\"fullName\":\"普通用户 \",\"$$hashKey\":\"object:1889\"}}}},\"formkeydefinition\":\"\",\"formreference\":\"\",\"duedatedefinition\":\"\",\"prioritydefinition\":\"\",\"formproperties\":\"\",\"tasklisteners\":\"\",\"skipexpression\":\"\",\"categorydefinition\":\"\"},\"stencil\":{\"id\":\"UserTask\"},\"childShapes\":[],\"outgoing\":[{\"resourceId\":\"sid-6D14E682-20DA-42FB-A2C9-0117A0F02BB6\"}],\"bounds\":{\"lowerRight\":{\"x\":265,\"y\":218},\"upperLeft\":{\"x\":165,\"y\":138}},\"dockers\":[]},{\"resourceId\":\"sid-FFC7BC96-C065-4B55-BF60-D5BA44B5AB5E\",\"properties\":{\"overrideid\":\"\",\"name\":\"\",\"documentation\":\"\",\"conditionsequenceflow\":\"\",\"executionlisteners\":\"\",\"defaultflow\":\"false\",\"skipexpression\":\"\"},\"stencil\":{\"id\":\"SequenceFlow\"},\"childShapes\":[],\"outgoing\":[{\"resourceId\":\"sid-BBD33B63-F6E6-4407-AB4E-59C71D7AC0DF\"}],\"bounds\":{\"lowerRight\":{\"x\":164.78125,\"y\":178},\"upperLeft\":{\"x\":130.0625,\"y\":178}},\"dockers\":[{\"x\":15,\"y\":15},{\"x\":50,\"y\":40}],\"target\":{\"resourceId\":\"sid-BBD33B63-F6E6-4407-AB4E-59C71D7AC0DF\"}},{\"resourceId\":\"sid-331F19F4-6B1F-4757-8146-C2F777A1936C\",\"properties\":{\"overrideid\":\"\",\"name\":\"二级审批\",\"documentation\":\"\",\"asynchronousdefinition\":\"false\",\"exclusivedefinition\":\"false\",\"executionlisteners\":\"\",\"multiinstance_type\":\"None\",\"multiinstance_cardinality\":\"\",\"multiinstance_collection\":\"\",\"multiinstance_variable\":\"\",\"multiinstance_condition\":\"\",\"isforcompensation\":\"false\",\"usertaskassignment\":{\"assignment\":{\"type\":\"idm\",\"idm\":{\"type\":\"user\",\"assignee\":{\"id\":\"jsitehr\",\"firstName\":\"人力资源\",\"lastName\":\"\",\"email\":\"\",\"fullName\":\"人力资源 \",\"$$hashKey\":\"object:2074\"}}}},\"formkeydefinition\":\"\",\"formreference\":\"\",\"duedatedefinition\":\"\",\"prioritydefinition\":\"\",\"formproperties\":\"\",\"tasklisteners\":\"\",\"skipexpression\":\"\",\"categorydefinition\":\"\"},\"stencil\":{\"id\":\"UserTask\"},\"childShapes\":[],\"outgoing\":[{\"resourceId\":\"sid-2D6E7242-9720-4478-98B9-4BC9EA03ADBC\"}],\"bounds\":{\"lowerRight\":{\"x\":415,\"y\":218},\"upperLeft\":{\"x\":315,\"y\":138}},\"dockers\":[]},{\"resourceId\":\"sid-6D14E682-20DA-42FB-A2C9-0117A0F02BB6\",\"properties\":{\"overrideid\":\"\",\"name\":\"\",\"documentation\":\"\",\"conditionsequenceflow\":\"\",\"executionlisteners\":\"\",\"defaultflow\":\"false\",\"skipexpression\":\"\"},\"stencil\":{\"id\":\"SequenceFlow\"},\"childShapes\":[],\"outgoing\":[{\"resourceId\":\"sid-331F19F4-6B1F-4757-8146-C2F777A1936C\"}],\"bounds\":{\"lowerRight\":{\"x\":314.78125,\"y\":178},\"upperLeft\":{\"x\":265.21875,\"y\":178}},\"dockers\":[{\"x\":50,\"y\":40},{\"x\":50,\"y\":40}],\"target\":{\"resourceId\":\"sid-331F19F4-6B1F-4757-8146-C2F777A1936C\"}},{\"resourceId\":\"sid-92B93BC9-7659-43B6-8025-6285CA4EC245\",\"properties\":{\"overrideid\":\"\",\"name\":\"三级审批\",\"documentation\":\"\",\"asynchronousdefinition\":\"false\",\"exclusivedefinition\":\"false\",\"executionlisteners\":\"\",\"multiinstance_type\":\"None\",\"multiinstance_cardinality\":\"\",\"multiinstance_collection\":\"\",\"multiinstance_variable\":\"\",\"multiinstance_condition\":\"\",\"isforcompensation\":\"false\",\"usertaskassignment\":{\"assignment\":{\"type\":\"idm\",\"idm\":{\"type\":\"user\",\"assignee\":{\"id\":\"dept\",\"firstName\":\"部门经理\",\"lastName\":\"\",\"email\":\"\",\"fullName\":\"部门经理 \",\"$$hashKey\":\"object:3086\"}}}},\"formkeydefinition\":\"\",\"formreference\":\"\",\"duedatedefinition\":\"\",\"prioritydefinition\":\"\",\"formproperties\":\"\",\"tasklisteners\":\"\",\"skipexpression\":\"\",\"categorydefinition\":\"\"},\"stencil\":{\"id\":\"UserTask\"},\"childShapes\":[],\"outgoing\":[{\"resourceId\":\"sid-5E12FCB9-3568-4BFB-8859-69AD5BCDDAC9\"}],\"bounds\":{\"lowerRight\":{\"x\":565,\"y\":218},\"upperLeft\":{\"x\":465,\"y\":138}},\"dockers\":[]},{\"resourceId\":\"sid-2D6E7242-9720-4478-98B9-4BC9EA03ADBC\",\"properties\":{\"overrideid\":\"\",\"name\":\"\",\"documentation\":\"\",\"conditionsequenceflow\":\"\",\"executionlisteners\":\"\",\"defaultflow\":\"false\",\"skipexpression\":\"\"},\"stencil\":{\"id\":\"SequenceFlow\"},\"childShapes\":[],\"outgoing\":[{\"resourceId\":\"sid-92B93BC9-7659-43B6-8025-6285CA4EC245\"}],\"bounds\":{\"lowerRight\":{\"x\":464.78125,\"y\":178},\"upperLeft\":{\"x\":415.21875,\"y\":178}},\"dockers\":[{\"x\":50,\"y\":40},{\"x\":50,\"y\":40}],\"target\":{\"resourceId\":\"sid-92B93BC9-7659-43B6-8025-6285CA4EC245\"}},{\"resourceId\":\"sid-4854A14F-E9AA-46FC-B8B2-9E506470EC5C\",\"properties\":{\"overrideid\":\"\",\"name\":\"\",\"documentation\":\"\",\"executionlisteners\":\"\"},\"stencil\":{\"id\":\"EndNoneEvent\"},\"childShapes\":[],\"outgoing\":[],\"bounds\":{\"lowerRight\":{\"x\":638,\"y\":192},\"upperLeft\":{\"x\":610,\"y\":164}},\"dockers\":[]},{\"resourceId\":\"sid-5E12FCB9-3568-4BFB-8859-69AD5BCDDAC9\",\"properties\":{\"overrideid\":\"\",\"name\":\"\",\"documentation\":\"\",\"conditionsequenceflow\":\"\",\"executionlisteners\":\"\",\"defaultflow\":\"false\",\"skipexpression\":\"\"},\"stencil\":{\"id\":\"SequenceFlow\"},\"childShapes\":[],\"outgoing\":[{\"resourceId\":\"sid-4854A14F-E9AA-46FC-B8B2-9E506470EC5C\"}],\"bounds\":{\"lowerRight\":{\"x\":609.375,\"y\":178},\"upperLeft\":{\"x\":565.390625,\"y\":178}},\"dockers\":[{\"x\":50,\"y\":40},{\"x\":14,\"y\":14}],\"target\":{\"resourceId\":\"sid-4854A14F-E9AA-46FC-B8B2-9E506470EC5C\"}}],\"stencil\":{\"id\":\"BPMNDiagram\"},\"stencilset\":{\"namespace\":\"http://b3mn.org/stencilset/bpmn2.0#\",\"url\":\"../editor/stencilsets/bpmn2.0/bpmn2.0.json\"}}', '7daa3a3b-5ae5-11ea-9661-00163e2e65eb', 0, NULL);
INSERT INTO `ACT_DE_MODEL_HISTORY` VALUES ('1ff25555-3675-11ea-aa63-00163e2e65eb', '请假流程11', 'jsite_leave111', '请假流程111', NULL, '2020-01-05 16:48:46.511000', 'admin', '2020-01-14 10:25:15.949000', 'admin', '2020-01-14 10:25:26.327000', 1, '{\"modelId\":\"2f70fe40-2f98-11ea-9129-00163e2e65eb\",\"bounds\":{\"lowerRight\":{\"x\":1200,\"y\":1050},\"upperLeft\":{\"x\":0,\"y\":0}},\"properties\":{\"process_id\":\"jsite_leave111\",\"name\":\"请假流程11\",\"documentation\":\"请假流程111\",\"process_author\":\"\",\"process_version\":\"\",\"process_namespace\":\"http://www.flowable.org/processdef\",\"process_historylevel\":\"\",\"isexecutable\":true,\"dataproperties\":\"\",\"executionlisteners\":\"{\\\"executionListeners\\\":[]}\",\"eventlisteners\":\"{\\\"eventListeners\\\":[]}\",\"signaldefinitions\":\"[]\",\"messagedefinitions\":\"[]\",\"process_potentialstarteruser\":\"\",\"process_potentialstartergroup\":\"\",\"iseagerexecutionfetch\":\"false\",\"messages\":[]},\"childShapes\":[{\"resourceId\":\"startevent1\",\"properties\":{\"overrideid\":\"startevent1\",\"name\":\"开始节点\",\"documentation\":\"\",\"executionlisteners\":{\"executionListeners\":[]},\"initiator\":\"applyUserId\",\"formkeydefinition\":\"\",\"formreference\":{\"id\":\"af2f7a31-2f98-11ea-9129-00163e2e65eb\",\"name\":\"qweqwe\",\"key\":\"qqq\"},\"formproperties\":\"\",\"interrupting\":true},\"stencil\":{\"id\":\"StartNoneEvent\"},\"childShapes\":[],\"outgoing\":[{\"resourceId\":\"sid-C72C3F94-FFC6-4861-984C-84884B66DD47\"}],\"bounds\":{\"lowerRight\":{\"x\":130,\"y\":193},\"upperLeft\":{\"x\":100,\"y\":163}},\"dockers\":[]},{\"resourceId\":\"leave_leader_audit\",\"properties\":{\"overrideid\":\"leave_leader_audit\",\"name\":\"领导审批\",\"documentation\":\"\",\"asynchronousdefinition\":false,\"exclusivedefinition\":true,\"executionlisteners\":{\"executionListeners\":[]},\"multiinstance_type\":\"None\",\"multiinstance_cardinality\":\"\",\"multiinstance_collection\":\"\",\"multiinstance_variable\":\"\",\"multiinstance_condition\":\"\",\"isforcompensation\":\"false\",\"usertaskassignment\":{\"assignment\":{\"type\":\"static\",\"assignee\":\"${leaderName}\"}},\"formkeydefinition\":\"leave_leader_audit\",\"formreference\":{\"id\":\"02d0e7c3-3675-11ea-aa63-00163e2e65eb\",\"name\":\"sdgsd\",\"key\":\"sdgsg\"},\"duedatedefinition\":\"\",\"prioritydefinition\":\"\",\"formproperties\":\"\",\"tasklisteners\":{\"taskListeners\":[{\"event\":\"complete\",\"className\":\"com.jsite.modules.flowable.listener.TaskBusinessCallListener\",\"implementation\":\"com.jsite.modules.flowable.listener.TaskBusinessCallListener\",\"$$hashKey\":\"uiGrid-000D\",\"fields\":[]}]},\"skipexpression\":\"\",\"categorydefinition\":\"\"},\"stencil\":{\"id\":\"UserTask\"},\"childShapes\":[],\"outgoing\":[{\"resourceId\":\"sid-CA63049C-E8AD-45DB-A214-86AD0653D313\"}],\"bounds\":{\"lowerRight\":{\"x\":295,\"y\":218},\"upperLeft\":{\"x\":195,\"y\":138}},\"dockers\":[]},{\"resourceId\":\"sid-D9CD09E3-6804-4B26-9DCE-31DC53B64E26\",\"properties\":{\"overrideid\":\"sid-D9CD09E3-6804-4B26-9DCE-31DC53B64E26\",\"name\":\"\",\"documentation\":\"\",\"asynchronousdefinition\":\"false\",\"exclusivedefinition\":\"false\",\"sequencefloworder\":\"\",\"executionlisteners\":{\"executionListeners\":[]}},\"stencil\":{\"id\":\"ExclusiveGateway\"},\"childShapes\":[],\"outgoing\":[{\"resourceId\":\"sid-8EAC8A36-0C40-4596-8181-A33B1C95E544\"},{\"resourceId\":\"sid-57B75BD7-E1A6-4569-89FB-3C88F62C9384\"}],\"bounds\":{\"lowerRight\":{\"x\":400,\"y\":198},\"upperLeft\":{\"x\":360,\"y\":158}},\"dockers\":[]},{\"resourceId\":\"end\",\"properties\":{\"overrideid\":\"end\",\"name\":\"流程结束\",\"documentation\":\"\",\"executionlisteners\":{\"executionListeners\":[]}},\"stencil\":{\"id\":\"EndNoneEvent\"},\"childShapes\":[],\"outgoing\":[],\"bounds\":{\"lowerRight\":{\"x\":553,\"y\":193},\"upperLeft\":{\"x\":525,\"y\":165}},\"dockers\":[]},{\"resourceId\":\"adjustApply\",\"properties\":{\"overrideid\":\"adjustApply\",\"name\":\"调整申请\",\"documentation\":\"\",\"asynchronousdefinition\":false,\"exclusivedefinition\":true,\"executionlisteners\":{\"executionListeners\":[]},\"multiinstance_type\":\"None\",\"multiinstance_cardinality\":\"\",\"multiinstance_collection\":\"\",\"multiinstance_variable\":\"\",\"multiinstance_condition\":\"\",\"isforcompensation\":\"false\",\"usertaskassignment\":{\"assignment\":{\"type\":\"static\",\"assignee\":\"${applyUserId}\"}},\"formkeydefinition\":\"\",\"formreference\":\"\",\"duedatedefinition\":\"\",\"prioritydefinition\":\"\",\"formproperties\":\"\",\"tasklisteners\":{\"taskListeners\":[]},\"skipexpression\":\"\",\"categorydefinition\":\"\"},\"stencil\":{\"id\":\"UserTask\"},\"childShapes\":[],\"outgoing\":[{\"resourceId\":\"sid-9907B39C-4DF1-40A5-9A15-D6AEE19F792E\"}],\"bounds\":{\"lowerRight\":{\"x\":430,\"y\":365},\"upperLeft\":{\"x\":330,\"y\":285}},\"dockers\":[]},{\"resourceId\":\"sid-C72C3F94-FFC6-4861-984C-84884B66DD47\",\"properties\":{\"overrideid\":\"sid-C72C3F94-FFC6-4861-984C-84884B66DD47\",\"name\":\"\",\"documentation\":\"\",\"conditionsequenceflow\":\"\",\"executionlisteners\":\"\",\"defaultflow\":\"false\",\"skipexpression\":\"\"},\"stencil\":{\"id\":\"SequenceFlow\"},\"childShapes\":[],\"outgoing\":[{\"resourceId\":\"leave_leader_audit\"}],\"bounds\":{\"lowerRight\":{\"x\":194.234375,\"y\":178},\"upperLeft\":{\"x\":130.21875,\"y\":178}},\"dockers\":[{\"x\":15,\"y\":15},{\"x\":50,\"y\":40}],\"target\":{\"resourceId\":\"leave_leader_audit\"}},{\"resourceId\":\"sid-52E803B4-4779-43D2-944C-3312F05EDEC0\",\"properties\":{\"overrideid\":\"sid-52E803B4-4779-43D2-944C-3312F05EDEC0\",\"name\":\"\",\"documentation\":\"\",\"asynchronousdefinition\":\"false\",\"exclusivedefinition\":\"false\",\"sequencefloworder\":\"\",\"executionlisteners\":{\"executionListeners\":[]}},\"stencil\":{\"id\":\"ExclusiveGateway\"},\"childShapes\":[],\"outgoing\":[{\"resourceId\":\"sid-6D5AB85C-A62B-4B08-820F-294FE68F0132\"},{\"resourceId\":\"sid-14B77A49-FD2A-47A2-8DA0-24B3F7715E47\"}],\"bounds\":{\"lowerRight\":{\"x\":400,\"y\":445},\"upperLeft\":{\"x\":360,\"y\":405}},\"dockers\":[]},{\"resourceId\":\"sid-CA63049C-E8AD-45DB-A214-86AD0653D313\",\"properties\":{\"overrideid\":\"sid-CA63049C-E8AD-45DB-A214-86AD0653D313\",\"name\":\"\",\"documentation\":\"\",\"conditionsequenceflow\":\"\",\"executionlisteners\":\"\",\"defaultflow\":\"false\",\"skipexpression\":\"\"},\"stencil\":{\"id\":\"SequenceFlow\"},\"childShapes\":[],\"outgoing\":[{\"resourceId\":\"sid-D9CD09E3-6804-4B26-9DCE-31DC53B64E26\"}],\"bounds\":{\"lowerRight\":{\"x\":360.015625,\"y\":178},\"upperLeft\":{\"x\":295.5703125,\"y\":178}},\"dockers\":[{\"x\":50,\"y\":40},{\"x\":20,\"y\":20}],\"target\":{\"resourceId\":\"sid-D9CD09E3-6804-4B26-9DCE-31DC53B64E26\"}},{\"resourceId\":\"sid-6D5AB85C-A62B-4B08-820F-294FE68F0132\",\"properties\":{\"overrideid\":\"sid-6D5AB85C-A62B-4B08-820F-294FE68F0132\",\"name\":\"\",\"documentation\":\"\",\"conditionsequenceflow\":\"${!auditPass}\",\"executionlisteners\":\"\",\"defaultflow\":\"false\",\"skipexpression\":\"\"},\"stencil\":{\"id\":\"SequenceFlow\"},\"childShapes\":[],\"outgoing\":[{\"resourceId\":\"end\"}],\"bounds\":{\"lowerRight\":{\"x\":539,\"y\":425},\"upperLeft\":{\"x\":399.6328125,\"y\":193.453125}},\"dockers\":[{\"x\":20,\"y\":20},{\"x\":539,\"y\":425},{\"x\":14,\"y\":14}],\"target\":{\"resourceId\":\"end\"}},{\"resourceId\":\"sid-9907B39C-4DF1-40A5-9A15-D6AEE19F792E\",\"properties\":{\"overrideid\":\"sid-9907B39C-4DF1-40A5-9A15-D6AEE19F792E\",\"name\":\"\",\"documentation\":\"\",\"conditionsequenceflow\":\"\",\"executionlisteners\":\"\",\"defaultflow\":\"false\",\"skipexpression\":\"\"},\"stencil\":{\"id\":\"SequenceFlow\"},\"childShapes\":[],\"outgoing\":[{\"resourceId\":\"sid-52E803B4-4779-43D2-944C-3312F05EDEC0\"}],\"bounds\":{\"lowerRight\":{\"x\":380,\"y\":405.25},\"upperLeft\":{\"x\":380,\"y\":365.0625}},\"dockers\":[{\"x\":50,\"y\":40},{\"x\":20,\"y\":20}],\"target\":{\"resourceId\":\"sid-52E803B4-4779-43D2-944C-3312F05EDEC0\"}},{\"resourceId\":\"sid-14B77A49-FD2A-47A2-8DA0-24B3F7715E47\",\"properties\":{\"overrideid\":\"sid-14B77A49-FD2A-47A2-8DA0-24B3F7715E47\",\"name\":\"\",\"documentation\":\"\",\"conditionsequenceflow\":\"${auditPass}\",\"executionlisteners\":\"\",\"defaultflow\":\"false\",\"skipexpression\":\"\"},\"stencil\":{\"id\":\"SequenceFlow\"},\"childShapes\":[],\"outgoing\":[{\"resourceId\":\"leave_leader_audit\"}],\"bounds\":{\"lowerRight\":{\"x\":360.015625,\"y\":425},\"upperLeft\":{\"x\":245,\"y\":218.55859375}},\"dockers\":[{\"x\":20,\"y\":20},{\"x\":245,\"y\":425},{\"x\":50,\"y\":40}],\"target\":{\"resourceId\":\"leave_leader_audit\"}},{\"resourceId\":\"sid-8EAC8A36-0C40-4596-8181-A33B1C95E544\",\"properties\":{\"overrideid\":\"sid-8EAC8A36-0C40-4596-8181-A33B1C95E544\",\"name\":\"\",\"documentation\":\"\",\"conditionsequenceflow\":\"${auditPass}\",\"executionlisteners\":\"\",\"defaultflow\":\"false\",\"skipexpression\":\"\"},\"stencil\":{\"id\":\"SequenceFlow\"},\"childShapes\":[],\"outgoing\":[{\"resourceId\":\"end\"}],\"bounds\":{\"lowerRight\":{\"x\":524.3359572771119,\"y\":178.90777331620825},\"upperLeft\":{\"x\":400.25388647288804,\"y\":178.12738293379175}},\"dockers\":[{\"x\":20,\"y\":20},{\"x\":14,\"y\":14}],\"target\":{\"resourceId\":\"end\"}},{\"resourceId\":\"sid-57B75BD7-E1A6-4569-89FB-3C88F62C9384\",\"properties\":{\"overrideid\":\"sid-57B75BD7-E1A6-4569-89FB-3C88F62C9384\",\"name\":\"\",\"documentation\":\"\",\"conditionsequenceflow\":\"${!auditPass}\",\"executionlisteners\":\"\",\"defaultflow\":\"false\",\"skipexpression\":\"\"},\"stencil\":{\"id\":\"SequenceFlow\"},\"childShapes\":[],\"outgoing\":[{\"resourceId\":\"adjustApply\"}],\"bounds\":{\"lowerRight\":{\"x\":380,\"y\":284.953125},\"upperLeft\":{\"x\":380,\"y\":198.5234375}},\"dockers\":[{\"x\":20,\"y\":20},{\"x\":50,\"y\":40}],\"target\":{\"resourceId\":\"adjustApply\"}}],\"stencil\":{\"id\":\"BPMNDiagram\"},\"stencilset\":{\"namespace\":\"http://b3mn.org/stencilset/bpmn2.0#\",\"url\":\"../editor/stencilsets/bpmn2.0/bpmn2.0.json\"}}', '2f70fe40-2f98-11ea-9129-00163e2e65eb', 0, NULL);
INSERT INTO `ACT_DE_MODEL_HISTORY` VALUES ('2df29a97-5777-11ea-9661-00163e2e65eb', '11', '111', '111', NULL, '2020-01-15 09:22:17.600000', 'admin', '2020-02-25 10:33:14.153000', 'admin', NULL, 1, '{\"modelId\":\"781fb679-3735-11ea-aa63-00163e2e65eb\",\"bounds\":{\"lowerRight\":{\"x\":1200,\"y\":1050},\"upperLeft\":{\"x\":0,\"y\":0}},\"properties\":{\"process_id\":\"111\",\"name\":\"11\",\"documentation\":\"111\",\"process_author\":\"\",\"process_version\":\"\",\"process_namespace\":\"http://www.flowable.org/processdef\",\"process_historylevel\":\"\",\"isexecutable\":true,\"dataproperties\":\"\",\"executionlisteners\":\"\",\"eventlisteners\":\"\",\"signaldefinitions\":\"\",\"messagedefinitions\":\"\",\"process_potentialstarteruser\":\"\",\"process_potentialstartergroup\":\"\",\"iseagerexecutionfetch\":\"false\"},\"childShapes\":[{\"resourceId\":\"startEvent1\",\"properties\":{\"overrideid\":\"\",\"name\":\"\",\"documentation\":\"\",\"executionlisteners\":\"\",\"initiator\":\"\",\"formkeydefinition\":\"\",\"formreference\":\"\",\"formproperties\":\"\"},\"stencil\":{\"id\":\"StartNoneEvent\"},\"childShapes\":[],\"outgoing\":[{\"resourceId\":\"sid-CD07268B-B2AE-41E5-B1C7-E7E07BD83EBC\"}],\"bounds\":{\"lowerRight\":{\"x\":120,\"y\":180},\"upperLeft\":{\"x\":90,\"y\":150}},\"dockers\":[]},{\"resourceId\":\"sid-DBD66162-A92A-4BD0-A0A3-9267BD16EF4B\",\"properties\":{\"overrideid\":\"\",\"name\":\"1231\",\"documentation\":\"\",\"asynchronousdefinition\":\"false\",\"exclusivedefinition\":\"false\",\"dataproperties\":\"\",\"executionlisteners\":\"\",\"multiinstance_type\":\"None\",\"multiinstance_cardinality\":\"\",\"multiinstance_collection\":\"\",\"multiinstance_variable\":\"\",\"multiinstance_condition\":\"\",\"istransaction\":\"false\"},\"stencil\":{\"id\":\"CollapsedSubProcess\"},\"childShapes\":[{\"resourceId\":\"sid-52ADD891-605A-417A-9486-E23A83575D9C\",\"properties\":{\"overrideid\":\"\",\"name\":\"\",\"documentation\":\"\",\"executionlisteners\":\"\",\"initiator\":\"\",\"formkeydefinition\":\"\",\"formreference\":\"\",\"formproperties\":\"\"},\"stencil\":{\"id\":\"StartNoneEvent\"},\"childShapes\":[],\"outgoing\":[{\"resourceId\":\"sid-75977DC8-ACE1-408C-8AF9-0F4AE3BC8926\"}],\"bounds\":{\"lowerRight\":{\"x\":140,\"y\":207},\"upperLeft\":{\"x\":110,\"y\":177}},\"dockers\":[]},{\"resourceId\":\"sid-EF8993C8-5472-4AA3-A073-5D0ADA388D4F\",\"properties\":{\"overrideid\":\"\",\"name\":\"\",\"documentation\":\"\",\"asynchronousdefinition\":\"false\",\"exclusivedefinition\":\"false\",\"executionlisteners\":\"\",\"multiinstance_type\":\"None\",\"multiinstance_cardinality\":\"\",\"multiinstance_collection\":\"\",\"multiinstance_variable\":\"\",\"multiinstance_condition\":\"\",\"isforcompensation\":\"false\",\"usertaskassignment\":\"\",\"formkeydefinition\":\"\",\"formreference\":\"\",\"duedatedefinition\":\"\",\"prioritydefinition\":\"\",\"formproperties\":\"\",\"tasklisteners\":\"\",\"skipexpression\":\"\",\"categorydefinition\":\"\"},\"stencil\":{\"id\":\"UserTask\"},\"childShapes\":[],\"outgoing\":[{\"resourceId\":\"sid-C364C11C-FCCB-4370-A54B-5712A3997882\"}],\"bounds\":{\"lowerRight\":{\"x\":285,\"y\":232},\"upperLeft\":{\"x\":185,\"y\":152}},\"dockers\":[]},{\"resourceId\":\"sid-75977DC8-ACE1-408C-8AF9-0F4AE3BC8926\",\"properties\":{\"overrideid\":\"\",\"name\":\"\",\"documentation\":\"\",\"conditionsequenceflow\":\"\",\"executionlisteners\":\"\",\"defaultflow\":\"false\",\"skipexpression\":\"\"},\"stencil\":{\"id\":\"SequenceFlow\"},\"childShapes\":[],\"outgoing\":[{\"resourceId\":\"sid-EF8993C8-5472-4AA3-A073-5D0ADA388D4F\"}],\"bounds\":{\"lowerRight\":{\"x\":184.15625,\"y\":192},\"upperLeft\":{\"x\":140.609375,\"y\":192}},\"dockers\":[{\"x\":15,\"y\":15},{\"x\":50,\"y\":40}],\"target\":{\"resourceId\":\"sid-EF8993C8-5472-4AA3-A073-5D0ADA388D4F\"}},{\"resourceId\":\"sid-98553457-5CA2-4444-8CA2-32EE951931F8\",\"properties\":{\"overrideid\":\"\",\"name\":\"\",\"documentation\":\"\",\"asynchronousdefinition\":\"false\",\"exclusivedefinition\":\"false\",\"executionlisteners\":\"\",\"multiinstance_type\":\"None\",\"multiinstance_cardinality\":\"\",\"multiinstance_collection\":\"\",\"multiinstance_variable\":\"\",\"multiinstance_condition\":\"\",\"isforcompensation\":\"false\",\"usertaskassignment\":\"\",\"formkeydefinition\":\"\",\"formreference\":\"\",\"duedatedefinition\":\"\",\"prioritydefinition\":\"\",\"formproperties\":\"\",\"tasklisteners\":\"\",\"skipexpression\":\"\",\"categorydefinition\":\"\"},\"stencil\":{\"id\":\"UserTask\"},\"childShapes\":[],\"outgoing\":[{\"resourceId\":\"sid-38EED183-80D6-45EA-AE4B-2593A7B2BC2E\"}],\"bounds\":{\"lowerRight\":{\"x\":430,\"y\":232},\"upperLeft\":{\"x\":330,\"y\":152}},\"dockers\":[]},{\"resourceId\":\"sid-C364C11C-FCCB-4370-A54B-5712A3997882\",\"properties\":{\"overrideid\":\"\",\"name\":\"\",\"documentation\":\"\",\"conditionsequenceflow\":\"\",\"executionlisteners\":\"\",\"defaultflow\":\"false\",\"skipexpression\":\"\"},\"stencil\":{\"id\":\"SequenceFlow\"},\"childShapes\":[],\"outgoing\":[{\"resourceId\":\"sid-98553457-5CA2-4444-8CA2-32EE951931F8\"}],\"bounds\":{\"lowerRight\":{\"x\":329.15625,\"y\":192},\"upperLeft\":{\"x\":285.84375,\"y\":192}},\"dockers\":[{\"x\":50,\"y\":40},{\"x\":50,\"y\":40}],\"target\":{\"resourceId\":\"sid-98553457-5CA2-4444-8CA2-32EE951931F8\"}},{\"resourceId\":\"sid-822813DC-2C64-4313-AA0A-55838501B56E\",\"properties\":{\"overrideid\":\"\",\"name\":\"\",\"documentation\":\"\",\"executionlisteners\":\"\"},\"stencil\":{\"id\":\"EndNoneEvent\"},\"childShapes\":[],\"outgoing\":[],\"bounds\":{\"lowerRight\":{\"x\":503,\"y\":206},\"upperLeft\":{\"x\":475,\"y\":178}},\"dockers\":[]},{\"resourceId\":\"sid-38EED183-80D6-45EA-AE4B-2593A7B2BC2E\",\"properties\":{\"overrideid\":\"\",\"name\":\"\",\"documentation\":\"\",\"conditionsequenceflow\":\"\",\"executionlisteners\":\"\",\"defaultflow\":\"false\",\"skipexpression\":\"\"},\"stencil\":{\"id\":\"SequenceFlow\"},\"childShapes\":[],\"outgoing\":[{\"resourceId\":\"sid-822813DC-2C64-4313-AA0A-55838501B56E\"}],\"bounds\":{\"lowerRight\":{\"x\":474.375,\"y\":192},\"upperLeft\":{\"x\":430.390625,\"y\":192}},\"dockers\":[{\"x\":50,\"y\":40},{\"x\":14,\"y\":14}],\"target\":{\"resourceId\":\"sid-822813DC-2C64-4313-AA0A-55838501B56E\"}}],\"outgoing\":[{\"resourceId\":\"sid-99A0B554-40FE-4EA7-8B58-04C9588F58F0\"}],\"bounds\":{\"lowerRight\":{\"x\":385,\"y\":200},\"upperLeft\":{\"x\":285,\"y\":120}},\"dockers\":[]},{\"resourceId\":\"sid-CD07268B-B2AE-41E5-B1C7-E7E07BD83EBC\",\"properties\":{\"overrideid\":\"\",\"name\":\"\",\"documentation\":\"\",\"conditionsequenceflow\":\"\",\"executionlisteners\":\"\",\"defaultflow\":\"false\",\"skipexpression\":\"\"},\"stencil\":{\"id\":\"SequenceFlow\"},\"childShapes\":[],\"outgoing\":[{\"resourceId\":\"sid-DBD66162-A92A-4BD0-A0A3-9267BD16EF4B\"}],\"bounds\":{\"lowerRight\":{\"x\":284.3125,\"y\":165},\"upperLeft\":{\"x\":120.47265625,\"y\":160}},\"dockers\":[{\"x\":15,\"y\":15},{\"x\":202.5,\"y\":165},{\"x\":202.5,\"y\":160},{\"x\":50,\"y\":40}],\"target\":{\"resourceId\":\"sid-DBD66162-A92A-4BD0-A0A3-9267BD16EF4B\"}},{\"resourceId\":\"sid-50D47603-2260-41E7-8BD7-3CB65B488DC8\",\"properties\":{\"overrideid\":\"\",\"name\":\"1231321\",\"documentation\":\"\",\"asynchronousdefinition\":\"false\",\"exclusivedefinition\":\"false\",\"executionlisteners\":\"\",\"multiinstance_type\":\"None\",\"multiinstance_cardinality\":\"\",\"multiinstance_collection\":\"\",\"multiinstance_variable\":\"\",\"multiinstance_condition\":\"\",\"isforcompensation\":\"false\",\"usertaskassignment\":\"\",\"formkeydefinition\":\"\",\"formreference\":\"\",\"duedatedefinition\":\"\",\"prioritydefinition\":\"\",\"formproperties\":\"\",\"tasklisteners\":\"\",\"skipexpression\":\"\",\"categorydefinition\":\"\"},\"stencil\":{\"id\":\"UserTask\"},\"childShapes\":[],\"outgoing\":[{\"resourceId\":\"sid-F7DE5786-A576-405B-AAD4-A02B62677457\"}],\"bounds\":{\"lowerRight\":{\"x\":563,\"y\":195},\"upperLeft\":{\"x\":463,\"y\":115}},\"dockers\":[]},{\"resourceId\":\"sid-99A0B554-40FE-4EA7-8B58-04C9588F58F0\",\"properties\":{\"overrideid\":\"\",\"name\":\"\",\"documentation\":\"\",\"conditionsequenceflow\":\"\",\"executionlisteners\":\"\",\"defaultflow\":\"false\",\"skipexpression\":\"\"},\"stencil\":{\"id\":\"SequenceFlow\"},\"childShapes\":[],\"outgoing\":[{\"resourceId\":\"sid-50D47603-2260-41E7-8BD7-3CB65B488DC8\"}],\"bounds\":{\"lowerRight\":{\"x\":462.6328125,\"y\":160},\"upperLeft\":{\"x\":385.3671875,\"y\":155}},\"dockers\":[{\"x\":50,\"y\":40},{\"x\":424,\"y\":160},{\"x\":424,\"y\":155},{\"x\":50,\"y\":40}],\"target\":{\"resourceId\":\"sid-50D47603-2260-41E7-8BD7-3CB65B488DC8\"}},{\"resourceId\":\"sid-E4418ECE-B4C2-406B-87A7-1DE5761940B6\",\"properties\":{\"overrideid\":\"\",\"name\":\"\",\"documentation\":\"\",\"executionlisteners\":\"\"},\"stencil\":{\"id\":\"EndNoneEvent\"},\"childShapes\":[],\"outgoing\":[],\"bounds\":{\"lowerRight\":{\"x\":636,\"y\":169},\"upperLeft\":{\"x\":608,\"y\":141}},\"dockers\":[]},{\"resourceId\":\"sid-F7DE5786-A576-405B-AAD4-A02B62677457\",\"properties\":{\"overrideid\":\"\",\"name\":\"\",\"documentation\":\"\",\"conditionsequenceflow\":\"\",\"executionlisteners\":\"\",\"defaultflow\":\"false\",\"skipexpression\":\"\"},\"stencil\":{\"id\":\"SequenceFlow\"},\"childShapes\":[],\"outgoing\":[{\"resourceId\":\"sid-E4418ECE-B4C2-406B-87A7-1DE5761940B6\"}],\"bounds\":{\"lowerRight\":{\"x\":607.375,\"y\":155},\"upperLeft\":{\"x\":563.390625,\"y\":155}},\"dockers\":[{\"x\":50,\"y\":40},{\"x\":14,\"y\":14}],\"target\":{\"resourceId\":\"sid-E4418ECE-B4C2-406B-87A7-1DE5761940B6\"}}],\"stencil\":{\"id\":\"BPMNDiagram\"},\"stencilset\":{\"namespace\":\"http://b3mn.org/stencilset/bpmn2.0#\",\"url\":\"../editor/stencilsets/bpmn2.0/bpmn2.0.json\"}}', '781fb679-3735-11ea-aa63-00163e2e65eb', 0, NULL);
INSERT INTO `ACT_DE_MODEL_HISTORY` VALUES ('361594c8-5777-11ea-9661-00163e2e65eb', '11', '111', '111', '', '2020-01-15 09:22:17.600000', 'admin', '2020-02-25 10:33:17.192000', 'admin', '2020-02-25 10:33:30.833000', 2, '{\"modelId\":\"781fb679-3735-11ea-aa63-00163e2e65eb\",\"bounds\":{\"lowerRight\":{\"x\":1200,\"y\":1050},\"upperLeft\":{\"x\":0,\"y\":0}},\"properties\":{\"process_id\":\"111\",\"name\":\"11\",\"documentation\":\"111\",\"process_author\":\"\",\"process_version\":\"\",\"process_namespace\":\"http://www.flowable.org/processdef\",\"process_historylevel\":\"\",\"isexecutable\":true,\"dataproperties\":\"\",\"executionlisteners\":\"\",\"eventlisteners\":\"\",\"signaldefinitions\":\"\",\"messagedefinitions\":\"\",\"process_potentialstarteruser\":\"\",\"process_potentialstartergroup\":\"\",\"iseagerexecutionfetch\":\"false\"},\"childShapes\":[{\"resourceId\":\"startEvent1\",\"properties\":{\"overrideid\":\"\",\"name\":\"\",\"documentation\":\"\",\"executionlisteners\":\"\",\"initiator\":\"\",\"formkeydefinition\":\"\",\"formreference\":\"\",\"formproperties\":\"\"},\"stencil\":{\"id\":\"StartNoneEvent\"},\"childShapes\":[],\"outgoing\":[{\"resourceId\":\"sid-CD07268B-B2AE-41E5-B1C7-E7E07BD83EBC\"}],\"bounds\":{\"lowerRight\":{\"x\":120,\"y\":180},\"upperLeft\":{\"x\":90,\"y\":150}},\"dockers\":[]},{\"resourceId\":\"sid-DBD66162-A92A-4BD0-A0A3-9267BD16EF4B\",\"properties\":{\"overrideid\":\"\",\"name\":\"1231\",\"documentation\":\"\",\"asynchronousdefinition\":\"false\",\"exclusivedefinition\":\"false\",\"dataproperties\":\"\",\"executionlisteners\":\"\",\"multiinstance_type\":\"None\",\"multiinstance_cardinality\":\"\",\"multiinstance_collection\":\"\",\"multiinstance_variable\":\"\",\"multiinstance_condition\":\"\",\"istransaction\":\"false\"},\"stencil\":{\"id\":\"CollapsedSubProcess\"},\"childShapes\":[{\"resourceId\":\"sid-52ADD891-605A-417A-9486-E23A83575D9C\",\"properties\":{\"overrideid\":\"\",\"name\":\"\",\"documentation\":\"\",\"executionlisteners\":\"\",\"initiator\":\"\",\"formkeydefinition\":\"\",\"formreference\":\"\",\"formproperties\":\"\"},\"stencil\":{\"id\":\"StartNoneEvent\"},\"childShapes\":[],\"outgoing\":[{\"resourceId\":\"sid-75977DC8-ACE1-408C-8AF9-0F4AE3BC8926\"}],\"bounds\":{\"lowerRight\":{\"x\":140,\"y\":207},\"upperLeft\":{\"x\":110,\"y\":177}},\"dockers\":[]},{\"resourceId\":\"sid-EF8993C8-5472-4AA3-A073-5D0ADA388D4F\",\"properties\":{\"overrideid\":\"\",\"name\":\"\",\"documentation\":\"\",\"asynchronousdefinition\":\"false\",\"exclusivedefinition\":\"false\",\"executionlisteners\":\"\",\"multiinstance_type\":\"None\",\"multiinstance_cardinality\":\"\",\"multiinstance_collection\":\"\",\"multiinstance_variable\":\"\",\"multiinstance_condition\":\"\",\"isforcompensation\":\"false\",\"usertaskassignment\":\"\",\"formkeydefinition\":\"\",\"formreference\":\"\",\"duedatedefinition\":\"\",\"prioritydefinition\":\"\",\"formproperties\":\"\",\"tasklisteners\":\"\",\"skipexpression\":\"\",\"categorydefinition\":\"\"},\"stencil\":{\"id\":\"UserTask\"},\"childShapes\":[],\"outgoing\":[{\"resourceId\":\"sid-C364C11C-FCCB-4370-A54B-5712A3997882\"}],\"bounds\":{\"lowerRight\":{\"x\":285,\"y\":232},\"upperLeft\":{\"x\":185,\"y\":152}},\"dockers\":[]},{\"resourceId\":\"sid-75977DC8-ACE1-408C-8AF9-0F4AE3BC8926\",\"properties\":{\"overrideid\":\"\",\"name\":\"\",\"documentation\":\"\",\"conditionsequenceflow\":\"\",\"executionlisteners\":\"\",\"defaultflow\":\"false\",\"skipexpression\":\"\"},\"stencil\":{\"id\":\"SequenceFlow\"},\"childShapes\":[],\"outgoing\":[{\"resourceId\":\"sid-EF8993C8-5472-4AA3-A073-5D0ADA388D4F\"}],\"bounds\":{\"lowerRight\":{\"x\":184.15625,\"y\":192},\"upperLeft\":{\"x\":140.609375,\"y\":192}},\"dockers\":[{\"x\":15,\"y\":15},{\"x\":50,\"y\":40}],\"target\":{\"resourceId\":\"sid-EF8993C8-5472-4AA3-A073-5D0ADA388D4F\"}},{\"resourceId\":\"sid-98553457-5CA2-4444-8CA2-32EE951931F8\",\"properties\":{\"overrideid\":\"\",\"name\":\"\",\"documentation\":\"\",\"asynchronousdefinition\":\"false\",\"exclusivedefinition\":\"false\",\"executionlisteners\":\"\",\"multiinstance_type\":\"None\",\"multiinstance_cardinality\":\"\",\"multiinstance_collection\":\"\",\"multiinstance_variable\":\"\",\"multiinstance_condition\":\"\",\"isforcompensation\":\"false\",\"usertaskassignment\":\"\",\"formkeydefinition\":\"\",\"formreference\":\"\",\"duedatedefinition\":\"\",\"prioritydefinition\":\"\",\"formproperties\":\"\",\"tasklisteners\":\"\",\"skipexpression\":\"\",\"categorydefinition\":\"\"},\"stencil\":{\"id\":\"UserTask\"},\"childShapes\":[],\"outgoing\":[{\"resourceId\":\"sid-38EED183-80D6-45EA-AE4B-2593A7B2BC2E\"}],\"bounds\":{\"lowerRight\":{\"x\":430,\"y\":232},\"upperLeft\":{\"x\":330,\"y\":152}},\"dockers\":[]},{\"resourceId\":\"sid-C364C11C-FCCB-4370-A54B-5712A3997882\",\"properties\":{\"overrideid\":\"\",\"name\":\"\",\"documentation\":\"\",\"conditionsequenceflow\":\"\",\"executionlisteners\":\"\",\"defaultflow\":\"false\",\"skipexpression\":\"\"},\"stencil\":{\"id\":\"SequenceFlow\"},\"childShapes\":[],\"outgoing\":[{\"resourceId\":\"sid-98553457-5CA2-4444-8CA2-32EE951931F8\"}],\"bounds\":{\"lowerRight\":{\"x\":329.15625,\"y\":192},\"upperLeft\":{\"x\":285.84375,\"y\":192}},\"dockers\":[{\"x\":50,\"y\":40},{\"x\":50,\"y\":40}],\"target\":{\"resourceId\":\"sid-98553457-5CA2-4444-8CA2-32EE951931F8\"}},{\"resourceId\":\"sid-822813DC-2C64-4313-AA0A-55838501B56E\",\"properties\":{\"overrideid\":\"\",\"name\":\"\",\"documentation\":\"\",\"executionlisteners\":\"\"},\"stencil\":{\"id\":\"EndNoneEvent\"},\"childShapes\":[],\"outgoing\":[],\"bounds\":{\"lowerRight\":{\"x\":503,\"y\":206},\"upperLeft\":{\"x\":475,\"y\":178}},\"dockers\":[]},{\"resourceId\":\"sid-38EED183-80D6-45EA-AE4B-2593A7B2BC2E\",\"properties\":{\"overrideid\":\"\",\"name\":\"\",\"documentation\":\"\",\"conditionsequenceflow\":\"\",\"executionlisteners\":\"\",\"defaultflow\":\"false\",\"skipexpression\":\"\"},\"stencil\":{\"id\":\"SequenceFlow\"},\"childShapes\":[],\"outgoing\":[{\"resourceId\":\"sid-822813DC-2C64-4313-AA0A-55838501B56E\"}],\"bounds\":{\"lowerRight\":{\"x\":474.375,\"y\":192},\"upperLeft\":{\"x\":430.390625,\"y\":192}},\"dockers\":[{\"x\":50,\"y\":40},{\"x\":14,\"y\":14}],\"target\":{\"resourceId\":\"sid-822813DC-2C64-4313-AA0A-55838501B56E\"}}],\"outgoing\":[{\"resourceId\":\"sid-99A0B554-40FE-4EA7-8B58-04C9588F58F0\"}],\"bounds\":{\"lowerRight\":{\"x\":385,\"y\":200},\"upperLeft\":{\"x\":285,\"y\":120}},\"dockers\":[]},{\"resourceId\":\"sid-CD07268B-B2AE-41E5-B1C7-E7E07BD83EBC\",\"properties\":{\"overrideid\":\"\",\"name\":\"\",\"documentation\":\"\",\"conditionsequenceflow\":\"\",\"executionlisteners\":\"\",\"defaultflow\":\"false\",\"skipexpression\":\"\"},\"stencil\":{\"id\":\"SequenceFlow\"},\"childShapes\":[],\"outgoing\":[{\"resourceId\":\"sid-DBD66162-A92A-4BD0-A0A3-9267BD16EF4B\"}],\"bounds\":{\"lowerRight\":{\"x\":284.3125,\"y\":165},\"upperLeft\":{\"x\":120.47265625,\"y\":160}},\"dockers\":[{\"x\":15,\"y\":15},{\"x\":202.5,\"y\":165},{\"x\":202.5,\"y\":160},{\"x\":50,\"y\":40}],\"target\":{\"resourceId\":\"sid-DBD66162-A92A-4BD0-A0A3-9267BD16EF4B\"}},{\"resourceId\":\"sid-50D47603-2260-41E7-8BD7-3CB65B488DC8\",\"properties\":{\"overrideid\":\"\",\"name\":\"1231321\",\"documentation\":\"\",\"asynchronousdefinition\":\"false\",\"exclusivedefinition\":\"false\",\"executionlisteners\":\"\",\"multiinstance_type\":\"None\",\"multiinstance_cardinality\":\"\",\"multiinstance_collection\":\"\",\"multiinstance_variable\":\"\",\"multiinstance_condition\":\"\",\"isforcompensation\":\"false\",\"usertaskassignment\":\"\",\"formkeydefinition\":\"\",\"formreference\":\"\",\"duedatedefinition\":\"\",\"prioritydefinition\":\"\",\"formproperties\":\"\",\"tasklisteners\":\"\",\"skipexpression\":\"\",\"categorydefinition\":\"\"},\"stencil\":{\"id\":\"UserTask\"},\"childShapes\":[],\"outgoing\":[{\"resourceId\":\"sid-F7DE5786-A576-405B-AAD4-A02B62677457\"}],\"bounds\":{\"lowerRight\":{\"x\":563,\"y\":195},\"upperLeft\":{\"x\":463,\"y\":115}},\"dockers\":[]},{\"resourceId\":\"sid-99A0B554-40FE-4EA7-8B58-04C9588F58F0\",\"properties\":{\"overrideid\":\"\",\"name\":\"\",\"documentation\":\"\",\"conditionsequenceflow\":\"\",\"executionlisteners\":\"\",\"defaultflow\":\"false\",\"skipexpression\":\"\"},\"stencil\":{\"id\":\"SequenceFlow\"},\"childShapes\":[],\"outgoing\":[{\"resourceId\":\"sid-50D47603-2260-41E7-8BD7-3CB65B488DC8\"}],\"bounds\":{\"lowerRight\":{\"x\":462.6328125,\"y\":160},\"upperLeft\":{\"x\":385.3671875,\"y\":155}},\"dockers\":[{\"x\":50,\"y\":40},{\"x\":424,\"y\":160},{\"x\":424,\"y\":155},{\"x\":50,\"y\":40}],\"target\":{\"resourceId\":\"sid-50D47603-2260-41E7-8BD7-3CB65B488DC8\"}},{\"resourceId\":\"sid-E4418ECE-B4C2-406B-87A7-1DE5761940B6\",\"properties\":{\"overrideid\":\"\",\"name\":\"\",\"documentation\":\"\",\"executionlisteners\":\"\"},\"stencil\":{\"id\":\"EndNoneEvent\"},\"childShapes\":[],\"outgoing\":[],\"bounds\":{\"lowerRight\":{\"x\":636,\"y\":169},\"upperLeft\":{\"x\":608,\"y\":141}},\"dockers\":[]},{\"resourceId\":\"sid-F7DE5786-A576-405B-AAD4-A02B62677457\",\"properties\":{\"overrideid\":\"\",\"name\":\"\",\"documentation\":\"\",\"conditionsequenceflow\":\"\",\"executionlisteners\":\"\",\"defaultflow\":\"false\",\"skipexpression\":\"\"},\"stencil\":{\"id\":\"SequenceFlow\"},\"childShapes\":[],\"outgoing\":[{\"resourceId\":\"sid-E4418ECE-B4C2-406B-87A7-1DE5761940B6\"}],\"bounds\":{\"lowerRight\":{\"x\":607.375,\"y\":155},\"upperLeft\":{\"x\":563.390625,\"y\":155}},\"dockers\":[{\"x\":50,\"y\":40},{\"x\":14,\"y\":14}],\"target\":{\"resourceId\":\"sid-E4418ECE-B4C2-406B-87A7-1DE5761940B6\"}}],\"stencil\":{\"id\":\"BPMNDiagram\"},\"stencilset\":{\"namespace\":\"http://b3mn.org/stencilset/bpmn2.0#\",\"url\":\"../editor/stencilsets/bpmn2.0/bpmn2.0.json\"}}', '781fb679-3735-11ea-aa63-00163e2e65eb', 0, NULL);
INSERT INTO `ACT_DE_MODEL_HISTORY` VALUES ('381d2499-5777-11ea-9661-00163e2e65eb', '大学生项目审批流程', 'aaaaaa', '', NULL, '2020-02-24 20:06:22.964000', 'admin', '2020-02-25 10:24:19.449000', 'admin', '2020-02-25 10:33:34.238000', 1, '{\"modelId\":\"1310eec6-56fe-11ea-9661-00163e2e65eb\",\"bounds\":{\"lowerRight\":{\"x\":1200,\"y\":1050},\"upperLeft\":{\"x\":0,\"y\":0}},\"properties\":{\"process_id\":\"aaaaaa\",\"name\":\"大学生项目审批流程\",\"documentation\":\"\",\"process_author\":\"\",\"process_version\":\"\",\"process_namespace\":\"http://www.flowable.org/processdef\",\"process_historylevel\":\"\",\"isexecutable\":true,\"dataproperties\":\"\",\"executionlisteners\":\"\",\"eventlisteners\":\"\",\"signaldefinitions\":\"\",\"messagedefinitions\":\"\",\"process_potentialstarteruser\":\"\",\"process_potentialstartergroup\":\"\",\"iseagerexecutionfetch\":\"false\"},\"childShapes\":[{\"resourceId\":\"startEvent1\",\"properties\":{\"overrideid\":\"\",\"name\":\"\",\"documentation\":\"\",\"executionlisteners\":\"\",\"initiator\":\"\",\"formkeydefinition\":\"\",\"formreference\":\"\",\"formproperties\":\"\"},\"stencil\":{\"id\":\"StartNoneEvent\"},\"childShapes\":[],\"outgoing\":[{\"resourceId\":\"sid-8B61866A-5BA5-4182-B89F-9DFA9F2C2A63\"}],\"bounds\":{\"lowerRight\":{\"x\":130,\"y\":193},\"upperLeft\":{\"x\":100,\"y\":163}},\"dockers\":[]},{\"resourceId\":\"sid-21676885-57EF-42FC-BC82-E08BA96E1215\",\"properties\":{\"overrideid\":\"\",\"name\":\"\",\"documentation\":\"\",\"asynchronousdefinition\":\"false\",\"exclusivedefinition\":\"false\",\"executionlisteners\":\"\",\"multiinstance_type\":\"None\",\"multiinstance_cardinality\":\"\",\"multiinstance_collection\":\"\",\"multiinstance_variable\":\"\",\"multiinstance_condition\":\"\",\"isforcompensation\":\"false\",\"usertaskassignment\":\"\",\"formkeydefinition\":\"\",\"formreference\":\"\",\"duedatedefinition\":\"\",\"prioritydefinition\":\"\",\"formproperties\":\"\",\"tasklisteners\":\"\",\"skipexpression\":\"\",\"categorydefinition\":\"\"},\"stencil\":{\"id\":\"UserTask\"},\"childShapes\":[],\"outgoing\":[{\"resourceId\":\"sid-EE4C11EC-BA02-4065-A534-E651FF838B9F\"}],\"bounds\":{\"lowerRight\":{\"x\":275,\"y\":218},\"upperLeft\":{\"x\":175,\"y\":138}},\"dockers\":[]},{\"resourceId\":\"sid-8B61866A-5BA5-4182-B89F-9DFA9F2C2A63\",\"properties\":{\"overrideid\":\"\",\"name\":\"\",\"documentation\":\"\",\"conditionsequenceflow\":\"\",\"executionlisteners\":\"\",\"defaultflow\":\"false\",\"skipexpression\":\"\"},\"stencil\":{\"id\":\"SequenceFlow\"},\"childShapes\":[],\"outgoing\":[{\"resourceId\":\"sid-21676885-57EF-42FC-BC82-E08BA96E1215\"}],\"bounds\":{\"lowerRight\":{\"x\":174.15625,\"y\":178},\"upperLeft\":{\"x\":130.609375,\"y\":178}},\"dockers\":[{\"x\":15,\"y\":15},{\"x\":50,\"y\":40}],\"target\":{\"resourceId\":\"sid-21676885-57EF-42FC-BC82-E08BA96E1215\"}},{\"resourceId\":\"sid-FB3CB08F-8514-444C-929E-3DE8A233D3BB\",\"properties\":{\"overrideid\":\"\",\"name\":\"\",\"documentation\":\"\",\"executionlisteners\":\"\"},\"stencil\":{\"id\":\"EndNoneEvent\"},\"childShapes\":[],\"outgoing\":[],\"bounds\":{\"lowerRight\":{\"x\":348,\"y\":192},\"upperLeft\":{\"x\":320,\"y\":164}},\"dockers\":[]},{\"resourceId\":\"sid-EE4C11EC-BA02-4065-A534-E651FF838B9F\",\"properties\":{\"overrideid\":\"\",\"name\":\"\",\"documentation\":\"\",\"conditionsequenceflow\":\"\",\"executionlisteners\":\"\",\"defaultflow\":\"false\",\"skipexpression\":\"\"},\"stencil\":{\"id\":\"SequenceFlow\"},\"childShapes\":[],\"outgoing\":[{\"resourceId\":\"sid-FB3CB08F-8514-444C-929E-3DE8A233D3BB\"}],\"bounds\":{\"lowerRight\":{\"x\":319.375,\"y\":178},\"upperLeft\":{\"x\":275.390625,\"y\":178}},\"dockers\":[{\"x\":50,\"y\":40},{\"x\":14,\"y\":14}],\"target\":{\"resourceId\":\"sid-FB3CB08F-8514-444C-929E-3DE8A233D3BB\"}}],\"stencil\":{\"id\":\"BPMNDiagram\"},\"stencilset\":{\"namespace\":\"http://b3mn.org/stencilset/bpmn2.0#\",\"url\":\"../editor/stencilsets/bpmn2.0/bpmn2.0.json\"}}', '1310eec6-56fe-11ea-9661-00163e2e65eb', 0, NULL);
INSERT INTO `ACT_DE_MODEL_HISTORY` VALUES ('39adfdca-5777-11ea-9661-00163e2e65eb', '123131', '3213', '13131', NULL, '2020-02-24 17:21:41.061000', 'admin', '2020-02-24 17:21:41.061000', 'admin', '2020-02-25 10:33:36.865000', 1, '{\"id\":\"canvas\",\"resourceId\":\"canvas\",\"stencilset\":{\"namespace\":\"http://b3mn.org/stencilset/bpmn2.0#\"},\"properties\":{\"process_id\":\"3213\",\"name\":\"123131\",\"documentation\":\"13131\"},\"childShapes\":[{\"bounds\":{\"lowerRight\":{\"x\":130,\"y\":193},\"upperLeft\":{\"x\":100,\"y\":163}},\"childShapes\":[],\"dockers\":[],\"outgoing\":[],\"resourceId\":\"startEvent1\",\"stencil\":{\"id\":\"StartNoneEvent\"}}]}', '10fd6f7d-56e7-11ea-9661-00163e2e65eb', 0, NULL);
INSERT INTO `ACT_DE_MODEL_HISTORY` VALUES ('3b8e568b-5777-11ea-9661-00163e2e65eb', '1231321', '123132', '132131321', NULL, '2020-02-24 17:00:14.472000', 'admin', '2020-02-24 17:00:34.186000', 'admin', '2020-02-25 10:33:40.012000', 1, '{\"modelId\":\"122024ec-56e4-11ea-9661-00163e2e65eb\",\"bounds\":{\"lowerRight\":{\"x\":1200,\"y\":1050},\"upperLeft\":{\"x\":0,\"y\":0}},\"properties\":{\"process_id\":\"123132\",\"name\":\"1231321\",\"documentation\":\"132131321\",\"process_author\":\"\",\"process_version\":\"\",\"process_namespace\":\"http://www.flowable.org/processdef\",\"process_historylevel\":\"\",\"isexecutable\":true,\"dataproperties\":\"\",\"executionlisteners\":\"\",\"eventlisteners\":\"\",\"signaldefinitions\":\"\",\"messagedefinitions\":\"\",\"process_potentialstarteruser\":\"\",\"process_potentialstartergroup\":\"\",\"iseagerexecutionfetch\":\"false\"},\"childShapes\":[{\"resourceId\":\"startEvent1\",\"properties\":{\"overrideid\":\"\",\"name\":\"\",\"documentation\":\"\",\"executionlisteners\":\"\",\"initiator\":\"\",\"formkeydefinition\":\"\",\"formreference\":\"\",\"formproperties\":\"\"},\"stencil\":{\"id\":\"StartNoneEvent\"},\"childShapes\":[],\"outgoing\":[{\"resourceId\":\"sid-440CA2B1-8741-4D8B-A1D1-7ADEC14CA28C\"}],\"bounds\":{\"lowerRight\":{\"x\":130,\"y\":193},\"upperLeft\":{\"x\":100,\"y\":163}},\"dockers\":[]},{\"resourceId\":\"sid-621719ED-B002-412F-9990-3EDA5AE64573\",\"properties\":{\"overrideid\":\"\",\"name\":\"1231321\",\"documentation\":\"\",\"asynchronousdefinition\":\"false\",\"exclusivedefinition\":\"false\",\"executionlisteners\":\"\",\"multiinstance_type\":\"None\",\"multiinstance_cardinality\":\"\",\"multiinstance_collection\":\"\",\"multiinstance_variable\":\"\",\"multiinstance_condition\":\"\",\"isforcompensation\":\"false\",\"usertaskassignment\":\"\",\"formkeydefinition\":\"\",\"formreference\":\"\",\"duedatedefinition\":\"\",\"prioritydefinition\":\"\",\"formproperties\":\"\",\"tasklisteners\":\"\",\"skipexpression\":\"\",\"categorydefinition\":\"\"},\"stencil\":{\"id\":\"UserTask\"},\"childShapes\":[],\"outgoing\":[{\"resourceId\":\"sid-383B5BD1-C267-4980-82DE-89095D3BF4CB\"}],\"bounds\":{\"lowerRight\":{\"x\":275,\"y\":218},\"upperLeft\":{\"x\":175,\"y\":138}},\"dockers\":[]},{\"resourceId\":\"sid-440CA2B1-8741-4D8B-A1D1-7ADEC14CA28C\",\"properties\":{\"overrideid\":\"\",\"name\":\"\",\"documentation\":\"\",\"conditionsequenceflow\":\"\",\"executionlisteners\":\"\",\"defaultflow\":\"false\",\"skipexpression\":\"\"},\"stencil\":{\"id\":\"SequenceFlow\"},\"childShapes\":[],\"outgoing\":[{\"resourceId\":\"sid-621719ED-B002-412F-9990-3EDA5AE64573\"}],\"bounds\":{\"lowerRight\":{\"x\":174.15625,\"y\":178},\"upperLeft\":{\"x\":130.609375,\"y\":178}},\"dockers\":[{\"x\":15,\"y\":15},{\"x\":50,\"y\":40}],\"target\":{\"resourceId\":\"sid-621719ED-B002-412F-9990-3EDA5AE64573\"}},{\"resourceId\":\"sid-16C8EC02-7DD7-4EB9-B871-9948A237372C\",\"properties\":{\"overrideid\":\"\",\"name\":\"\",\"documentation\":\"\",\"executionlisteners\":\"\"},\"stencil\":{\"id\":\"EndNoneEvent\"},\"childShapes\":[],\"outgoing\":[],\"bounds\":{\"lowerRight\":{\"x\":348,\"y\":192},\"upperLeft\":{\"x\":320,\"y\":164}},\"dockers\":[]},{\"resourceId\":\"sid-383B5BD1-C267-4980-82DE-89095D3BF4CB\",\"properties\":{\"overrideid\":\"\",\"name\":\"\",\"documentation\":\"\",\"conditionsequenceflow\":\"\",\"executionlisteners\":\"\",\"defaultflow\":\"false\",\"skipexpression\":\"\"},\"stencil\":{\"id\":\"SequenceFlow\"},\"childShapes\":[],\"outgoing\":[{\"resourceId\":\"sid-16C8EC02-7DD7-4EB9-B871-9948A237372C\"}],\"bounds\":{\"lowerRight\":{\"x\":319.375,\"y\":178},\"upperLeft\":{\"x\":275.390625,\"y\":178}},\"dockers\":[{\"x\":50,\"y\":40},{\"x\":14,\"y\":14}],\"target\":{\"resourceId\":\"sid-16C8EC02-7DD7-4EB9-B871-9948A237372C\"}}],\"stencil\":{\"id\":\"BPMNDiagram\"},\"stencilset\":{\"namespace\":\"http://b3mn.org/stencilset/bpmn2.0#\",\"url\":\"../editor/stencilsets/bpmn2.0/bpmn2.0.json\"}}', '122024ec-56e4-11ea-9661-00163e2e65eb', 0, NULL);
INSERT INTO `ACT_DE_MODEL_HISTORY` VALUES ('3d0713dc-5777-11ea-9661-00163e2e65eb', '42342', '432', '423342', NULL, '2020-02-24 16:57:56.500000', 'admin', '2020-02-24 16:58:25.259000', 'admin', '2020-02-25 10:33:42.482000', 1, '{\"modelId\":\"bfe370bb-56e3-11ea-9661-00163e2e65eb\",\"bounds\":{\"lowerRight\":{\"x\":1200,\"y\":1050},\"upperLeft\":{\"x\":0,\"y\":0}},\"properties\":{\"process_id\":\"432\",\"name\":\"42342\",\"documentation\":\"423342\",\"process_author\":\"\",\"process_version\":\"\",\"process_namespace\":\"http://www.flowable.org/processdef\",\"process_historylevel\":\"\",\"isexecutable\":true,\"dataproperties\":\"\",\"executionlisteners\":\"\",\"eventlisteners\":\"\",\"signaldefinitions\":\"\",\"messagedefinitions\":\"\",\"process_potentialstarteruser\":\"\",\"process_potentialstartergroup\":\"\",\"iseagerexecutionfetch\":\"false\"},\"childShapes\":[{\"resourceId\":\"startEvent1\",\"properties\":{\"overrideid\":\"\",\"name\":\"\",\"documentation\":\"\",\"executionlisteners\":\"\",\"initiator\":\"\",\"formkeydefinition\":\"\",\"formreference\":\"\",\"formproperties\":\"\"},\"stencil\":{\"id\":\"StartNoneEvent\"},\"childShapes\":[],\"outgoing\":[{\"resourceId\":\"sid-3321C501-CF29-46D2-93D0-3A3DC0C38B2D\"}],\"bounds\":{\"lowerRight\":{\"x\":130,\"y\":193},\"upperLeft\":{\"x\":100,\"y\":163}},\"dockers\":[]},{\"resourceId\":\"sid-A21AA70D-A4D2-48F6-A8B1-47169FF2F732\",\"properties\":{\"overrideid\":\"\",\"name\":\"123131\",\"documentation\":\"\",\"asynchronousdefinition\":\"false\",\"exclusivedefinition\":\"false\",\"executionlisteners\":\"\",\"multiinstance_type\":\"None\",\"multiinstance_cardinality\":\"\",\"multiinstance_collection\":\"\",\"multiinstance_variable\":\"\",\"multiinstance_condition\":\"\",\"isforcompensation\":\"false\",\"usertaskassignment\":\"\",\"formkeydefinition\":\"\",\"formreference\":\"\",\"duedatedefinition\":\"\",\"prioritydefinition\":\"\",\"formproperties\":\"\",\"tasklisteners\":\"\",\"skipexpression\":\"\",\"categorydefinition\":\"\"},\"stencil\":{\"id\":\"UserTask\"},\"childShapes\":[],\"outgoing\":[{\"resourceId\":\"sid-1BC2FA29-877C-4F71-8AA5-189F8DD83038\"}],\"bounds\":{\"lowerRight\":{\"x\":275,\"y\":218},\"upperLeft\":{\"x\":175,\"y\":138}},\"dockers\":[]},{\"resourceId\":\"sid-3321C501-CF29-46D2-93D0-3A3DC0C38B2D\",\"properties\":{\"overrideid\":\"\",\"name\":\"\",\"documentation\":\"\",\"conditionsequenceflow\":\"\",\"executionlisteners\":\"\",\"defaultflow\":\"false\",\"skipexpression\":\"\"},\"stencil\":{\"id\":\"SequenceFlow\"},\"childShapes\":[],\"outgoing\":[{\"resourceId\":\"sid-A21AA70D-A4D2-48F6-A8B1-47169FF2F732\"}],\"bounds\":{\"lowerRight\":{\"x\":174.15625,\"y\":178},\"upperLeft\":{\"x\":130.609375,\"y\":178}},\"dockers\":[{\"x\":15,\"y\":15},{\"x\":50,\"y\":40}],\"target\":{\"resourceId\":\"sid-A21AA70D-A4D2-48F6-A8B1-47169FF2F732\"}},{\"resourceId\":\"sid-0B53B72D-E09B-4D6D-AC09-F969621CF7AC\",\"properties\":{\"overrideid\":\"\",\"name\":\"12331\",\"documentation\":\"\",\"asynchronousdefinition\":\"false\",\"exclusivedefinition\":\"false\",\"executionlisteners\":\"\",\"multiinstance_type\":\"None\",\"multiinstance_cardinality\":\"\",\"multiinstance_collection\":\"\",\"multiinstance_variable\":\"\",\"multiinstance_condition\":\"\",\"isforcompensation\":\"false\",\"usertaskassignment\":\"\",\"formkeydefinition\":\"\",\"formreference\":\"\",\"duedatedefinition\":\"\",\"prioritydefinition\":\"\",\"formproperties\":\"\",\"tasklisteners\":\"\",\"skipexpression\":\"\",\"categorydefinition\":\"\"},\"stencil\":{\"id\":\"UserTask\"},\"childShapes\":[],\"outgoing\":[{\"resourceId\":\"sid-D8DCB49A-5E50-4F09-80B0-5F13E917A837\"}],\"bounds\":{\"lowerRight\":{\"x\":420,\"y\":218},\"upperLeft\":{\"x\":320,\"y\":138}},\"dockers\":[]},{\"resourceId\":\"sid-1BC2FA29-877C-4F71-8AA5-189F8DD83038\",\"properties\":{\"overrideid\":\"\",\"name\":\"\",\"documentation\":\"\",\"conditionsequenceflow\":\"\",\"executionlisteners\":\"\",\"defaultflow\":\"false\",\"skipexpression\":\"\"},\"stencil\":{\"id\":\"SequenceFlow\"},\"childShapes\":[],\"outgoing\":[{\"resourceId\":\"sid-0B53B72D-E09B-4D6D-AC09-F969621CF7AC\"}],\"bounds\":{\"lowerRight\":{\"x\":319.15625,\"y\":178},\"upperLeft\":{\"x\":275.84375,\"y\":178}},\"dockers\":[{\"x\":50,\"y\":40},{\"x\":50,\"y\":40}],\"target\":{\"resourceId\":\"sid-0B53B72D-E09B-4D6D-AC09-F969621CF7AC\"}},{\"resourceId\":\"sid-F20C1934-F1DB-403E-B909-AC35F9571F07\",\"properties\":{\"overrideid\":\"\",\"name\":\"\",\"documentation\":\"\",\"executionlisteners\":\"\"},\"stencil\":{\"id\":\"EndNoneEvent\"},\"childShapes\":[],\"outgoing\":[],\"bounds\":{\"lowerRight\":{\"x\":493,\"y\":192},\"upperLeft\":{\"x\":465,\"y\":164}},\"dockers\":[]},{\"resourceId\":\"sid-D8DCB49A-5E50-4F09-80B0-5F13E917A837\",\"properties\":{\"overrideid\":\"\",\"name\":\"\",\"documentation\":\"\",\"conditionsequenceflow\":\"\",\"executionlisteners\":\"\",\"defaultflow\":\"false\",\"skipexpression\":\"\"},\"stencil\":{\"id\":\"SequenceFlow\"},\"childShapes\":[],\"outgoing\":[{\"resourceId\":\"sid-F20C1934-F1DB-403E-B909-AC35F9571F07\"}],\"bounds\":{\"lowerRight\":{\"x\":464.375,\"y\":178},\"upperLeft\":{\"x\":420.390625,\"y\":178}},\"dockers\":[{\"x\":50,\"y\":40},{\"x\":14,\"y\":14}],\"target\":{\"resourceId\":\"sid-F20C1934-F1DB-403E-B909-AC35F9571F07\"}}],\"stencil\":{\"id\":\"BPMNDiagram\"},\"stencilset\":{\"namespace\":\"http://b3mn.org/stencilset/bpmn2.0#\",\"url\":\"../editor/stencilsets/bpmn2.0/bpmn2.0.json\"}}', 'bfe370bb-56e3-11ea-9661-00163e2e65eb', 0, NULL);
INSERT INTO `ACT_DE_MODEL_HISTORY` VALUES ('3ea0517d-5777-11ea-9661-00163e2e65eb', 'shaker_test', 'shaker_test', '', NULL, '2020-02-24 15:21:30.771000', 'admin', '2020-02-24 15:21:30.771000', 'admin', '2020-02-25 10:33:45.164000', 1, '{\"id\":\"canvas\",\"resourceId\":\"canvas\",\"stencilset\":{\"namespace\":\"http://b3mn.org/stencilset/bpmn2.0#\"},\"properties\":{\"process_id\":\"shaker_test\",\"name\":\"shaker_test\"},\"childShapes\":[{\"bounds\":{\"lowerRight\":{\"x\":130,\"y\":193},\"upperLeft\":{\"x\":100,\"y\":163}},\"childShapes\":[],\"dockers\":[],\"outgoing\":[],\"resourceId\":\"startEvent1\",\"stencil\":{\"id\":\"StartNoneEvent\"}}]}', '47527e5a-56d6-11ea-9661-00163e2e65eb', 0, NULL);
INSERT INTO `ACT_DE_MODEL_HISTORY` VALUES ('406c5eee-5777-11ea-9661-00163e2e65eb', '请假流程-scy', 'flow-scy', '', NULL, '2020-02-24 15:19:36.703000', 'admin', '2020-02-24 15:19:36.703000', 'admin', '2020-02-25 10:33:48.179000', 1, '{\"id\":\"canvas\",\"resourceId\":\"canvas\",\"stencilset\":{\"namespace\":\"http://b3mn.org/stencilset/bpmn2.0#\"},\"properties\":{\"process_id\":\"flow-scy\",\"name\":\"请假流程-scy\"},\"childShapes\":[{\"bounds\":{\"lowerRight\":{\"x\":130,\"y\":193},\"upperLeft\":{\"x\":100,\"y\":163}},\"childShapes\":[],\"dockers\":[],\"outgoing\":[],\"resourceId\":\"startEvent1\",\"stencil\":{\"id\":\"StartNoneEvent\"}}]}', '03551919-56d6-11ea-9661-00163e2e65eb', 0, NULL);
INSERT INTO `ACT_DE_MODEL_HISTORY` VALUES ('41d5d9ff-5777-11ea-9661-00163e2e65eb', 'TEesssert', 'TEesssert', 'TEesssert', NULL, '2020-02-24 10:48:34.824000', 'admin', '2020-02-24 13:44:51.358000', 'admin', '2020-02-25 10:33:50.548000', 1, '{\"modelId\":\"26819295-56b0-11ea-9661-00163e2e65eb\",\"bounds\":{\"lowerRight\":{\"x\":1200,\"y\":1050},\"upperLeft\":{\"x\":0,\"y\":0}},\"properties\":{\"process_id\":\"TEesssert\",\"name\":\"TEesssert\",\"documentation\":\"TEesssert\",\"process_author\":\"\",\"process_version\":\"\",\"process_namespace\":\"http://www.flowable.org/processdef\",\"process_historylevel\":\"\",\"isexecutable\":true,\"dataproperties\":\"\",\"executionlisteners\":\"\",\"eventlisteners\":\"\",\"signaldefinitions\":\"\",\"messagedefinitions\":\"\",\"process_potentialstarteruser\":\"\",\"process_potentialstartergroup\":\"\",\"iseagerexecutionfetch\":\"false\"},\"childShapes\":[{\"resourceId\":\"startEvent1\",\"properties\":{\"overrideid\":\"\",\"name\":\"\",\"documentation\":\"\",\"executionlisteners\":\"\",\"initiator\":\"\",\"formkeydefinition\":\"\",\"formreference\":\"\",\"formproperties\":\"\"},\"stencil\":{\"id\":\"StartNoneEvent\"},\"childShapes\":[],\"outgoing\":[{\"resourceId\":\"sid-196B68FF-FDFA-4D5A-AE0D-45B8D94D78CC\"}],\"bounds\":{\"lowerRight\":{\"x\":120,\"y\":180},\"upperLeft\":{\"x\":90,\"y\":150}},\"dockers\":[]},{\"resourceId\":\"sid-5CED15BA-7EB2-4E05-BED3-CBFB3F477754\",\"properties\":{\"overrideid\":\"\",\"name\":\"132321\",\"documentation\":\"\",\"asynchronousdefinition\":\"false\",\"exclusivedefinition\":\"false\",\"executionlisteners\":\"\",\"multiinstance_type\":\"None\",\"multiinstance_cardinality\":\"\",\"multiinstance_collection\":\"\",\"multiinstance_variable\":\"\",\"multiinstance_condition\":\"\",\"isforcompensation\":\"false\",\"usertaskassignment\":\"\",\"formkeydefinition\":\"\",\"formreference\":\"\",\"duedatedefinition\":\"\",\"prioritydefinition\":\"\",\"formproperties\":\"\",\"tasklisteners\":\"\",\"skipexpression\":\"\",\"categorydefinition\":\"\"},\"stencil\":{\"id\":\"UserTask\"},\"childShapes\":[],\"outgoing\":[{\"resourceId\":\"sid-72389BD2-A629-4095-B8D9-09119FB2CC6E\"}],\"bounds\":{\"lowerRight\":{\"x\":265,\"y\":205},\"upperLeft\":{\"x\":165,\"y\":125}},\"dockers\":[]},{\"resourceId\":\"sid-196B68FF-FDFA-4D5A-AE0D-45B8D94D78CC\",\"properties\":{\"overrideid\":\"\",\"name\":\"\",\"documentation\":\"\",\"conditionsequenceflow\":\"\",\"executionlisteners\":\"\",\"defaultflow\":\"false\",\"skipexpression\":\"\"},\"stencil\":{\"id\":\"SequenceFlow\"},\"childShapes\":[],\"outgoing\":[{\"resourceId\":\"sid-5CED15BA-7EB2-4E05-BED3-CBFB3F477754\"}],\"bounds\":{\"lowerRight\":{\"x\":164.15625,\"y\":165},\"upperLeft\":{\"x\":120.609375,\"y\":165}},\"dockers\":[{\"x\":15,\"y\":15},{\"x\":50,\"y\":40}],\"target\":{\"resourceId\":\"sid-5CED15BA-7EB2-4E05-BED3-CBFB3F477754\"}},{\"resourceId\":\"sid-6D1665F2-EE5E-46E9-A605-80404D20CCE3\",\"properties\":{\"overrideid\":\"\",\"name\":\"哈哈\",\"documentation\":\"\",\"asynchronousdefinition\":\"false\",\"exclusivedefinition\":\"false\",\"executionlisteners\":\"\",\"multiinstance_type\":\"None\",\"multiinstance_cardinality\":\"\",\"multiinstance_collection\":\"\",\"multiinstance_variable\":\"\",\"multiinstance_condition\":\"\",\"isforcompensation\":\"false\",\"usertaskassignment\":\"\",\"formkeydefinition\":\"\",\"formreference\":\"\",\"duedatedefinition\":\"\",\"prioritydefinition\":\"\",\"formproperties\":\"\",\"tasklisteners\":\"\",\"skipexpression\":\"\",\"categorydefinition\":\"\"},\"stencil\":{\"id\":\"UserTask\"},\"childShapes\":[],\"outgoing\":[{\"resourceId\":\"sid-D7C8D921-0616-415E-B2F0-C1BE8C26B3B7\"}],\"bounds\":{\"lowerRight\":{\"x\":410,\"y\":205},\"upperLeft\":{\"x\":310,\"y\":125}},\"dockers\":[]},{\"resourceId\":\"sid-72389BD2-A629-4095-B8D9-09119FB2CC6E\",\"properties\":{\"overrideid\":\"\",\"name\":\"\",\"documentation\":\"\",\"conditionsequenceflow\":\"\",\"executionlisteners\":\"\",\"defaultflow\":\"false\",\"skipexpression\":\"\"},\"stencil\":{\"id\":\"SequenceFlow\"},\"childShapes\":[],\"outgoing\":[{\"resourceId\":\"sid-6D1665F2-EE5E-46E9-A605-80404D20CCE3\"}],\"bounds\":{\"lowerRight\":{\"x\":309.15625,\"y\":165},\"upperLeft\":{\"x\":265.84375,\"y\":165}},\"dockers\":[{\"x\":50,\"y\":40},{\"x\":50,\"y\":40}],\"target\":{\"resourceId\":\"sid-6D1665F2-EE5E-46E9-A605-80404D20CCE3\"}},{\"resourceId\":\"sid-E61CC7E3-C512-49DC-A453-86783BD6654C\",\"properties\":{\"overrideid\":\"\",\"name\":\"\",\"documentation\":\"\",\"executionlisteners\":\"\"},\"stencil\":{\"id\":\"EndNoneEvent\"},\"childShapes\":[],\"outgoing\":[],\"bounds\":{\"lowerRight\":{\"x\":483,\"y\":179},\"upperLeft\":{\"x\":455,\"y\":151}},\"dockers\":[]},{\"resourceId\":\"sid-D7C8D921-0616-415E-B2F0-C1BE8C26B3B7\",\"properties\":{\"overrideid\":\"\",\"name\":\"\",\"documentation\":\"\",\"conditionsequenceflow\":\"\",\"executionlisteners\":\"\",\"defaultflow\":\"false\",\"skipexpression\":\"\"},\"stencil\":{\"id\":\"SequenceFlow\"},\"childShapes\":[],\"outgoing\":[{\"resourceId\":\"sid-E61CC7E3-C512-49DC-A453-86783BD6654C\"}],\"bounds\":{\"lowerRight\":{\"x\":454.375,\"y\":165},\"upperLeft\":{\"x\":410.390625,\"y\":165}},\"dockers\":[{\"x\":50,\"y\":40},{\"x\":14,\"y\":14}],\"target\":{\"resourceId\":\"sid-E61CC7E3-C512-49DC-A453-86783BD6654C\"}}],\"stencil\":{\"id\":\"BPMNDiagram\"},\"stencilset\":{\"namespace\":\"http://b3mn.org/stencilset/bpmn2.0#\",\"url\":\"../editor/stencilsets/bpmn2.0/bpmn2.0.json\"}}', '26819295-56b0-11ea-9661-00163e2e65eb', 0, NULL);
INSERT INTO `ACT_DE_MODEL_HISTORY` VALUES ('432abba0-5777-11ea-9661-00163e2e65eb', '111', '1111', '1111', NULL, '2020-02-23 22:15:49.404000', 'admin', '2020-02-23 22:15:57.618000', 'admin', '2020-02-25 10:33:52.782000', 1, '{\"modelId\":\"fdd22aff-5646-11ea-9661-00163e2e65eb\",\"bounds\":{\"lowerRight\":{\"x\":1200,\"y\":1050},\"upperLeft\":{\"x\":0,\"y\":0}},\"properties\":{\"process_id\":\"1111\",\"name\":\"111\",\"documentation\":\"1111\",\"process_author\":\"\",\"process_version\":\"\",\"process_namespace\":\"http://www.flowable.org/processdef\",\"process_historylevel\":\"\",\"isexecutable\":true,\"dataproperties\":\"\",\"executionlisteners\":\"\",\"eventlisteners\":\"\",\"signaldefinitions\":\"\",\"messagedefinitions\":\"\",\"process_potentialstarteruser\":\"\",\"process_potentialstartergroup\":\"\",\"iseagerexecutionfetch\":\"false\"},\"childShapes\":[{\"resourceId\":\"startEvent1\",\"properties\":{\"overrideid\":\"\",\"name\":\"\",\"documentation\":\"\",\"executionlisteners\":\"\",\"initiator\":\"\",\"formkeydefinition\":\"\",\"formreference\":\"\",\"formproperties\":\"\"},\"stencil\":{\"id\":\"StartNoneEvent\"},\"childShapes\":[],\"outgoing\":[],\"bounds\":{\"lowerRight\":{\"x\":130,\"y\":193},\"upperLeft\":{\"x\":100,\"y\":163}},\"dockers\":[]}],\"stencil\":{\"id\":\"BPMNDiagram\"},\"stencilset\":{\"namespace\":\"http://b3mn.org/stencilset/bpmn2.0#\",\"url\":\"../editor/stencilsets/bpmn2.0/bpmn2.0.json\"}}', 'fdd22aff-5646-11ea-9661-00163e2e65eb', 0, NULL);
INSERT INTO `ACT_DE_MODEL_HISTORY` VALUES ('450b1461-5777-11ea-9661-00163e2e65eb', '大学生创业项目申请管理流程', '222', '', NULL, '2020-02-23 18:01:02.863000', 'admin', '2020-02-23 18:01:23.414000', 'admin', '2020-02-25 10:33:55.930000', 1, '{\"modelId\":\"66559453-5623-11ea-9661-00163e2e65eb\",\"bounds\":{\"lowerRight\":{\"x\":1200,\"y\":1050},\"upperLeft\":{\"x\":0,\"y\":0}},\"properties\":{\"process_id\":\"222\",\"name\":\"大学生创业项目申请管理流程\",\"documentation\":\"\",\"process_author\":\"\",\"process_version\":\"\",\"process_namespace\":\"http://www.flowable.org/processdef\",\"process_historylevel\":\"\",\"isexecutable\":true,\"dataproperties\":\"\",\"executionlisteners\":\"\",\"eventlisteners\":\"\",\"signaldefinitions\":\"\",\"messagedefinitions\":\"\",\"process_potentialstarteruser\":\"\",\"process_potentialstartergroup\":\"\",\"iseagerexecutionfetch\":\"false\"},\"childShapes\":[{\"resourceId\":\"startEvent1\",\"properties\":{\"overrideid\":\"\",\"name\":\"\",\"documentation\":\"\",\"executionlisteners\":\"\",\"initiator\":\"\",\"formkeydefinition\":\"\",\"formreference\":\"\",\"formproperties\":\"\"},\"stencil\":{\"id\":\"StartNoneEvent\"},\"childShapes\":[],\"outgoing\":[],\"bounds\":{\"lowerRight\":{\"x\":130,\"y\":193},\"upperLeft\":{\"x\":100,\"y\":163}},\"dockers\":[]}],\"stencil\":{\"id\":\"BPMNDiagram\"},\"stencilset\":{\"namespace\":\"http://b3mn.org/stencilset/bpmn2.0#\",\"url\":\"../editor/stencilsets/bpmn2.0/bpmn2.0.json\"}}', '66559453-5623-11ea-9661-00163e2e65eb', 0, NULL);
INSERT INTO `ACT_DE_MODEL_HISTORY` VALUES ('466e9c02-5777-11ea-9661-00163e2e65eb', 'ceshi', 'test', 'test', NULL, '2020-02-22 15:36:10.843000', 'admin', '2020-02-22 15:36:10.843000', 'admin', '2020-02-25 10:33:58.260000', 1, '{\"id\":\"canvas\",\"resourceId\":\"canvas\",\"stencilset\":{\"namespace\":\"http://b3mn.org/stencilset/bpmn2.0#\"},\"properties\":{\"process_id\":\"test\",\"name\":\"ceshi\",\"documentation\":\"test\"},\"childShapes\":[{\"bounds\":{\"lowerRight\":{\"x\":130,\"y\":193},\"upperLeft\":{\"x\":100,\"y\":163}},\"childShapes\":[],\"dockers\":[],\"outgoing\":[],\"resourceId\":\"startEvent1\",\"stencil\":{\"id\":\"StartNoneEvent\"}}]}', 'ff108b22-5545-11ea-9661-00163e2e65eb', 0, NULL);
INSERT INTO `ACT_DE_MODEL_HISTORY` VALUES ('47ede903-5777-11ea-9661-00163e2e65eb', '123', '34124', '124', NULL, '2020-02-19 18:43:34.408000', 'admin', '2020-02-21 10:27:57.761000', 'admin', '2020-02-25 10:34:00.772000', 1, '{\"modelId\":\"ad823e78-5304-11ea-9661-00163e2e65eb\",\"bounds\":{\"lowerRight\":{\"x\":1200,\"y\":1050},\"upperLeft\":{\"x\":0,\"y\":0}},\"properties\":{\"process_id\":\"34124\",\"name\":\"123\",\"documentation\":\"124\",\"process_author\":\"\",\"process_version\":\"\",\"process_namespace\":\"http://www.flowable.org/processdef\",\"process_historylevel\":\"\",\"isexecutable\":true,\"dataproperties\":\"\",\"executionlisteners\":\"\",\"eventlisteners\":\"\",\"signaldefinitions\":\"\",\"messagedefinitions\":\"\",\"process_potentialstarteruser\":\"\",\"process_potentialstartergroup\":\"\",\"iseagerexecutionfetch\":\"false\"},\"childShapes\":[{\"resourceId\":\"startEvent1\",\"properties\":{\"overrideid\":\"\",\"name\":\"\",\"documentation\":\"\",\"executionlisteners\":\"\",\"initiator\":\"\",\"formkeydefinition\":\"\",\"formreference\":\"\",\"formproperties\":\"\"},\"stencil\":{\"id\":\"StartNoneEvent\"},\"childShapes\":[],\"outgoing\":[{\"resourceId\":\"sid-5D3CE9C3-CE7F-4638-AF55-4EB06DB1704C\"}],\"bounds\":{\"lowerRight\":{\"x\":120,\"y\":180},\"upperLeft\":{\"x\":90,\"y\":150}},\"dockers\":[]},{\"resourceId\":\"sid-3308D56C-BE8D-4780-81FE-133B8F19FDDB\",\"properties\":{\"overrideid\":\"\",\"name\":\"填写表单\",\"documentation\":\"\",\"asynchronousdefinition\":\"false\",\"exclusivedefinition\":\"false\",\"executionlisteners\":\"\",\"multiinstance_type\":\"None\",\"multiinstance_cardinality\":\"\",\"multiinstance_collection\":\"\",\"multiinstance_variable\":\"\",\"multiinstance_condition\":\"\",\"isforcompensation\":\"false\",\"usertaskassignment\":\"\",\"formkeydefinition\":\"\",\"formreference\":\"\",\"duedatedefinition\":\"\",\"prioritydefinition\":\"\",\"formproperties\":\"\",\"tasklisteners\":\"\",\"skipexpression\":\"\",\"categorydefinition\":\"\"},\"stencil\":{\"id\":\"UserTask\"},\"childShapes\":[],\"outgoing\":[{\"resourceId\":\"sid-5104F68F-67D9-458C-B3D5-4126E7DAA28F\"}],\"bounds\":{\"lowerRight\":{\"x\":265,\"y\":205},\"upperLeft\":{\"x\":165,\"y\":125}},\"dockers\":[]},{\"resourceId\":\"sid-5D3CE9C3-CE7F-4638-AF55-4EB06DB1704C\",\"properties\":{\"overrideid\":\"\",\"name\":\"\",\"documentation\":\"\",\"conditionsequenceflow\":\"\",\"executionlisteners\":\"\",\"defaultflow\":\"false\",\"skipexpression\":\"\"},\"stencil\":{\"id\":\"SequenceFlow\"},\"childShapes\":[],\"outgoing\":[{\"resourceId\":\"sid-3308D56C-BE8D-4780-81FE-133B8F19FDDB\"}],\"bounds\":{\"lowerRight\":{\"x\":164.15625,\"y\":165},\"upperLeft\":{\"x\":120.609375,\"y\":165}},\"dockers\":[{\"x\":15,\"y\":15},{\"x\":50,\"y\":40}],\"target\":{\"resourceId\":\"sid-3308D56C-BE8D-4780-81FE-133B8F19FDDB\"}},{\"resourceId\":\"sid-0E649B05-C7A2-485E-AA0F-CA2EF0B3144A\",\"properties\":{\"overrideid\":\"\",\"name\":\"审批\",\"documentation\":\"\",\"asynchronousdefinition\":\"false\",\"exclusivedefinition\":\"false\",\"executionlisteners\":\"\",\"multiinstance_type\":\"None\",\"multiinstance_cardinality\":\"\",\"multiinstance_collection\":\"\",\"multiinstance_variable\":\"\",\"multiinstance_condition\":\"\",\"isforcompensation\":\"false\",\"usertaskassignment\":\"\",\"formkeydefinition\":\"\",\"formreference\":\"\",\"duedatedefinition\":\"\",\"prioritydefinition\":\"\",\"formproperties\":\"\",\"tasklisteners\":\"\",\"skipexpression\":\"\",\"categorydefinition\":\"\"},\"stencil\":{\"id\":\"UserTask\"},\"childShapes\":[],\"outgoing\":[{\"resourceId\":\"sid-6C38EF50-54F8-4874-9D59-1417D6BC146E\"}],\"bounds\":{\"lowerRight\":{\"x\":475,\"y\":205},\"upperLeft\":{\"x\":375,\"y\":125}},\"dockers\":[]},{\"resourceId\":\"sid-5104F68F-67D9-458C-B3D5-4126E7DAA28F\",\"properties\":{\"overrideid\":\"\",\"name\":\"\",\"documentation\":\"\",\"conditionsequenceflow\":\"\",\"executionlisteners\":\"\",\"defaultflow\":\"false\",\"skipexpression\":\"\"},\"stencil\":{\"id\":\"SequenceFlow\"},\"childShapes\":[],\"outgoing\":[{\"resourceId\":\"sid-0E649B05-C7A2-485E-AA0F-CA2EF0B3144A\"}],\"bounds\":{\"lowerRight\":{\"x\":374.78125,\"y\":165},\"upperLeft\":{\"x\":265.21875,\"y\":165}},\"dockers\":[{\"x\":50,\"y\":40},{\"x\":50,\"y\":40}],\"target\":{\"resourceId\":\"sid-0E649B05-C7A2-485E-AA0F-CA2EF0B3144A\"}},{\"resourceId\":\"sid-2944BBD8-6A27-4AEE-B052-76003DA94A69\",\"properties\":{\"overrideid\":\"\",\"name\":\"\",\"documentation\":\"\",\"executionlisteners\":\"\"},\"stencil\":{\"id\":\"EndNoneEvent\"},\"childShapes\":[],\"outgoing\":[],\"bounds\":{\"lowerRight\":{\"x\":548,\"y\":179},\"upperLeft\":{\"x\":520,\"y\":151}},\"dockers\":[]},{\"resourceId\":\"sid-6C38EF50-54F8-4874-9D59-1417D6BC146E\",\"properties\":{\"overrideid\":\"\",\"name\":\"\",\"documentation\":\"\",\"conditionsequenceflow\":\"\",\"executionlisteners\":\"\",\"defaultflow\":\"false\",\"skipexpression\":\"\"},\"stencil\":{\"id\":\"SequenceFlow\"},\"childShapes\":[],\"outgoing\":[{\"resourceId\":\"sid-2944BBD8-6A27-4AEE-B052-76003DA94A69\"}],\"bounds\":{\"lowerRight\":{\"x\":519.375,\"y\":165},\"upperLeft\":{\"x\":475.390625,\"y\":165}},\"dockers\":[{\"x\":50,\"y\":40},{\"x\":14,\"y\":14}],\"target\":{\"resourceId\":\"sid-2944BBD8-6A27-4AEE-B052-76003DA94A69\"}}],\"stencil\":{\"id\":\"BPMNDiagram\"},\"stencilset\":{\"namespace\":\"http://b3mn.org/stencilset/bpmn2.0#\",\"url\":\"../editor/stencilsets/bpmn2.0/bpmn2.0.json\"}}', 'ad823e78-5304-11ea-9661-00163e2e65eb', 0, NULL);
INSERT INTO `ACT_DE_MODEL_HISTORY` VALUES ('49489704-5777-11ea-9661-00163e2e65eb', '测试流程', '111111', '测试流程', NULL, '2020-02-20 14:22:18.997000', 'admin', '2020-02-20 14:22:18.997000', 'admin', '2020-02-25 10:34:03.044000', 1, '{\"id\":\"canvas\",\"resourceId\":\"canvas\",\"stencilset\":{\"namespace\":\"http://b3mn.org/stencilset/bpmn2.0#\"},\"properties\":{\"process_id\":\"111111\",\"name\":\"测试流程\",\"documentation\":\"测试流程\"},\"childShapes\":[{\"bounds\":{\"lowerRight\":{\"x\":130,\"y\":193},\"upperLeft\":{\"x\":100,\"y\":163}},\"childShapes\":[],\"dockers\":[],\"outgoing\":[],\"resourceId\":\"startEvent1\",\"stencil\":{\"id\":\"StartNoneEvent\"}}]}', '58a63f6c-53a9-11ea-9661-00163e2e65eb', 0, NULL);
INSERT INTO `ACT_DE_MODEL_HISTORY` VALUES ('4ab8a1c5-5777-11ea-9661-00163e2e65eb', 'Mytest', 'Mytest', 'This is a test program', NULL, '2020-02-11 13:39:28.056000', 'admin', '2020-02-20 14:13:08.870000', 'admin', '2020-02-25 10:34:05.456000', 1, '{\"modelId\":\"de8d86ae-4c90-11ea-9b4e-00163e2e65eb\",\"bounds\":{\"lowerRight\":{\"x\":1200,\"y\":1050},\"upperLeft\":{\"x\":0,\"y\":0}},\"properties\":{\"process_id\":\"Mytest\",\"name\":\"Mytest\",\"documentation\":\"This is a test program\",\"process_author\":\"\",\"process_version\":\"\",\"process_namespace\":\"http://www.flowable.org/processdef\",\"process_historylevel\":\"\",\"isexecutable\":true,\"dataproperties\":\"\",\"executionlisteners\":\"\",\"eventlisteners\":\"\",\"signaldefinitions\":\"\",\"messagedefinitions\":\"\",\"process_potentialstarteruser\":\"\",\"process_potentialstartergroup\":\"\",\"iseagerexecutionfetch\":\"false\"},\"childShapes\":[{\"resourceId\":\"startEvent1\",\"properties\":{\"overrideid\":\"\",\"name\":\"\",\"documentation\":\"\",\"executionlisteners\":\"\",\"initiator\":\"\",\"formkeydefinition\":\"\",\"formreference\":\"\",\"formproperties\":\"\"},\"stencil\":{\"id\":\"StartNoneEvent\"},\"childShapes\":[],\"outgoing\":[{\"resourceId\":\"sid-F82D0116-5440-48F3-83A6-C26D0C9C9E36\"}],\"bounds\":{\"lowerRight\":{\"x\":120,\"y\":205},\"upperLeft\":{\"x\":90,\"y\":175}},\"dockers\":[]},{\"resourceId\":\"sid-CDAE8542-5B58-4540-AE93-4A93D36145DC\",\"properties\":{\"overrideid\":\"\",\"name\":\"\",\"documentation\":\"\",\"asynchronousdefinition\":\"false\",\"exclusivedefinition\":\"false\",\"executionlisteners\":\"\",\"multiinstance_type\":\"None\",\"multiinstance_cardinality\":\"\",\"multiinstance_collection\":\"\",\"multiinstance_variable\":\"\",\"multiinstance_condition\":\"\",\"isforcompensation\":\"false\",\"usertaskassignment\":\"\",\"formkeydefinition\":\"\",\"formreference\":\"\",\"duedatedefinition\":\"\",\"prioritydefinition\":\"\",\"formproperties\":\"\",\"tasklisteners\":\"\",\"skipexpression\":\"\",\"categorydefinition\":\"\"},\"stencil\":{\"id\":\"UserTask\"},\"childShapes\":[],\"outgoing\":[{\"resourceId\":\"sid-ED89CF5B-AD47-43F7-A9C2-182E9CF76307\"}],\"bounds\":{\"lowerRight\":{\"x\":315,\"y\":228},\"upperLeft\":{\"x\":180,\"y\":150}},\"dockers\":[]},{\"resourceId\":\"sid-F82D0116-5440-48F3-83A6-C26D0C9C9E36\",\"properties\":{\"overrideid\":\"\",\"name\":\"\",\"documentation\":\"\",\"conditionsequenceflow\":\"\",\"executionlisteners\":\"\",\"defaultflow\":\"false\",\"skipexpression\":\"\",\"showdiamondmarker\":false},\"stencil\":{\"id\":\"SequenceFlow\"},\"childShapes\":[],\"outgoing\":[{\"resourceId\":\"sid-CDAE8542-5B58-4540-AE93-4A93D36145DC\"}],\"bounds\":{\"lowerRight\":{\"x\":179.3703125,\"y\":190},\"upperLeft\":{\"x\":120.0625,\"y\":189}},\"dockers\":[{\"x\":15,\"y\":15},{\"x\":150,\"y\":190},{\"x\":150,\"y\":189},{\"x\":1.3499999999999999,\"y\":39}],\"target\":{\"resourceId\":\"sid-CDAE8542-5B58-4540-AE93-4A93D36145DC\"}},{\"resourceId\":\"sid-91C11150-96F4-4208-B7C4-6580882BAEBC\",\"properties\":{\"overrideid\":\"\",\"name\":\"\",\"documentation\":\"\",\"asynchronousdefinition\":\"false\",\"exclusivedefinition\":true,\"sequencefloworder\":\"\"},\"stencil\":{\"id\":\"ExclusiveGateway\"},\"childShapes\":[],\"outgoing\":[{\"resourceId\":\"sid-428FAA48-E6DD-49B1-A911-3EB6E350DFC8\"}],\"bounds\":{\"lowerRight\":{\"x\":400,\"y\":209},\"upperLeft\":{\"x\":360,\"y\":169}},\"dockers\":[]},{\"resourceId\":\"sid-ED89CF5B-AD47-43F7-A9C2-182E9CF76307\",\"properties\":{\"overrideid\":\"\",\"name\":\"\",\"documentation\":\"\",\"conditionsequenceflow\":\"\",\"executionlisteners\":\"\",\"defaultflow\":\"false\",\"skipexpression\":\"\"},\"stencil\":{\"id\":\"SequenceFlow\"},\"childShapes\":[],\"outgoing\":[{\"resourceId\":\"sid-91C11150-96F4-4208-B7C4-6580882BAEBC\"}],\"bounds\":{\"lowerRight\":{\"x\":359.75781956646364,\"y\":189.42202187806942},\"upperLeft\":{\"x\":315.51952418353636,\"y\":189.25571249693058}},\"dockers\":[{\"x\":67.5,\"y\":39},{\"x\":20.5,\"y\":20.5}],\"target\":{\"resourceId\":\"sid-91C11150-96F4-4208-B7C4-6580882BAEBC\"}},{\"resourceId\":\"sid-D0146F52-21A0-4311-8B87-04940729492A\",\"properties\":{\"overrideid\":\"\",\"name\":\"\",\"documentation\":\"\",\"asynchronousdefinition\":\"false\",\"exclusivedefinition\":\"false\",\"executionlisteners\":\"\",\"multiinstance_type\":\"None\",\"multiinstance_cardinality\":\"\",\"multiinstance_collection\":\"\",\"multiinstance_variable\":\"\",\"multiinstance_condition\":\"\",\"isforcompensation\":\"false\",\"usertaskassignment\":\"\",\"formkeydefinition\":\"\",\"formreference\":\"\",\"duedatedefinition\":\"\",\"prioritydefinition\":\"\",\"formproperties\":\"\",\"tasklisteners\":\"\",\"skipexpression\":\"\",\"categorydefinition\":\"\"},\"stencil\":{\"id\":\"UserTask\"},\"childShapes\":[],\"outgoing\":[],\"bounds\":{\"lowerRight\":{\"x\":545,\"y\":229},\"upperLeft\":{\"x\":445,\"y\":149}},\"dockers\":[]},{\"resourceId\":\"sid-428FAA48-E6DD-49B1-A911-3EB6E350DFC8\",\"properties\":{\"overrideid\":\"\",\"name\":\"\",\"documentation\":\"\",\"conditionsequenceflow\":\"\",\"executionlisteners\":\"\",\"defaultflow\":\"false\",\"skipexpression\":\"\"},\"stencil\":{\"id\":\"SequenceFlow\"},\"childShapes\":[],\"outgoing\":[{\"resourceId\":\"sid-D0146F52-21A0-4311-8B87-04940729492A\"}],\"bounds\":{\"lowerRight\":{\"x\":444.80079078438814,\"y\":189.41360197940782},\"upperLeft\":{\"x\":400.28514671561186,\"y\":189.21921052059218}},\"dockers\":[{\"x\":20.5,\"y\":20.5},{\"x\":50,\"y\":40}],\"target\":{\"resourceId\":\"sid-D0146F52-21A0-4311-8B87-04940729492A\"}}],\"stencil\":{\"id\":\"BPMNDiagram\"},\"stencilset\":{\"namespace\":\"http://b3mn.org/stencilset/bpmn2.0#\",\"url\":\"../editor/stencilsets/bpmn2.0/bpmn2.0.json\"}}', 'de8d86ae-4c90-11ea-9b4e-00163e2e65eb', 0, NULL);
INSERT INTO `ACT_DE_MODEL_HISTORY` VALUES ('4c13ec06-5777-11ea-9661-00163e2e65eb', '4455', '6667', '', NULL, '2020-02-20 13:26:25.385000', 'admin', '2020-02-20 13:26:25.385000', 'admin', '2020-02-25 10:34:07.732000', 1, '{\"id\":\"canvas\",\"resourceId\":\"canvas\",\"stencilset\":{\"namespace\":\"http://b3mn.org/stencilset/bpmn2.0#\"},\"properties\":{\"process_id\":\"6667\",\"name\":\"4455\"},\"childShapes\":[{\"bounds\":{\"lowerRight\":{\"x\":130,\"y\":193},\"upperLeft\":{\"x\":100,\"y\":163}},\"childShapes\":[],\"dockers\":[],\"outgoing\":[],\"resourceId\":\"startEvent1\",\"stencil\":{\"id\":\"StartNoneEvent\"}}]}', '89bf7f6b-53a1-11ea-9661-00163e2e65eb', 0, NULL);
INSERT INTO `ACT_DE_MODEL_HISTORY` VALUES ('4dbb8187-5777-11ea-9661-00163e2e65eb', '222', '3334', '', NULL, '2020-02-20 13:25:23.435000', 'admin', '2020-02-20 13:25:23.435000', 'admin', '2020-02-25 10:34:10.508000', 1, '{\"id\":\"canvas\",\"resourceId\":\"canvas\",\"stencilset\":{\"namespace\":\"http://b3mn.org/stencilset/bpmn2.0#\"},\"properties\":{\"process_id\":\"3334\",\"name\":\"222\"},\"childShapes\":[{\"bounds\":{\"lowerRight\":{\"x\":130,\"y\":193},\"upperLeft\":{\"x\":100,\"y\":163}},\"childShapes\":[],\"dockers\":[],\"outgoing\":[],\"resourceId\":\"startEvent1\",\"stencil\":{\"id\":\"StartNoneEvent\"}}]}', '64d08aaa-53a1-11ea-9661-00163e2e65eb', 0, NULL);
INSERT INTO `ACT_DE_MODEL_HISTORY` VALUES ('4f348cf8-5777-11ea-9661-00163e2e65eb', '123', '456', '2d3', NULL, '2020-02-18 23:47:41.690000', 'admin', '2020-02-18 23:47:41.690000', 'admin', '2020-02-25 10:34:12.979000', 1, '{\"id\":\"canvas\",\"resourceId\":\"canvas\",\"stencilset\":{\"namespace\":\"http://b3mn.org/stencilset/bpmn2.0#\"},\"properties\":{\"process_id\":\"456\",\"name\":\"123\",\"documentation\":\"2d3\"},\"childShapes\":[{\"bounds\":{\"lowerRight\":{\"x\":130,\"y\":193},\"upperLeft\":{\"x\":100,\"y\":163}},\"childShapes\":[],\"dockers\":[],\"outgoing\":[],\"resourceId\":\"startEvent1\",\"stencil\":{\"id\":\"StartNoneEvent\"}}]}', 'ff550d51-5265-11ea-9661-00163e2e65eb', 0, NULL);
INSERT INTO `ACT_DE_MODEL_HISTORY` VALUES ('50b69919-5777-11ea-9661-00163e2e65eb', '123', '321', '123', NULL, '2020-02-19 18:45:27.286000', 'admin', '2020-02-19 18:46:56.358000', 'admin', '2020-02-25 10:34:15.509000', 1, '{\"modelId\":\"f0cd1c99-5304-11ea-9661-00163e2e65eb\",\"bounds\":{\"lowerRight\":{\"x\":1200,\"y\":1050},\"upperLeft\":{\"x\":0,\"y\":0}},\"properties\":{\"process_id\":\"321\",\"name\":\"123\",\"documentation\":\"123\",\"process_author\":\"\",\"process_version\":\"\",\"process_namespace\":\"http://www.flowable.org/processdef\",\"process_historylevel\":\"\",\"isexecutable\":true,\"dataproperties\":\"\",\"executionlisteners\":\"\",\"eventlisteners\":\"\",\"signaldefinitions\":\"\",\"messagedefinitions\":\"\",\"process_potentialstarteruser\":\"\",\"process_potentialstartergroup\":\"\",\"iseagerexecutionfetch\":\"false\"},\"childShapes\":[{\"resourceId\":\"startEvent1\",\"properties\":{\"overrideid\":\"\",\"name\":\"\",\"documentation\":\"\",\"executionlisteners\":\"\",\"initiator\":\"\",\"formkeydefinition\":\"\",\"formreference\":\"\",\"formproperties\":\"\"},\"stencil\":{\"id\":\"StartNoneEvent\"},\"childShapes\":[],\"outgoing\":[{\"resourceId\":\"sid-02CD2362-4C8A-44C5-B2F6-2EFE6DC8BF2C\"},{\"resourceId\":\"sid-BF477B1E-ED9D-4309-97B6-B176195ED09E\"}],\"bounds\":{\"lowerRight\":{\"x\":130,\"y\":120},\"upperLeft\":{\"x\":100,\"y\":90}},\"dockers\":[]},{\"resourceId\":\"sid-C28BD6A8-6BFC-4C88-AC08-0F09AA6B8617\",\"properties\":{\"overrideid\":\"\",\"name\":\"\",\"documentation\":\"\",\"executionlisteners\":\"\",\"terminateall\":\"false\",\"type\":\"http://b3mn.org/stencilset/bpmn2.0#EndNoneEvent\"},\"stencil\":{\"id\":\"EndTerminateEvent\"},\"childShapes\":[],\"outgoing\":[],\"bounds\":{\"lowerRight\":{\"x\":536,\"y\":173},\"upperLeft\":{\"x\":508,\"y\":145}},\"dockers\":[]},{\"resourceId\":\"sid-C49E57FD-4708-4258-8895-578DE8614E66\",\"properties\":{\"overrideid\":\"\",\"name\":\"\",\"documentation\":\"\",\"executionlisteners\":\"\"},\"stencil\":{\"id\":\"ThrowNoneEvent\"},\"childShapes\":[],\"outgoing\":[{\"resourceId\":\"sid-5F9A6AFC-045A-4816-8821-C1FCAA7B8E7F\"}],\"bounds\":{\"lowerRight\":{\"x\":205,\"y\":120},\"upperLeft\":{\"x\":175,\"y\":90}},\"dockers\":[{\"x\":190,\"y\":105}]},{\"resourceId\":\"sid-02CD2362-4C8A-44C5-B2F6-2EFE6DC8BF2C\",\"properties\":{\"overrideid\":\"\",\"name\":\"\",\"documentation\":\"\",\"conditionsequenceflow\":\"\",\"executionlisteners\":\"\",\"defaultflow\":\"false\",\"skipexpression\":\"\"},\"stencil\":{\"id\":\"SequenceFlow\"},\"childShapes\":[],\"outgoing\":[{\"resourceId\":\"sid-C49E57FD-4708-4258-8895-578DE8614E66\"}],\"bounds\":{\"lowerRight\":{\"x\":174.9375,\"y\":105},\"upperLeft\":{\"x\":130.0625,\"y\":105}},\"dockers\":[{\"x\":15,\"y\":15},{\"x\":15,\"y\":15}],\"target\":{\"resourceId\":\"sid-C49E57FD-4708-4258-8895-578DE8614E66\"}},{\"resourceId\":\"sid-FEBC666A-CC8D-40C1-83E9-45FFFDD8B28F\",\"properties\":{\"overrideid\":\"\",\"name\":\"\",\"documentation\":\"\",\"executionlisteners\":\"\"},\"stencil\":{\"id\":\"ThrowNoneEvent\"},\"childShapes\":[],\"outgoing\":[{\"resourceId\":\"sid-E2A9A2A2-360F-4143-9515-210AEAF45F6A\"}],\"bounds\":{\"lowerRight\":{\"x\":280,\"y\":120},\"upperLeft\":{\"x\":250,\"y\":90}},\"dockers\":[{\"x\":265,\"y\":105}]},{\"resourceId\":\"sid-5F9A6AFC-045A-4816-8821-C1FCAA7B8E7F\",\"properties\":{\"overrideid\":\"\",\"name\":\"\",\"documentation\":\"\",\"conditionsequenceflow\":\"\",\"executionlisteners\":\"\",\"defaultflow\":\"false\",\"skipexpression\":\"\"},\"stencil\":{\"id\":\"SequenceFlow\"},\"childShapes\":[],\"outgoing\":[{\"resourceId\":\"sid-FEBC666A-CC8D-40C1-83E9-45FFFDD8B28F\"}],\"bounds\":{\"lowerRight\":{\"x\":249.9375,\"y\":105},\"upperLeft\":{\"x\":205.0625,\"y\":105}},\"dockers\":[{\"x\":15,\"y\":15},{\"x\":15,\"y\":15}],\"target\":{\"resourceId\":\"sid-FEBC666A-CC8D-40C1-83E9-45FFFDD8B28F\"}},{\"resourceId\":\"sid-6B2609FE-CC43-413C-B43E-AD89DC5CB461\",\"properties\":{\"overrideid\":\"\",\"name\":\"\",\"documentation\":\"\",\"executionlisteners\":\"\",\"timercycledefinition\":\"\",\"timerdatedefinition\":\"\",\"timerdurationdefinition\":\"\"},\"stencil\":{\"id\":\"CatchTimerEvent\"},\"childShapes\":[],\"outgoing\":[{\"resourceId\":\"sid-C20400C9-B9C1-444B-92F3-E6B9AF8A16A5\"}],\"bounds\":{\"lowerRight\":{\"x\":356,\"y\":120.5},\"upperLeft\":{\"x\":325,\"y\":89.5}},\"dockers\":[{\"x\":340.5,\"y\":105}]},{\"resourceId\":\"sid-E2A9A2A2-360F-4143-9515-210AEAF45F6A\",\"properties\":{\"overrideid\":\"\",\"name\":\"\",\"documentation\":\"\",\"conditionsequenceflow\":\"\",\"executionlisteners\":\"\",\"defaultflow\":\"false\",\"skipexpression\":\"\"},\"stencil\":{\"id\":\"SequenceFlow\"},\"childShapes\":[],\"outgoing\":[{\"resourceId\":\"sid-6B2609FE-CC43-413C-B43E-AD89DC5CB461\"}],\"bounds\":{\"lowerRight\":{\"x\":325.75002164057173,\"y\":105.39967119500376},\"upperLeft\":{\"x\":280.24997835942827,\"y\":105.10032880499624}},\"dockers\":[{\"x\":15,\"y\":15},{\"x\":16,\"y\":16}],\"target\":{\"resourceId\":\"sid-6B2609FE-CC43-413C-B43E-AD89DC5CB461\"}},{\"resourceId\":\"sid-D6ED581E-AFE1-4126-BD71-1ADD20079B37\",\"properties\":{\"overrideid\":\"\",\"name\":\"\",\"documentation\":\"\",\"executionlisteners\":\"\",\"timercycledefinition\":\"\",\"timerdatedefinition\":\"\",\"timerdurationdefinition\":\"\"},\"stencil\":{\"id\":\"CatchTimerEvent\"},\"childShapes\":[],\"outgoing\":[{\"resourceId\":\"sid-C9E85E17-981C-4F1B-93A9-F6EDAFACF900\"}],\"bounds\":{\"lowerRight\":{\"x\":421,\"y\":120.5},\"upperLeft\":{\"x\":390,\"y\":89.5}},\"dockers\":[{\"x\":405.5,\"y\":105}]},{\"resourceId\":\"sid-C20400C9-B9C1-444B-92F3-E6B9AF8A16A5\",\"properties\":{\"overrideid\":\"\",\"name\":\"\",\"documentation\":\"\",\"conditionsequenceflow\":\"\",\"executionlisteners\":\"\",\"defaultflow\":\"false\",\"skipexpression\":\"\"},\"stencil\":{\"id\":\"SequenceFlow\"},\"childShapes\":[],\"outgoing\":[{\"resourceId\":\"sid-D6ED581E-AFE1-4126-BD71-1ADD20079B37\"}],\"bounds\":{\"lowerRight\":{\"x\":390.78125,\"y\":105.5},\"upperLeft\":{\"x\":356.21875,\"y\":105.5}},\"dockers\":[{\"x\":16,\"y\":16},{\"x\":16,\"y\":16}],\"target\":{\"resourceId\":\"sid-D6ED581E-AFE1-4126-BD71-1ADD20079B37\"}},{\"resourceId\":\"sid-C9E85E17-981C-4F1B-93A9-F6EDAFACF900\",\"properties\":{\"overrideid\":\"\",\"name\":\"\",\"documentation\":\"\",\"conditionsequenceflow\":\"\",\"executionlisteners\":\"\",\"defaultflow\":\"false\",\"skipexpression\":\"\"},\"stencil\":{\"id\":\"SequenceFlow\"},\"childShapes\":[],\"outgoing\":[{\"resourceId\":\"sid-C28BD6A8-6BFC-4C88-AC08-0F09AA6B8617\"}],\"bounds\":{\"lowerRight\":{\"x\":508.40442609006055,\"y\":152.72962755015723},\"upperLeft\":{\"x\":420.50182390993945,\"y\":112.18834119984275}},\"dockers\":[{\"x\":16,\"y\":16},{\"x\":14,\"y\":14}],\"target\":{\"resourceId\":\"sid-C28BD6A8-6BFC-4C88-AC08-0F09AA6B8617\"}},{\"resourceId\":\"sid-BF477B1E-ED9D-4309-97B6-B176195ED09E\",\"properties\":{\"overrideid\":\"\",\"name\":\"\",\"documentation\":\"\",\"conditionsequenceflow\":\"\",\"executionlisteners\":\"\",\"defaultflow\":\"false\",\"skipexpression\":\"\"},\"stencil\":{\"id\":\"SequenceFlow\"},\"childShapes\":[],\"outgoing\":[{\"resourceId\":\"sid-C28BD6A8-6BFC-4C88-AC08-0F09AA6B8617\"}],\"bounds\":{\"lowerRight\":{\"x\":507.4950153412587,\"y\":157.07550572095323},\"upperLeft\":{\"x\":130.29990653374134,\"y\":107.02996302904675}},\"dockers\":[{\"x\":15,\"y\":15},{\"x\":14,\"y\":14}],\"target\":{\"resourceId\":\"sid-C28BD6A8-6BFC-4C88-AC08-0F09AA6B8617\"}}],\"stencil\":{\"id\":\"BPMNDiagram\"},\"stencilset\":{\"namespace\":\"http://b3mn.org/stencilset/bpmn2.0#\",\"url\":\"../editor/stencilsets/bpmn2.0/bpmn2.0.json\"}}', 'f0cd1c99-5304-11ea-9661-00163e2e65eb', 0, NULL);
INSERT INTO `ACT_DE_MODEL_HISTORY` VALUES ('5708f1fa-5777-11ea-9661-00163e2e65eb', 'asdf', 'asfd', 'sadf', NULL, '2020-02-18 14:16:35.330000', 'admin', '2020-02-18 14:16:35.330000', 'admin', '2020-02-25 10:34:26.115000', 1, '{\"id\":\"canvas\",\"resourceId\":\"canvas\",\"stencilset\":{\"namespace\":\"http://b3mn.org/stencilset/bpmn2.0#\"},\"properties\":{\"process_id\":\"asfd\",\"name\":\"asdf\",\"documentation\":\"sadf\"},\"childShapes\":[{\"bounds\":{\"lowerRight\":{\"x\":130,\"y\":193},\"upperLeft\":{\"x\":100,\"y\":163}},\"childShapes\":[],\"dockers\":[],\"outgoing\":[],\"resourceId\":\"startEvent1\",\"stencil\":{\"id\":\"StartNoneEvent\"}}]}', '36fba10b-5216-11ea-9661-00163e2e65eb', 0, NULL);
INSERT INTO `ACT_DE_MODEL_HISTORY` VALUES ('5894c21b-5777-11ea-9661-00163e2e65eb', '1', '1', '1', NULL, '2020-02-16 10:17:59.283000', 'admin', '2020-02-16 10:17:59.283000', 'admin', '2020-02-25 10:34:28.709000', 1, '{\"id\":\"canvas\",\"resourceId\":\"canvas\",\"stencilset\":{\"namespace\":\"http://b3mn.org/stencilset/bpmn2.0#\"},\"properties\":{\"process_id\":\"1\",\"name\":\"1\",\"documentation\":\"1\"},\"childShapes\":[{\"bounds\":{\"lowerRight\":{\"x\":130,\"y\":193},\"upperLeft\":{\"x\":100,\"y\":163}},\"childShapes\":[],\"dockers\":[],\"outgoing\":[],\"resourceId\":\"startEvent1\",\"stencil\":{\"id\":\"StartNoneEvent\"}}]}', '8d228cb5-5062-11ea-9661-00163e2e65eb', 0, NULL);
INSERT INTO `ACT_DE_MODEL_HISTORY` VALUES ('5a47f05c-5777-11ea-9661-00163e2e65eb', '公章审批流程', 'gongzhang', '', NULL, '2020-02-14 13:50:43.756000', 'admin', '2020-02-14 13:50:43.756000', 'admin', '2020-02-25 10:34:31.561000', 1, '{\"id\":\"canvas\",\"resourceId\":\"canvas\",\"stencilset\":{\"namespace\":\"http://b3mn.org/stencilset/bpmn2.0#\"},\"properties\":{\"process_id\":\"gongzhang\",\"name\":\"公章审批流程\"},\"childShapes\":[{\"bounds\":{\"lowerRight\":{\"x\":130,\"y\":193},\"upperLeft\":{\"x\":100,\"y\":163}},\"childShapes\":[],\"dockers\":[],\"outgoing\":[],\"resourceId\":\"startEvent1\",\"stencil\":{\"id\":\"StartNoneEvent\"}}]}', 'f08d50b3-4eed-11ea-9661-00163e2e65eb', 0, NULL);
INSERT INTO `ACT_DE_MODEL_HISTORY` VALUES ('5bb059fd-5777-11ea-9661-00163e2e65eb', '入职流程', 'ruzhi_process', '', NULL, '2020-02-13 14:48:30.232000', 'admin', '2020-02-13 14:59:20.821000', 'admin', '2020-02-25 10:34:33.923000', 1, '{\"modelId\":\"d84c0724-4e2c-11ea-8531-00163e2e65eb\",\"bounds\":{\"lowerRight\":{\"x\":1200,\"y\":1050},\"upperLeft\":{\"x\":0,\"y\":0}},\"properties\":{\"process_id\":\"ruzhi_process\",\"name\":\"入职流程\",\"documentation\":\"\",\"process_author\":\"\",\"process_version\":\"\",\"process_namespace\":\"http://www.flowable.org/processdef\",\"process_historylevel\":\"\",\"isexecutable\":true,\"dataproperties\":\"\",\"executionlisteners\":\"\",\"eventlisteners\":\"\",\"signaldefinitions\":\"\",\"messagedefinitions\":\"\",\"process_potentialstarteruser\":\"\",\"process_potentialstartergroup\":\"\",\"iseagerexecutionfetch\":\"false\"},\"childShapes\":[{\"resourceId\":\"startEvent1\",\"properties\":{\"overrideid\":\"\",\"name\":\"\",\"documentation\":\"\",\"executionlisteners\":\"\",\"initiator\":\"\",\"formkeydefinition\":\"\",\"formreference\":\"\",\"formproperties\":\"\"},\"stencil\":{\"id\":\"StartNoneEvent\"},\"childShapes\":[],\"outgoing\":[{\"resourceId\":\"sid-DEE6A842-C431-4F53-B5F6-23F5BBD5DD90\"}],\"bounds\":{\"lowerRight\":{\"x\":130,\"y\":193},\"upperLeft\":{\"x\":100,\"y\":163}},\"dockers\":[]},{\"resourceId\":\"sid-28730200-A5A7-413B-8571-AB7420BE0AF7\",\"properties\":{\"overrideid\":\"\",\"name\":\"人事登记\",\"documentation\":\"\",\"asynchronousdefinition\":\"false\",\"exclusivedefinition\":\"false\",\"executionlisteners\":\"\",\"multiinstance_type\":\"None\",\"multiinstance_cardinality\":\"\",\"multiinstance_collection\":\"\",\"multiinstance_variable\":\"\",\"multiinstance_condition\":\"\",\"isforcompensation\":\"false\",\"usertaskassignment\":\"\",\"formkeydefinition\":\"\",\"formreference\":\"\",\"duedatedefinition\":\"\",\"prioritydefinition\":\"\",\"formproperties\":\"\",\"tasklisteners\":\"\",\"skipexpression\":\"\",\"categorydefinition\":\"\"},\"stencil\":{\"id\":\"UserTask\"},\"childShapes\":[],\"outgoing\":[{\"resourceId\":\"sid-621C002F-E741-4609-8AE5-9641578FF9EC\"}],\"bounds\":{\"lowerRight\":{\"x\":265,\"y\":215},\"upperLeft\":{\"x\":165,\"y\":135}},\"dockers\":[]},{\"resourceId\":\"sid-DEE6A842-C431-4F53-B5F6-23F5BBD5DD90\",\"properties\":{\"overrideid\":\"\",\"name\":\"\",\"documentation\":\"\",\"conditionsequenceflow\":\"\",\"executionlisteners\":\"\",\"defaultflow\":\"false\",\"skipexpression\":\"\"},\"stencil\":{\"id\":\"SequenceFlow\"},\"childShapes\":[],\"outgoing\":[{\"resourceId\":\"sid-28730200-A5A7-413B-8571-AB7420BE0AF7\"}],\"bounds\":{\"lowerRight\":{\"x\":164.78169969647763,\"y\":177.54813849089433},\"upperLeft\":{\"x\":130.06205030352237,\"y\":176.50654900910567}},\"dockers\":[{\"x\":15,\"y\":15},{\"x\":50,\"y\":40}],\"target\":{\"resourceId\":\"sid-28730200-A5A7-413B-8571-AB7420BE0AF7\"}},{\"resourceId\":\"sid-FD37DAC0-4111-4BFE-893D-24D8945F5262\",\"properties\":{\"overrideid\":\"\",\"name\":\"\",\"documentation\":\"\",\"executionlisteners\":\"\"},\"stencil\":{\"id\":\"EndNoneEvent\"},\"childShapes\":[],\"outgoing\":[],\"bounds\":{\"lowerRight\":{\"x\":338,\"y\":189},\"upperLeft\":{\"x\":310,\"y\":161}},\"dockers\":[]},{\"resourceId\":\"sid-621C002F-E741-4609-8AE5-9641578FF9EC\",\"properties\":{\"overrideid\":\"\",\"name\":\"\",\"documentation\":\"\",\"conditionsequenceflow\":\"\",\"executionlisteners\":\"\",\"defaultflow\":\"false\",\"skipexpression\":\"\"},\"stencil\":{\"id\":\"SequenceFlow\"},\"childShapes\":[],\"outgoing\":[{\"resourceId\":\"sid-FD37DAC0-4111-4BFE-893D-24D8945F5262\"}],\"bounds\":{\"lowerRight\":{\"x\":309.375,\"y\":175},\"upperLeft\":{\"x\":265.390625,\"y\":175}},\"dockers\":[{\"x\":50,\"y\":40},{\"x\":14,\"y\":14}],\"target\":{\"resourceId\":\"sid-FD37DAC0-4111-4BFE-893D-24D8945F5262\"}}],\"stencil\":{\"id\":\"BPMNDiagram\"},\"stencilset\":{\"namespace\":\"http://b3mn.org/stencilset/bpmn2.0#\",\"url\":\"../editor/stencilsets/bpmn2.0/bpmn2.0.json\"}}', 'd84c0724-4e2c-11ea-8531-00163e2e65eb', 0, NULL);
INSERT INTO `ACT_DE_MODEL_HISTORY` VALUES ('5d17640e-5777-11ea-9661-00163e2e65eb', '12', '1234', '', NULL, '2020-02-13 10:43:34.203000', 'admin', '2020-02-13 10:43:34.203000', 'admin', '2020-02-25 10:34:36.276000', 1, '{\"id\":\"canvas\",\"resourceId\":\"canvas\",\"stencilset\":{\"namespace\":\"http://b3mn.org/stencilset/bpmn2.0#\"},\"properties\":{\"process_id\":\"1234\",\"name\":\"12\"},\"childShapes\":[{\"bounds\":{\"lowerRight\":{\"x\":130,\"y\":193},\"upperLeft\":{\"x\":100,\"y\":163}},\"childShapes\":[],\"dockers\":[],\"outgoing\":[],\"resourceId\":\"startEvent1\",\"stencil\":{\"id\":\"StartNoneEvent\"}}]}', 'a0d2f2d3-4e0a-11ea-8531-00163e2e65eb', 0, NULL);
INSERT INTO `ACT_DE_MODEL_HISTORY` VALUES ('5e3e7eef-5777-11ea-9661-00163e2e65eb', '12', '12', '12', NULL, '2020-02-12 16:01:26.100000', 'admin', '2020-02-12 16:06:40.233000', 'admin', '2020-02-25 10:34:38.210000', 1, '{\"modelId\":\"de1c6c0a-4d6d-11ea-9b4e-00163e2e65eb\",\"bounds\":{\"lowerRight\":{\"x\":1200,\"y\":1050},\"upperLeft\":{\"x\":0,\"y\":0}},\"properties\":{\"process_id\":\"12\",\"name\":\"12\",\"documentation\":\"12\",\"process_author\":\"\",\"process_version\":\"\",\"process_namespace\":\"http://www.flowable.org/processdef\",\"process_historylevel\":\"\",\"isexecutable\":true,\"dataproperties\":\"\",\"executionlisteners\":\"\",\"eventlisteners\":\"\",\"signaldefinitions\":\"\",\"messagedefinitions\":\"\",\"process_potentialstarteruser\":\"\",\"process_potentialstartergroup\":\"\",\"iseagerexecutionfetch\":\"false\"},\"childShapes\":[{\"resourceId\":\"startEvent1\",\"properties\":{\"overrideid\":\"\",\"name\":\"\",\"documentation\":\"\",\"executionlisteners\":\"\",\"initiator\":\"\",\"formkeydefinition\":\"\",\"formreference\":\"\",\"formproperties\":\"\"},\"stencil\":{\"id\":\"StartNoneEvent\"},\"childShapes\":[],\"outgoing\":[],\"bounds\":{\"lowerRight\":{\"x\":130,\"y\":193},\"upperLeft\":{\"x\":100,\"y\":163}},\"dockers\":[]}],\"stencil\":{\"id\":\"BPMNDiagram\"},\"stencilset\":{\"namespace\":\"http://b3mn.org/stencilset/bpmn2.0#\",\"url\":\"../editor/stencilsets/bpmn2.0/bpmn2.0.json\"}}', 'de1c6c0a-4d6d-11ea-9b4e-00163e2e65eb', 0, NULL);
INSERT INTO `ACT_DE_MODEL_HISTORY` VALUES ('5f6d8910-5777-11ea-9661-00163e2e65eb', 'fdsa', 'fdsa', 'fdsafds', NULL, '2020-02-11 17:53:02.041000', 'admin', '2020-02-11 17:53:07.264000', 'admin', '2020-02-25 10:34:40.196000', 1, '{\"modelId\":\"4ac6109e-4cb4-11ea-9b4e-00163e2e65eb\",\"bounds\":{\"lowerRight\":{\"x\":1200,\"y\":1050},\"upperLeft\":{\"x\":0,\"y\":0}},\"properties\":{\"process_id\":\"fdsa\",\"name\":\"fdsa\",\"documentation\":\"fdsafds\",\"process_author\":\"\",\"process_version\":\"\",\"process_namespace\":\"http://www.flowable.org/processdef\",\"process_historylevel\":\"\",\"isexecutable\":true,\"dataproperties\":\"\",\"executionlisteners\":\"\",\"eventlisteners\":\"\",\"signaldefinitions\":\"\",\"messagedefinitions\":\"\",\"process_potentialstarteruser\":\"\",\"process_potentialstartergroup\":\"\",\"iseagerexecutionfetch\":\"false\"},\"childShapes\":[{\"resourceId\":\"startEvent1\",\"properties\":{\"overrideid\":\"\",\"name\":\"\",\"documentation\":\"\",\"executionlisteners\":\"\",\"initiator\":\"\",\"formkeydefinition\":\"\",\"formreference\":\"\",\"formproperties\":\"\"},\"stencil\":{\"id\":\"StartNoneEvent\"},\"childShapes\":[],\"outgoing\":[],\"bounds\":{\"lowerRight\":{\"x\":130,\"y\":193},\"upperLeft\":{\"x\":100,\"y\":163}},\"dockers\":[]}],\"stencil\":{\"id\":\"BPMNDiagram\"},\"stencilset\":{\"namespace\":\"http://b3mn.org/stencilset/bpmn2.0#\",\"url\":\"../editor/stencilsets/bpmn2.0/bpmn2.0.json\"}}', '4ac6109e-4cb4-11ea-9b4e-00163e2e65eb', 0, NULL);
INSERT INTO `ACT_DE_MODEL_HISTORY` VALUES ('619ee801-5777-11ea-9661-00163e2e65eb', '测试', 'ZYP', '', NULL, '2020-01-19 13:13:06.664000', 'admin', '2020-01-19 13:13:06.664000', 'admin', '2020-02-25 10:34:43.875000', 1, '{\"id\":\"canvas\",\"resourceId\":\"canvas\",\"stencilset\":{\"namespace\":\"http://b3mn.org/stencilset/bpmn2.0#\"},\"properties\":{\"process_id\":\"ZYP\",\"name\":\"测试\"},\"childShapes\":[{\"bounds\":{\"lowerRight\":{\"x\":130,\"y\":193},\"upperLeft\":{\"x\":100,\"y\":163}},\"childShapes\":[],\"dockers\":[],\"outgoing\":[],\"resourceId\":\"startEvent1\",\"stencil\":{\"id\":\"StartNoneEvent\"}}]}', '607b0f4b-3a7a-11ea-aa63-00163e2e65eb', 0, NULL);
INSERT INTO `ACT_DE_MODEL_HISTORY` VALUES ('63295892-5777-11ea-9661-00163e2e65eb', '送货流程', 'sss', '实施', NULL, '2020-02-10 16:58:08.024000', 'admin', '2020-02-10 16:58:08.024000', 'admin', '2020-02-25 10:34:46.460000', 1, '{\"id\":\"canvas\",\"resourceId\":\"canvas\",\"stencilset\":{\"namespace\":\"http://b3mn.org/stencilset/bpmn2.0#\"},\"properties\":{\"process_id\":\"sss\",\"name\":\"送货流程\",\"documentation\":\"实施\"},\"childShapes\":[{\"bounds\":{\"lowerRight\":{\"x\":130,\"y\":193},\"upperLeft\":{\"x\":100,\"y\":163}},\"childShapes\":[],\"dockers\":[],\"outgoing\":[],\"resourceId\":\"startEvent1\",\"stencil\":{\"id\":\"StartNoneEvent\"}}]}', '75160c4d-4be3-11ea-9b4e-00163e2e65eb', 0, NULL);
INSERT INTO `ACT_DE_MODEL_HISTORY` VALUES ('64a85773-5777-11ea-9661-00163e2e65eb', '调度流程', 'ddlc', '调度', NULL, '2020-01-17 17:05:14.324000', 'admin', '2020-01-17 17:05:14.324000', 'admin', '2020-02-25 10:34:48.970000', 1, '{\"id\":\"canvas\",\"resourceId\":\"canvas\",\"stencilset\":{\"namespace\":\"http://b3mn.org/stencilset/bpmn2.0#\"},\"properties\":{\"process_id\":\"ddlc\",\"name\":\"调度流程\",\"documentation\":\"调度\"},\"childShapes\":[{\"bounds\":{\"lowerRight\":{\"x\":130,\"y\":193},\"upperLeft\":{\"x\":100,\"y\":163}},\"childShapes\":[],\"dockers\":[],\"outgoing\":[],\"resourceId\":\"startEvent1\",\"stencil\":{\"id\":\"StartNoneEvent\"}}]}', '79291b4a-3908-11ea-aa63-00163e2e65eb', 0, NULL);
INSERT INTO `ACT_DE_MODEL_HISTORY` VALUES ('6ea2b2ec-5227-11ea-9661-00163e2e65eb', '请假流程', 'jsite_leave', '请假流程', NULL, '2020-01-02 07:29:59.672000', 'admin', '2020-01-16 15:57:39.110000', 'admin', NULL, 1, '{\"modelId\":\"aee0d905-2d31-11ea-91ac-c85b7643dd9e\",\"bounds\":{\"lowerRight\":{\"x\":1200,\"y\":1050},\"upperLeft\":{\"x\":0,\"y\":0}},\"properties\":{\"process_id\":\"jsite_leave\",\"name\":\"请假流程\",\"documentation\":\"请假流程\",\"process_author\":\"\",\"process_version\":\"\",\"process_namespace\":\"http://www.flowable\",\"process_historylevel\":\"\",\"isexecutable\":true,\"dataproperties\":\"\",\"executionlisteners\":\"{\\\"executionListeners\\\":[]}\",\"eventlisteners\":\"{\\\"eventListeners\\\":[]}\",\"signaldefinitions\":\"[]\",\"messagedefinitions\":\"[]\",\"process_potentialstarteruser\":\"\",\"process_potentialstartergroup\":\"\",\"iseagerexecutionfetch\":\"false\",\"messages\":[]},\"childShapes\":[{\"resourceId\":\"startevent1\",\"properties\":{\"overrideid\":\"startevent1\",\"name\":\"开始节点\",\"documentation\":\"\",\"executionlisteners\":{\"executionListeners\":[]},\"initiator\":\"applyUserId\",\"formkeydefinition\":\"\",\"formreference\":\"\",\"formproperties\":\"\",\"interrupting\":true},\"stencil\":{\"id\":\"StartNoneEvent\"},\"childShapes\":[],\"outgoing\":[{\"resourceId\":\"sid-C72C3F94-FFC6-4861-984C-84884B66DD47\"}],\"bounds\":{\"lowerRight\":{\"x\":130,\"y\":193},\"upperLeft\":{\"x\":100,\"y\":163}},\"dockers\":[]},{\"resourceId\":\"leave_leader_audit\",\"properties\":{\"overrideid\":\"leave_leader_audit\",\"name\":\"领导审批\",\"documentation\":\"\",\"asynchronousdefinition\":false,\"exclusivedefinition\":true,\"executionlisteners\":{\"executionListeners\":[]},\"multiinstance_type\":\"None\",\"multiinstance_cardinality\":\"\",\"multiinstance_collection\":\"\",\"multiinstance_variable\":\"\",\"multiinstance_condition\":\"\",\"isforcompensation\":\"false\",\"usertaskassignment\":{\"assignment\":{\"type\":\"static\",\"assignee\":\"${leaderName}\"}},\"formkeydefinition\":\"leave_leader_audit\",\"formreference\":\"\",\"duedatedefinition\":\"\",\"prioritydefinition\":\"\",\"formproperties\":\"\",\"tasklisteners\":{\"taskListeners\":[{\"event\":\"complete\",\"className\":\"com.jsite.modules.flowable.listener.TaskBusinessCallListener\",\"implementation\":\"com.jsite.modules.flowable.listener.TaskBusinessCallListener\",\"$$hashKey\":\"uiGrid-000D\",\"fields\":[]}]},\"skipexpression\":\"\",\"categorydefinition\":\"\"},\"stencil\":{\"id\":\"UserTask\"},\"childShapes\":[],\"outgoing\":[{\"resourceId\":\"sid-CA63049C-E8AD-45DB-A214-86AD0653D313\"}],\"bounds\":{\"lowerRight\":{\"x\":295,\"y\":218},\"upperLeft\":{\"x\":195,\"y\":138}},\"dockers\":[]},{\"resourceId\":\"sid-D9CD09E3-6804-4B26-9DCE-31DC53B64E26\",\"properties\":{\"overrideid\":\"sid-D9CD09E3-6804-4B26-9DCE-31DC53B64E26\",\"name\":\"\",\"documentation\":\"\",\"asynchronousdefinition\":\"false\",\"exclusivedefinition\":\"false\",\"sequencefloworder\":\"\",\"executionlisteners\":{\"executionListeners\":[]}},\"stencil\":{\"id\":\"ExclusiveGateway\"},\"childShapes\":[],\"outgoing\":[{\"resourceId\":\"sid-8EAC8A36-0C40-4596-8181-A33B1C95E544\"},{\"resourceId\":\"sid-57B75BD7-E1A6-4569-89FB-3C88F62C9384\"}],\"bounds\":{\"lowerRight\":{\"x\":400,\"y\":198},\"upperLeft\":{\"x\":360,\"y\":158}},\"dockers\":[]},{\"resourceId\":\"end\",\"properties\":{\"overrideid\":\"end\",\"name\":\"流程结束\",\"documentation\":\"\",\"executionlisteners\":{\"executionListeners\":[{\"event\":\"end\",\"implementation\":\"com.jsite.modules.flowable.listener.TaskBusinessCallListener\",\"className\":\"com.jsite.modules.flowable.listener.TaskBusinessCallListener\",\"expression\":\"\",\"delegateExpression\":\"\",\"$$hashKey\":\"uiGrid-0013\",\"fields\":[]}]}},\"stencil\":{\"id\":\"EndNoneEvent\"},\"childShapes\":[],\"outgoing\":[],\"bounds\":{\"lowerRight\":{\"x\":553,\"y\":193},\"upperLeft\":{\"x\":525,\"y\":165}},\"dockers\":[]},{\"resourceId\":\"adjustApply\",\"properties\":{\"overrideid\":\"adjustApply\",\"name\":\"调整申请\",\"documentation\":\"\",\"asynchronousdefinition\":false,\"exclusivedefinition\":true,\"executionlisteners\":{\"executionListeners\":[]},\"multiinstance_type\":\"None\",\"multiinstance_cardinality\":\"\",\"multiinstance_collection\":\"\",\"multiinstance_variable\":\"\",\"multiinstance_condition\":\"\",\"isforcompensation\":\"false\",\"usertaskassignment\":{\"assignment\":{\"type\":\"static\",\"assignee\":\"${applyUserId}\"}},\"formkeydefinition\":\"\",\"formreference\":\"\",\"duedatedefinition\":\"\",\"prioritydefinition\":\"\",\"formproperties\":\"\",\"tasklisteners\":{\"taskListeners\":[]},\"skipexpression\":\"\",\"categorydefinition\":\"\"},\"stencil\":{\"id\":\"UserTask\"},\"childShapes\":[],\"outgoing\":[{\"resourceId\":\"sid-9907B39C-4DF1-40A5-9A15-D6AEE19F792E\"}],\"bounds\":{\"lowerRight\":{\"x\":430,\"y\":365},\"upperLeft\":{\"x\":330,\"y\":285}},\"dockers\":[]},{\"resourceId\":\"sid-C72C3F94-FFC6-4861-984C-84884B66DD47\",\"properties\":{\"overrideid\":\"sid-C72C3F94-FFC6-4861-984C-84884B66DD47\",\"name\":\"\",\"documentation\":\"\",\"conditionsequenceflow\":\"\",\"executionlisteners\":\"\",\"defaultflow\":\"false\",\"skipexpression\":\"\"},\"stencil\":{\"id\":\"SequenceFlow\"},\"childShapes\":[],\"outgoing\":[{\"resourceId\":\"leave_leader_audit\"}],\"bounds\":{\"lowerRight\":{\"x\":194.234375,\"y\":178},\"upperLeft\":{\"x\":130.21875,\"y\":178}},\"dockers\":[{\"x\":15,\"y\":15},{\"x\":50,\"y\":40}],\"target\":{\"resourceId\":\"leave_leader_audit\"}},{\"resourceId\":\"sid-52E803B4-4779-43D2-944C-3312F05EDEC0\",\"properties\":{\"overrideid\":\"sid-52E803B4-4779-43D2-944C-3312F05EDEC0\",\"name\":\"\",\"documentation\":\"\",\"asynchronousdefinition\":\"false\",\"exclusivedefinition\":\"false\",\"sequencefloworder\":\"\",\"executionlisteners\":{\"executionListeners\":[]}},\"stencil\":{\"id\":\"ExclusiveGateway\"},\"childShapes\":[],\"outgoing\":[{\"resourceId\":\"sid-6D5AB85C-A62B-4B08-820F-294FE68F0132\"},{\"resourceId\":\"sid-14B77A49-FD2A-47A2-8DA0-24B3F7715E47\"}],\"bounds\":{\"lowerRight\":{\"x\":400,\"y\":445},\"upperLeft\":{\"x\":360,\"y\":405}},\"dockers\":[]},{\"resourceId\":\"sid-CA63049C-E8AD-45DB-A214-86AD0653D313\",\"properties\":{\"overrideid\":\"sid-CA63049C-E8AD-45DB-A214-86AD0653D313\",\"name\":\"\",\"documentation\":\"\",\"conditionsequenceflow\":\"\",\"executionlisteners\":\"\",\"defaultflow\":\"false\",\"skipexpression\":\"\"},\"stencil\":{\"id\":\"SequenceFlow\"},\"childShapes\":[],\"outgoing\":[{\"resourceId\":\"sid-D9CD09E3-6804-4B26-9DCE-31DC53B64E26\"}],\"bounds\":{\"lowerRight\":{\"x\":360.015625,\"y\":178},\"upperLeft\":{\"x\":295.5703125,\"y\":178}},\"dockers\":[{\"x\":50,\"y\":40},{\"x\":20,\"y\":20}],\"target\":{\"resourceId\":\"sid-D9CD09E3-6804-4B26-9DCE-31DC53B64E26\"}},{\"resourceId\":\"sid-6D5AB85C-A62B-4B08-820F-294FE68F0132\",\"properties\":{\"overrideid\":\"sid-6D5AB85C-A62B-4B08-820F-294FE68F0132\",\"name\":\"\",\"documentation\":\"\",\"conditionsequenceflow\":\"${!auditPass}\",\"executionlisteners\":\"\",\"defaultflow\":\"false\",\"skipexpression\":\"\"},\"stencil\":{\"id\":\"SequenceFlow\"},\"childShapes\":[],\"outgoing\":[{\"resourceId\":\"end\"}],\"bounds\":{\"lowerRight\":{\"x\":539,\"y\":425},\"upperLeft\":{\"x\":399.6328125,\"y\":193.453125}},\"dockers\":[{\"x\":20,\"y\":20},{\"x\":539,\"y\":425},{\"x\":14,\"y\":14}],\"target\":{\"resourceId\":\"end\"}},{\"resourceId\":\"sid-9907B39C-4DF1-40A5-9A15-D6AEE19F792E\",\"properties\":{\"overrideid\":\"sid-9907B39C-4DF1-40A5-9A15-D6AEE19F792E\",\"name\":\"\",\"documentation\":\"\",\"conditionsequenceflow\":\"\",\"executionlisteners\":\"\",\"defaultflow\":\"false\",\"skipexpression\":\"\"},\"stencil\":{\"id\":\"SequenceFlow\"},\"childShapes\":[],\"outgoing\":[{\"resourceId\":\"sid-52E803B4-4779-43D2-944C-3312F05EDEC0\"}],\"bounds\":{\"lowerRight\":{\"x\":380,\"y\":405.25},\"upperLeft\":{\"x\":380,\"y\":365.0625}},\"dockers\":[{\"x\":50,\"y\":40},{\"x\":20,\"y\":20}],\"target\":{\"resourceId\":\"sid-52E803B4-4779-43D2-944C-3312F05EDEC0\"}},{\"resourceId\":\"sid-14B77A49-FD2A-47A2-8DA0-24B3F7715E47\",\"properties\":{\"overrideid\":\"sid-14B77A49-FD2A-47A2-8DA0-24B3F7715E47\",\"name\":\"\",\"documentation\":\"\",\"conditionsequenceflow\":\"${auditPass}\",\"executionlisteners\":\"\",\"defaultflow\":\"false\",\"skipexpression\":\"\"},\"stencil\":{\"id\":\"SequenceFlow\"},\"childShapes\":[],\"outgoing\":[{\"resourceId\":\"leave_leader_audit\"}],\"bounds\":{\"lowerRight\":{\"x\":360.015625,\"y\":425},\"upperLeft\":{\"x\":245,\"y\":218.55859375}},\"dockers\":[{\"x\":20,\"y\":20},{\"x\":245,\"y\":425},{\"x\":50,\"y\":40}],\"target\":{\"resourceId\":\"leave_leader_audit\"}},{\"resourceId\":\"sid-8EAC8A36-0C40-4596-8181-A33B1C95E544\",\"properties\":{\"overrideid\":\"sid-8EAC8A36-0C40-4596-8181-A33B1C95E544\",\"name\":\"\",\"documentation\":\"\",\"conditionsequenceflow\":\"${auditPass}\",\"executionlisteners\":\"\",\"defaultflow\":\"false\",\"skipexpression\":\"\"},\"stencil\":{\"id\":\"SequenceFlow\"},\"childShapes\":[],\"outgoing\":[{\"resourceId\":\"end\"}],\"bounds\":{\"lowerRight\":{\"x\":524.3359572771119,\"y\":178.90777331620825},\"upperLeft\":{\"x\":400.25388647288804,\"y\":178.12738293379175}},\"dockers\":[{\"x\":20,\"y\":20},{\"x\":14,\"y\":14}],\"target\":{\"resourceId\":\"end\"}},{\"resourceId\":\"sid-57B75BD7-E1A6-4569-89FB-3C88F62C9384\",\"properties\":{\"overrideid\":\"sid-57B75BD7-E1A6-4569-89FB-3C88F62C9384\",\"name\":\"\",\"documentation\":\"\",\"conditionsequenceflow\":\"${!auditPass}\",\"executionlisteners\":\"\",\"defaultflow\":\"false\",\"skipexpression\":\"\"},\"stencil\":{\"id\":\"SequenceFlow\"},\"childShapes\":[],\"outgoing\":[{\"resourceId\":\"adjustApply\"}],\"bounds\":{\"lowerRight\":{\"x\":380,\"y\":284.953125},\"upperLeft\":{\"x\":380,\"y\":198.5234375}},\"dockers\":[{\"x\":20,\"y\":20},{\"x\":50,\"y\":40}],\"target\":{\"resourceId\":\"adjustApply\"}}],\"stencil\":{\"id\":\"BPMNDiagram\"},\"stencilset\":{\"namespace\":\"http://b3mn.org/stencilset/bpmn2.0#\",\"url\":\"../editor/stencilsets/bpmn2.0/bpmn2.0.json\"},\"name\":\"请假流程\",\"key\":\"jsite_leave\"}', 'aee0d905-2d31-11ea-91ac-c85b7643dd9e', 0, NULL);
INSERT INTO `ACT_DE_MODEL_HISTORY` VALUES ('b5388e4f-3674-11ea-aa63-00163e2e65eb', '工作日志', 'job_diary1', '', NULL, '2020-01-06 16:56:20.269000', 'admin', '2020-01-06 16:56:20.269000', 'admin', '2020-01-14 10:22:27.270000', 1, '{\"id\":\"canvas\",\"resourceId\":\"canvas\",\"stencilset\":{\"namespace\":\"http://b3mn.org/stencilset/bpmn2.0#\"},\"properties\":{\"process_id\":\"job_diary1\",\"name\":\"工作日志\"},\"childShapes\":[{\"bounds\":{\"lowerRight\":{\"x\":130,\"y\":193},\"upperLeft\":{\"x\":100,\"y\":163}},\"childShapes\":[],\"dockers\":[],\"outgoing\":[],\"resourceId\":\"startEvent1\",\"stencil\":{\"id\":\"StartNoneEvent\"}}]}', '684a76db-3062-11ea-9129-00163e2e65eb', 0, NULL);
INSERT INTO `ACT_DE_MODEL_HISTORY` VALUES ('b7485b80-3674-11ea-aa63-00163e2e65eb', '是支持支持', '水电费', '', NULL, '2020-01-06 20:43:19.047000', 'admin', '2020-01-06 20:43:19.047000', 'admin', '2020-01-14 10:22:30.730000', 1, '{\"id\":\"canvas\",\"resourceId\":\"canvas\",\"stencilset\":{\"namespace\":\"http://b3mn.org/stencilset/bpmn2.0#\"},\"properties\":{\"process_id\":\"水电费\",\"name\":\"是支持支持\"},\"childShapes\":[{\"bounds\":{\"lowerRight\":{\"x\":130,\"y\":193},\"upperLeft\":{\"x\":100,\"y\":163}},\"childShapes\":[],\"dockers\":[],\"outgoing\":[],\"resourceId\":\"startEvent1\",\"stencil\":{\"id\":\"StartNoneEvent\"}}]}', '1db64f2c-3082-11ea-9129-00163e2e65eb', 0, NULL);
INSERT INTO `ACT_DE_MODEL_HISTORY` VALUES ('b9378151-3674-11ea-aa63-00163e2e65eb', 'fggf', '222', '22', NULL, '2020-01-06 15:52:19.713000', 'admin', '2020-01-06 15:52:19.713000', 'admin', '2020-01-14 10:22:33.975000', 1, '{\"id\":\"canvas\",\"resourceId\":\"canvas\",\"stencilset\":{\"namespace\":\"http://b3mn.org/stencilset/bpmn2.0#\"},\"properties\":{\"process_id\":\"222\",\"name\":\"fggf\",\"documentation\":\"22\"},\"childShapes\":[{\"bounds\":{\"lowerRight\":{\"x\":130,\"y\":193},\"upperLeft\":{\"x\":100,\"y\":163}},\"childShapes\":[],\"dockers\":[],\"outgoing\":[],\"resourceId\":\"startEvent1\",\"stencil\":{\"id\":\"StartNoneEvent\"}}]}', '77235cbb-3059-11ea-9129-00163e2e65eb', 0, NULL);
INSERT INTO `ACT_DE_MODEL_HISTORY` VALUES ('bb834612-3674-11ea-aa63-00163e2e65eb', '出差申请', 'yeyb', '', NULL, '2020-01-05 16:09:57.326000', 'admin', '2020-01-05 16:11:06.369000', 'admin', '2020-01-14 10:22:37.827000', 1, '{\"modelId\":\"c33396bf-2f92-11ea-9129-00163e2e65eb\",\"bounds\":{\"lowerRight\":{\"x\":1200,\"y\":1050},\"upperLeft\":{\"x\":0,\"y\":0}},\"properties\":{\"process_id\":\"yeyb\",\"name\":\"出差申请\",\"documentation\":\"\",\"process_author\":\"\",\"process_version\":\"\",\"process_namespace\":\"http://www.flowable.org/processdef\",\"process_historylevel\":\"\",\"isexecutable\":true,\"dataproperties\":\"\",\"executionlisteners\":\"\",\"eventlisteners\":\"\",\"signaldefinitions\":\"\",\"messagedefinitions\":\"\",\"process_potentialstarteruser\":\"\",\"process_potentialstartergroup\":\"\",\"iseagerexecutionfetch\":\"false\"},\"childShapes\":[{\"resourceId\":\"startEvent1\",\"properties\":{\"overrideid\":\"\",\"name\":\"\",\"documentation\":\"\",\"executionlisteners\":\"\",\"initiator\":\"\",\"formkeydefinition\":\"\",\"formreference\":\"\",\"formproperties\":\"\"},\"stencil\":{\"id\":\"StartNoneEvent\"},\"childShapes\":[],\"outgoing\":[{\"resourceId\":\"sid-A1790EB8-8C0C-4CCB-844B-891723EFF134\"}],\"bounds\":{\"lowerRight\":{\"x\":130,\"y\":193},\"upperLeft\":{\"x\":100,\"y\":163}},\"dockers\":[]},{\"resourceId\":\"sid-91E9D67B-90FF-418E-B350-3F97F0104E0F\",\"properties\":{\"overrideid\":\"\",\"name\":\"出差\",\"documentation\":\"\",\"asynchronousdefinition\":\"false\",\"exclusivedefinition\":\"false\",\"executionlisteners\":\"\",\"multiinstance_type\":\"None\",\"multiinstance_cardinality\":\"\",\"multiinstance_collection\":\"\",\"multiinstance_variable\":\"\",\"multiinstance_condition\":\"\",\"isforcompensation\":\"false\",\"usertaskassignment\":{\"assignment\":{\"type\":\"static\",\"assignee\":\"jsite\"}},\"formkeydefinition\":\"\",\"formreference\":\"\",\"duedatedefinition\":\"\",\"prioritydefinition\":\"\",\"formproperties\":\"\",\"tasklisteners\":\"\",\"skipexpression\":\"\",\"categorydefinition\":\"\"},\"stencil\":{\"id\":\"UserTask\"},\"childShapes\":[],\"outgoing\":[{\"resourceId\":\"sid-FE45A69F-C0DE-473D-818F-D66F663ABF89\"}],\"bounds\":{\"lowerRight\":{\"x\":275,\"y\":218},\"upperLeft\":{\"x\":175,\"y\":138}},\"dockers\":[]},{\"resourceId\":\"sid-A1790EB8-8C0C-4CCB-844B-891723EFF134\",\"properties\":{\"overrideid\":\"\",\"name\":\"\",\"documentation\":\"\",\"conditionsequenceflow\":\"\",\"executionlisteners\":\"\",\"defaultflow\":\"false\",\"skipexpression\":\"\"},\"stencil\":{\"id\":\"SequenceFlow\"},\"childShapes\":[],\"outgoing\":[{\"resourceId\":\"sid-91E9D67B-90FF-418E-B350-3F97F0104E0F\"}],\"bounds\":{\"lowerRight\":{\"x\":174.15625,\"y\":178},\"upperLeft\":{\"x\":130.609375,\"y\":178}},\"dockers\":[{\"x\":15,\"y\":15},{\"x\":50,\"y\":40}],\"target\":{\"resourceId\":\"sid-91E9D67B-90FF-418E-B350-3F97F0104E0F\"}},{\"resourceId\":\"sid-D15AEFF5-2BC7-449C-BEEA-9185A685E0EF\",\"properties\":{\"overrideid\":\"\",\"name\":\"\",\"documentation\":\"\",\"executionlisteners\":\"\"},\"stencil\":{\"id\":\"EndNoneEvent\"},\"childShapes\":[],\"outgoing\":[],\"bounds\":{\"lowerRight\":{\"x\":348,\"y\":192},\"upperLeft\":{\"x\":320,\"y\":164}},\"dockers\":[]},{\"resourceId\":\"sid-FE45A69F-C0DE-473D-818F-D66F663ABF89\",\"properties\":{\"overrideid\":\"\",\"name\":\"\",\"documentation\":\"\",\"conditionsequenceflow\":\"\",\"executionlisteners\":\"\",\"defaultflow\":\"false\",\"skipexpression\":\"\"},\"stencil\":{\"id\":\"SequenceFlow\"},\"childShapes\":[],\"outgoing\":[{\"resourceId\":\"sid-D15AEFF5-2BC7-449C-BEEA-9185A685E0EF\"}],\"bounds\":{\"lowerRight\":{\"x\":319.375,\"y\":178},\"upperLeft\":{\"x\":275.390625,\"y\":178}},\"dockers\":[{\"x\":50,\"y\":40},{\"x\":14,\"y\":14}],\"target\":{\"resourceId\":\"sid-D15AEFF5-2BC7-449C-BEEA-9185A685E0EF\"}}],\"stencil\":{\"id\":\"BPMNDiagram\"},\"stencilset\":{\"namespace\":\"http://b3mn.org/stencilset/bpmn2.0#\",\"url\":\"../editor/stencilsets/bpmn2.0/bpmn2.0.json\"}}', 'c33396bf-2f92-11ea-9129-00163e2e65eb', 0, NULL);
INSERT INTO `ACT_DE_MODEL_HISTORY` VALUES ('debce476-2d31-11ea-91ac-c85b7643dd9e', '请假流程', 'leave', '请假流程演示', NULL, '2020-01-02 07:27:58.766000', 'admin', '2020-01-02 07:27:58.766000', 'admin', '2020-01-02 07:31:20.179000', 1, '{\"bounds\":{\"lowerRight\":{\"x\":1485.0,\"y\":700.0},\"upperLeft\":{\"x\":0.0,\"y\":0.0}},\"resourceId\":\"canvas\",\"stencil\":{\"id\":\"BPMNDiagram\"},\"stencilset\":{\"namespace\":\"http://b3mn.org/stencilset/bpmn2.0#\",\"url\":\"../editor/stencilsets/bpmn2.0/bpmn2.0.json\"},\"properties\":{\"process_id\":\"leave\",\"name\":\"请假流程\",\"documentation\":\"请假流程演示\",\"process_namespace\":\"com.jsite.modules.oa.leave\",\"iseagerexecutionfetch\":false,\"messages\":[],\"executionlisteners\":{\"executionListeners\":[]},\"eventlisteners\":{\"eventListeners\":[]},\"signaldefinitions\":[],\"messagedefinitions\":[]},\"childShapes\":[{\"bounds\":{\"lowerRight\":{\"x\":195.0,\"y\":122.5},\"upperLeft\":{\"x\":165.0,\"y\":92.5}},\"resourceId\":\"startevent1\",\"childShapes\":[],\"stencil\":{\"id\":\"StartNoneEvent\"},\"properties\":{\"overrideid\":\"startevent1\",\"name\":\"发起流程\",\"initiator\":\"applyUserId\",\"formkeydefinition\":\"/oa/leave/form\",\"interrupting\":true,\"executionlisteners\":{\"executionListeners\":[]}},\"outgoing\":[{\"resourceId\":\"flow2\"}]},{\"bounds\":{\"lowerRight\":{\"x\":356.1111107840623,\"y\":135.0},\"upperLeft\":{\"x\":251.1111107840623,\"y\":80.0}},\"resourceId\":\"deptLeaderAudit\",\"childShapes\":[],\"stencil\":{\"id\":\"UserTask\"},\"properties\":{\"overrideid\":\"deptLeaderAudit\",\"name\":\"部门领导审批\",\"usertaskassignment\":{\"assignment\":{\"type\":\"static\",\"candidateGroups\":[{\"value\":\"dept\"}]}},\"asynchronousdefinition\":false,\"exclusivedefinition\":true,\"tasklisteners\":{\"taskListeners\":[]},\"executionlisteners\":{\"executionListeners\":[]}},\"outgoing\":[{\"resourceId\":\"flow3\"}]},{\"bounds\":{\"lowerRight\":{\"x\":457.7777769601558,\"y\":127.0},\"upperLeft\":{\"x\":417.7777769601558,\"y\":87.0}},\"resourceId\":\"exclusivegateway5\",\"childShapes\":[],\"stencil\":{\"id\":\"ExclusiveGateway\"},\"properties\":{\"overrideid\":\"exclusivegateway5\",\"name\":\"Exclusive Gateway\",\"executionlisteners\":{\"executionListeners\":[]}},\"outgoing\":[{\"resourceId\":\"flow4\"},{\"resourceId\":\"flow5\"}]},{\"bounds\":{\"lowerRight\":{\"x\":490.27777696015585,\"y\":245.0},\"upperLeft\":{\"x\":385.2777769601558,\"y\":190.0}},\"resourceId\":\"modifyApply\",\"childShapes\":[],\"stencil\":{\"id\":\"UserTask\"},\"properties\":{\"overrideid\":\"modifyApply\",\"name\":\"调整申请\",\"usertaskassignment\":{\"assignment\":{\"type\":\"static\",\"assignee\":\"${applyUserId}\"}},\"asynchronousdefinition\":false,\"exclusivedefinition\":true,\"tasklisteners\":{\"taskListeners\":[{\"event\":\"complete\",\"delegateExpression\":\"${leaveModifyProcessor}\"}]},\"executionlisteners\":{\"executionListeners\":[]}},\"outgoing\":[{\"resourceId\":\"flow11\"}]},{\"bounds\":{\"lowerRight\":{\"x\":652.4074062082284,\"y\":135.0},\"upperLeft\":{\"x\":547.4074062082284,\"y\":80.0}},\"resourceId\":\"hrAudit\",\"childShapes\":[],\"stencil\":{\"id\":\"UserTask\"},\"properties\":{\"overrideid\":\"hrAudit\",\"name\":\"人事审批\",\"usertaskassignment\":{\"assignment\":{\"type\":\"static\",\"candidateGroups\":[{\"value\":\"hr\"}]}},\"asynchronousdefinition\":false,\"exclusivedefinition\":true,\"tasklisteners\":{\"taskListeners\":[]},\"executionlisteners\":{\"executionListeners\":[]}},\"outgoing\":[{\"resourceId\":\"flow6\"}]},{\"bounds\":{\"lowerRight\":{\"x\":754.0740723843219,\"y\":127.5},\"upperLeft\":{\"x\":714.0740723843219,\"y\":87.5}},\"resourceId\":\"exclusivegateway6\",\"childShapes\":[],\"stencil\":{\"id\":\"ExclusiveGateway\"},\"properties\":{\"overrideid\":\"exclusivegateway6\",\"name\":\"Exclusive Gateway\",\"executionlisteners\":{\"executionListeners\":[]}},\"outgoing\":[{\"resourceId\":\"flow9\"},{\"resourceId\":\"flow7\"}]},{\"bounds\":{\"lowerRight\":{\"x\":928.722220096405,\"y\":311.0},\"upperLeft\":{\"x\":900.722220096405,\"y\":283.0}},\"resourceId\":\"endevent1\",\"childShapes\":[],\"stencil\":{\"id\":\"EndNoneEvent\"},\"properties\":{\"overrideid\":\"endevent1\",\"name\":\"End\",\"executionlisteners\":{\"executionListeners\":[]}},\"outgoing\":[]},{\"bounds\":{\"lowerRight\":{\"x\":457.7777769601558,\"y\":317.0},\"upperLeft\":{\"x\":417.7777769601558,\"y\":277.0}},\"resourceId\":\"exclusivegateway7\",\"childShapes\":[],\"stencil\":{\"id\":\"ExclusiveGateway\"},\"properties\":{\"overrideid\":\"exclusivegateway7\",\"name\":\"Exclusive Gateway\",\"executionlisteners\":{\"executionListeners\":[]}},\"outgoing\":[{\"resourceId\":\"flow12\"},{\"resourceId\":\"flow10\"}]},{\"bounds\":{\"lowerRight\":{\"x\":172.0,\"y\":212.0},\"upperLeft\":{\"x\":128.0,\"y\":212.0}},\"resourceId\":\"flow6\",\"childShapes\":[],\"stencil\":{\"id\":\"SequenceFlow\"},\"dockers\":[{\"x\":52.5,\"y\":27.5},{\"x\":20.0,\"y\":20.0}],\"outgoing\":[{\"resourceId\":\"exclusivegateway6\"}],\"target\":{\"resourceId\":\"exclusivegateway6\"},\"properties\":{\"overrideid\":\"flow6\"}},{\"bounds\":{\"lowerRight\":{\"x\":172.0,\"y\":212.0},\"upperLeft\":{\"x\":128.0,\"y\":212.0}},\"resourceId\":\"flow3\",\"childShapes\":[],\"stencil\":{\"id\":\"SequenceFlow\"},\"dockers\":[{\"x\":52.5,\"y\":27.5},{\"x\":20.0,\"y\":20.0}],\"outgoing\":[{\"resourceId\":\"exclusivegateway5\"}],\"target\":{\"resourceId\":\"exclusivegateway5\"},\"properties\":{\"overrideid\":\"flow3\"}},{\"bounds\":{\"lowerRight\":{\"x\":172.0,\"y\":212.0},\"upperLeft\":{\"x\":128.0,\"y\":212.0}},\"resourceId\":\"flow2\",\"childShapes\":[],\"stencil\":{\"id\":\"SequenceFlow\"},\"dockers\":[{\"x\":15.0,\"y\":15.0},{\"x\":52.5,\"y\":27.5}],\"outgoing\":[{\"resourceId\":\"deptLeaderAudit\"}],\"target\":{\"resourceId\":\"deptLeaderAudit\"},\"properties\":{\"overrideid\":\"flow2\"}},{\"bounds\":{\"lowerRight\":{\"x\":172.0,\"y\":212.0},\"upperLeft\":{\"x\":128.0,\"y\":212.0}},\"resourceId\":\"flow4\",\"childShapes\":[],\"stencil\":{\"id\":\"SequenceFlow\"},\"dockers\":[{\"x\":20.0,\"y\":20.0},{\"x\":52.50000000000003,\"y\":27.5}],\"outgoing\":[{\"resourceId\":\"modifyApply\"}],\"target\":{\"resourceId\":\"modifyApply\"},\"properties\":{\"overrideid\":\"flow4\",\"name\":\"不同意\",\"conditionsequenceflow\":\"${!auditPass}\"}},{\"bounds\":{\"lowerRight\":{\"x\":172.0,\"y\":212.0},\"upperLeft\":{\"x\":128.0,\"y\":212.0}},\"resourceId\":\"flow11\",\"childShapes\":[],\"stencil\":{\"id\":\"SequenceFlow\"},\"dockers\":[{\"x\":52.50000000000003,\"y\":27.5},{\"x\":20.0,\"y\":20.0}],\"outgoing\":[{\"resourceId\":\"exclusivegateway7\"}],\"target\":{\"resourceId\":\"exclusivegateway7\"},\"properties\":{\"overrideid\":\"flow11\"}},{\"bounds\":{\"lowerRight\":{\"x\":172.0,\"y\":212.0},\"upperLeft\":{\"x\":128.0,\"y\":212.0}},\"resourceId\":\"flow12\",\"childShapes\":[],\"stencil\":{\"id\":\"SequenceFlow\"},\"dockers\":[{\"x\":20.0,\"y\":20.0},{\"x\":14.0,\"y\":14.0}],\"outgoing\":[{\"resourceId\":\"endevent1\"}],\"target\":{\"resourceId\":\"endevent1\"},\"properties\":{\"overrideid\":\"flow12\",\"name\":\"结束流程\",\"conditionsequenceflow\":\"${!auditPass}\"}},{\"bounds\":{\"lowerRight\":{\"x\":172.0,\"y\":212.0},\"upperLeft\":{\"x\":128.0,\"y\":212.0}},\"resourceId\":\"flow10\",\"childShapes\":[],\"stencil\":{\"id\":\"SequenceFlow\"},\"dockers\":[{\"x\":20.0,\"y\":20.0},{\"x\":303.0,\"y\":297.0},{\"x\":52.5,\"y\":27.5}],\"outgoing\":[{\"resourceId\":\"deptLeaderAudit\"}],\"target\":{\"resourceId\":\"deptLeaderAudit\"},\"properties\":{\"overrideid\":\"flow10\",\"name\":\"重新申请\",\"conditionsequenceflow\":\"${auditPass}\"}},{\"bounds\":{\"lowerRight\":{\"x\":172.0,\"y\":212.0},\"upperLeft\":{\"x\":128.0,\"y\":212.0}},\"resourceId\":\"flow9\",\"childShapes\":[],\"stencil\":{\"id\":\"SequenceFlow\"},\"dockers\":[{\"x\":20.0,\"y\":20.0},{\"x\":734.0,\"y\":217.0},{\"x\":52.50000000000003,\"y\":27.5}],\"outgoing\":[{\"resourceId\":\"modifyApply\"}],\"target\":{\"resourceId\":\"modifyApply\"},\"properties\":{\"overrideid\":\"flow9\",\"name\":\"不同意\",\"conditionsequenceflow\":\"${!auditPass}\"}},{\"bounds\":{\"lowerRight\":{\"x\":172.0,\"y\":212.0},\"upperLeft\":{\"x\":128.0,\"y\":212.0}},\"resourceId\":\"flow7\",\"childShapes\":[],\"stencil\":{\"id\":\"SequenceFlow\"},\"dockers\":[{\"x\":20.0,\"y\":20.0},{\"x\":914.0,\"y\":106.0},{\"x\":14.0,\"y\":14.0}],\"outgoing\":[{\"resourceId\":\"endevent1\"}],\"target\":{\"resourceId\":\"endevent1\"},\"properties\":{\"overrideid\":\"flow7\",\"name\":\"同意\",\"conditionsequenceflow\":\"${auditPass}\"}},{\"bounds\":{\"lowerRight\":{\"x\":172.0,\"y\":212.0},\"upperLeft\":{\"x\":128.0,\"y\":212.0}},\"resourceId\":\"flow5\",\"childShapes\":[],\"stencil\":{\"id\":\"SequenceFlow\"},\"dockers\":[{\"x\":20.0,\"y\":20.0},{\"x\":52.5,\"y\":27.5}],\"outgoing\":[{\"resourceId\":\"hrAudit\"}],\"target\":{\"resourceId\":\"hrAudit\"},\"properties\":{\"overrideid\":\"flow5\",\"name\":\"同意\",\"conditionsequenceflow\":\"${auditPass}\"}}]}', '66db8014-2d31-11ea-91ac-c85b7643dd9e', 0, NULL);

-- ----------------------------
-- Table structure for ACT_DE_MODEL_RELATION
-- ----------------------------
DROP TABLE IF EXISTS `ACT_DE_MODEL_RELATION`;
CREATE TABLE `ACT_DE_MODEL_RELATION`  (
  `id` varchar(255) CHARACTER SET utf8 COLLATE utf8_bin NOT NULL,
  `parent_model_id` varchar(255) CHARACTER SET utf8 COLLATE utf8_bin NULL DEFAULT NULL,
  `model_id` varchar(255) CHARACTER SET utf8 COLLATE utf8_bin NULL DEFAULT NULL,
  `relation_type` varchar(255) CHARACTER SET utf8 COLLATE utf8_bin NULL DEFAULT NULL,
  PRIMARY KEY (`id`) USING BTREE,
  INDEX `fk_relation_parent`(`parent_model_id`) USING BTREE,
  INDEX `fk_relation_child`(`model_id`) USING BTREE,
  CONSTRAINT `fk_relation_child` FOREIGN KEY (`model_id`) REFERENCES `ACT_DE_MODEL` (`id`) ON DELETE RESTRICT ON UPDATE RESTRICT,
  CONSTRAINT `fk_relation_parent` FOREIGN KEY (`parent_model_id`) REFERENCES `ACT_DE_MODEL` (`id`) ON DELETE RESTRICT ON UPDATE RESTRICT
) ENGINE = InnoDB CHARACTER SET = utf8 COLLATE = utf8_bin ROW_FORMAT = Dynamic;

-- ----------------------------
-- Records of ACT_DE_MODEL_RELATION
-- ----------------------------
INSERT INTO `ACT_DE_MODEL_RELATION` VALUES ('1cf6c96b-59cb-11ea-9661-00163e2e65eb', 'aee0d905-2d31-11ea-91ac-c85b7643dd9e', '02d0e7c3-3675-11ea-aa63-00163e2e65eb', 'form-model');
INSERT INTO `ACT_DE_MODEL_RELATION` VALUES ('2c1b1f8c-63a5-11ea-9661-00163e2e65eb', '2b963036-6275-11ea-9661-00163e2e65eb', '2bf743db-63a5-11ea-9661-00163e2e65eb', 'form-model');
INSERT INTO `ACT_DE_MODEL_RELATION` VALUES ('2f4aee5d-5d09-11ea-9661-00163e2e65eb', '7daa3a3b-5ae5-11ea-9661-00163e2e65eb', '2f30617c-5d09-11ea-9661-00163e2e65eb', 'form-model');
INSERT INTO `ACT_DE_MODEL_RELATION` VALUES ('36115d25-6273-11ea-9661-00163e2e65eb', '8c9e2e62-626f-11ea-9661-00163e2e65eb', '2ee67415-5db5-11ea-9661-00163e2e65eb', 'form-model');
INSERT INTO `ACT_DE_MODEL_RELATION` VALUES ('69001e9a-636a-11ea-9661-00163e2e65eb', 'aee0d905-2d31-11ea-91ac-c85b7643dd9e', 'f654ca85-5f6c-11ea-9661-00163e2e65eb', 'form-model');
INSERT INTO `ACT_DE_MODEL_RELATION` VALUES ('7077e092-59f7-11ea-9661-00163e2e65eb', '66c5ae07-588f-11ea-9661-00163e2e65eb', '02d0e7c3-3675-11ea-aa63-00163e2e65eb', 'form-model');
INSERT INTO `ACT_DE_MODEL_RELATION` VALUES ('a34b387a-6074-11ea-9661-00163e2e65eb', 'f8394678-6073-11ea-9661-00163e2e65eb', 'a32b5469-6074-11ea-9661-00163e2e65eb', 'form-model');
INSERT INTO `ACT_DE_MODEL_RELATION` VALUES ('cba7a562-68f1-11ea-9661-00163e2e65eb', '3e1e1ef6-6813-11ea-9661-00163e2e65eb', 'cb0d8841-68f1-11ea-9661-00163e2e65eb', 'form-model');
INSERT INTO `ACT_DE_MODEL_RELATION` VALUES ('f2bfcda0-68ef-11ea-9661-00163e2e65eb', 'aee0d905-2d31-11ea-91ac-c85b7643dd9e', 'f2986f7f-68ef-11ea-9661-00163e2e65eb', 'form-model');
INSERT INTO `ACT_DE_MODEL_RELATION` VALUES ('f66cbf56-5f6c-11ea-9661-00163e2e65eb', '78721374-5f6c-11ea-9661-00163e2e65eb', 'f654ca85-5f6c-11ea-9661-00163e2e65eb', 'form-model');

-- ----------------------------
-- Table structure for ACT_EVT_LOG
-- ----------------------------
DROP TABLE IF EXISTS `ACT_EVT_LOG`;
CREATE TABLE `ACT_EVT_LOG`  (
  `LOG_NR_` bigint(20) NOT NULL AUTO_INCREMENT,
  `TYPE_` varchar(64) CHARACTER SET utf8 COLLATE utf8_bin NULL DEFAULT NULL,
  `PROC_DEF_ID_` varchar(64) CHARACTER SET utf8 COLLATE utf8_bin NULL DEFAULT NULL,
  `PROC_INST_ID_` varchar(64) CHARACTER SET utf8 COLLATE utf8_bin NULL DEFAULT NULL,
  `EXECUTION_ID_` varchar(64) CHARACTER SET utf8 COLLATE utf8_bin NULL DEFAULT NULL,
  `TASK_ID_` varchar(64) CHARACTER SET utf8 COLLATE utf8_bin NULL DEFAULT NULL,
  `TIME_STAMP_` timestamp(3) NOT NULL,
  `USER_ID_` varchar(255) CHARACTER SET utf8 COLLATE utf8_bin NULL DEFAULT NULL,
  `DATA_` longblob NULL,
  `LOCK_OWNER_` varchar(255) CHARACTER SET utf8 COLLATE utf8_bin NULL DEFAULT NULL,
  `LOCK_TIME_` timestamp(3) NULL DEFAULT NULL,
  `IS_PROCESSED_` tinyint(4) NULL DEFAULT 0,
  PRIMARY KEY (`LOG_NR_`) USING BTREE
) ENGINE = InnoDB AUTO_INCREMENT = 1 CHARACTER SET = utf8 COLLATE = utf8_bin ROW_FORMAT = Dynamic;

-- ----------------------------
-- Table structure for ACT_GE_BYTEARRAY
-- ----------------------------
DROP TABLE IF EXISTS `ACT_GE_BYTEARRAY`;
CREATE TABLE `ACT_GE_BYTEARRAY`  (
  `ID_` varchar(64) CHARACTER SET utf8 COLLATE utf8_bin NOT NULL,
  `REV_` int(11) NULL DEFAULT NULL,
  `NAME_` varchar(255) CHARACTER SET utf8 COLLATE utf8_bin NULL DEFAULT NULL,
  `DEPLOYMENT_ID_` varchar(64) CHARACTER SET utf8 COLLATE utf8_bin NULL DEFAULT NULL,
  `BYTES_` longblob NULL,
  `GENERATED_` tinyint(4) NULL DEFAULT NULL,
  PRIMARY KEY (`ID_`) USING BTREE,
  INDEX `ACT_FK_BYTEARR_DEPL`(`DEPLOYMENT_ID_`) USING BTREE,
  CONSTRAINT `ACT_FK_BYTEARR_DEPL` FOREIGN KEY (`DEPLOYMENT_ID_`) REFERENCES `ACT_RE_DEPLOYMENT` (`ID_`) ON DELETE RESTRICT ON UPDATE RESTRICT
) ENGINE = InnoDB CHARACTER SET = utf8 COLLATE = utf8_bin ROW_FORMAT = Dynamic;

-- ----------------------------
-- Records of ACT_GE_BYTEARRAY
-- ----------------------------
INSERT INTO `ACT_GE_BYTEARRAY` VALUES ('4eafd3ff-2df3-11ea-aa23-c85b7643dd9e', 1, '请假流程.bpmn20.xml', '4eafd3fe-2df3-11ea-aa23-c85b7643dd9e', 0x3C3F786D6C2076657273696F6E3D27312E302720656E636F64696E673D275554462D38273F3E0A3C646566696E6974696F6E7320786D6C6E733D22687474703A2F2F7777772E6F6D672E6F72672F737065632F42504D4E2F32303130303532342F4D4F44454C2220786D6C6E733A7873693D22687474703A2F2F7777772E77332E6F72672F323030312F584D4C536368656D612D696E7374616E63652220786D6C6E733A7873643D22687474703A2F2F7777772E77332E6F72672F323030312F584D4C536368656D612220786D6C6E733A666C6F7761626C653D22687474703A2F2F666C6F7761626C652E6F72672F62706D6E2220786D6C6E733A62706D6E64693D22687474703A2F2F7777772E6F6D672E6F72672F737065632F42504D4E2F32303130303532342F44492220786D6C6E733A6F6D6764633D22687474703A2F2F7777772E6F6D672E6F72672F737065632F44442F32303130303532342F44432220786D6C6E733A6F6D6764693D22687474703A2F2F7777772E6F6D672E6F72672F737065632F44442F32303130303532342F44492220747970654C616E67756167653D22687474703A2F2F7777772E77332E6F72672F323030312F584D4C536368656D61222065787072657373696F6E4C616E67756167653D22687474703A2F2F7777772E77332E6F72672F313939392F585061746822207461726765744E616D6573706163653D22687474703A2F2F7777772E666C6F7761626C652E6F72672F70726F63657373646566223E0A20203C70726F636573732069643D226A736974655F6C6561766522206E616D653D22E8AFB7E58187E6B581E7A88B2220697345786563757461626C653D2274727565223E0A202020203C646F63756D656E746174696F6E3EE8AFB7E58187E6B581E7A88B3C2F646F63756D656E746174696F6E3E0A202020203C73746172744576656E742069643D2273746172746576656E743122206E616D653D22E5BC80E5A78BE88A82E782B92220666C6F7761626C653A696E69746961746F723D226170706C79557365724964222F3E0A202020203C757365725461736B2069643D226C656176655F6C65616465725F617564697422206E616D653D22E9A286E5AFBCE5AEA1E689B92220666C6F7761626C653A61737369676E65653D22247B6C65616465724E616D657D2220666C6F7761626C653A666F726D4B65793D226C656176655F6C65616465725F6175646974223E0A2020202020203C657874656E73696F6E456C656D656E74733E0A20202020202020203C666C6F7761626C653A7461736B4C697374656E6572206576656E743D22636F6D706C6574652220636C6173733D22636F6D2E6A736974652E6D6F64756C65732E666C6F7761626C652E6C697374656E65722E5461736B427573696E65737343616C6C4C697374656E6572222F3E0A20202020202020203C6D6F64656C65723A696E69746961746F722D63616E2D636F6D706C65746520786D6C6E733A6D6F64656C65723D22687474703A2F2F666C6F7761626C652E6F72672F6D6F64656C6572223E3C215B43444154415B66616C73655D5D3E3C2F6D6F64656C65723A696E69746961746F722D63616E2D636F6D706C6574653E0A2020202020203C2F657874656E73696F6E456C656D656E74733E0A202020203C2F757365725461736B3E0A202020203C6578636C7573697665476174657761792069643D227369642D44394344303945332D363830342D344232362D394443452D333144433533423634453236222F3E0A202020203C656E644576656E742069643D22656E6422206E616D653D22E6B581E7A88BE7BB93E69D9F222F3E0A202020203C757365725461736B2069643D2261646A7573744170706C7922206E616D653D22E8B083E695B4E794B3E8AFB72220666C6F7761626C653A61737369676E65653D22247B6170706C795573657249647D223E0A2020202020203C657874656E73696F6E456C656D656E74733E0A20202020202020203C6D6F64656C65723A696E69746961746F722D63616E2D636F6D706C65746520786D6C6E733A6D6F64656C65723D22687474703A2F2F666C6F7761626C652E6F72672F6D6F64656C6572223E3C215B43444154415B66616C73655D5D3E3C2F6D6F64656C65723A696E69746961746F722D63616E2D636F6D706C6574653E0A2020202020203C2F657874656E73696F6E456C656D656E74733E0A202020203C2F757365725461736B3E0A202020203C73657175656E6365466C6F772069643D227369642D43373243334639342D464643362D343836312D393834432D3834383834423636444434372220736F757263655265663D2273746172746576656E743122207461726765745265663D226C656176655F6C65616465725F6175646974222F3E0A202020203C6578636C7573697665476174657761792069643D227369642D35324538303342342D343737392D343344322D393434432D333331324630354544454330222F3E0A202020203C73657175656E6365466C6F772069643D227369642D43413633303439432D453841442D343544422D413231342D3836414430363533443331332220736F757263655265663D226C656176655F6C65616465725F617564697422207461726765745265663D227369642D44394344303945332D363830342D344232362D394443452D333144433533423634453236222F3E0A202020203C73657175656E6365466C6F772069643D227369642D36443541423835432D413632422D344230382D383230462D3239344645363846303133322220736F757263655265663D227369642D35324538303342342D343737392D343344322D393434432D33333132463035454445433022207461726765745265663D22656E64223E0A2020202020203C636F6E646974696F6E45787072657373696F6E207873693A747970653D2274466F726D616C45787072657373696F6E223E3C215B43444154415B247B216175646974506173737D5D5D3E3C2F636F6E646974696F6E45787072657373696F6E3E0A202020203C2F73657175656E6365466C6F773E0A202020203C73657175656E6365466C6F772069643D227369642D39393037423339432D344446312D343041352D394131352D4436414545313946373932452220736F757263655265663D2261646A7573744170706C7922207461726765745265663D227369642D35324538303342342D343737392D343344322D393434432D333331324630354544454330222F3E0A202020203C73657175656E6365466C6F772069643D227369642D31344237374134392D464432412D343741322D384441302D3234423346373731354534372220736F757263655265663D227369642D35324538303342342D343737392D343344322D393434432D33333132463035454445433022207461726765745265663D226C656176655F6C65616465725F6175646974223E0A2020202020203C636F6E646974696F6E45787072657373696F6E207873693A747970653D2274466F726D616C45787072657373696F6E223E3C215B43444154415B247B6175646974506173737D5D5D3E3C2F636F6E646974696F6E45787072657373696F6E3E0A202020203C2F73657175656E6365466C6F773E0A202020203C73657175656E6365466C6F772069643D227369642D38454143384133362D304334302D343539362D383138312D4133334231433935453534342220736F757263655265663D227369642D44394344303945332D363830342D344232362D394443452D33314443353342363445323622207461726765745265663D22656E64223E0A2020202020203C636F6E646974696F6E45787072657373696F6E207873693A747970653D2274466F726D616C45787072657373696F6E223E3C215B43444154415B247B6175646974506173737D5D5D3E3C2F636F6E646974696F6E45787072657373696F6E3E0A202020203C2F73657175656E6365466C6F773E0A202020203C73657175656E6365466C6F772069643D227369642D35374237354244372D453141362D343536392D383946422D3343383846363243393338342220736F757263655265663D227369642D44394344303945332D363830342D344232362D394443452D33314443353342363445323622207461726765745265663D2261646A7573744170706C79223E0A2020202020203C636F6E646974696F6E45787072657373696F6E207873693A747970653D2274466F726D616C45787072657373696F6E223E3C215B43444154415B247B216175646974506173737D5D5D3E3C2F636F6E646974696F6E45787072657373696F6E3E0A202020203C2F73657175656E6365466C6F773E0A20203C2F70726F636573733E0A20203C62706D6E64693A42504D4E4469616772616D2069643D2242504D4E4469616772616D5F6A736974655F6C65617665223E0A202020203C62706D6E64693A42504D4E506C616E652062706D6E456C656D656E743D226A736974655F6C65617665222069643D2242504D4E506C616E655F6A736974655F6C65617665223E0A2020202020203C62706D6E64693A42504D4E53686170652062706D6E456C656D656E743D2273746172746576656E7431222069643D2242504D4E53686170655F73746172746576656E7431223E0A20202020202020203C6F6D6764633A426F756E6473206865696768743D2233302E30222077696474683D2233302E302220783D223130302E302220793D223136332E30222F3E0A2020202020203C2F62706D6E64693A42504D4E53686170653E0A2020202020203C62706D6E64693A42504D4E53686170652062706D6E456C656D656E743D226C656176655F6C65616465725F6175646974222069643D2242504D4E53686170655F6C656176655F6C65616465725F6175646974223E0A20202020202020203C6F6D6764633A426F756E6473206865696768743D2238302E30222077696474683D223130302E302220783D223139352E302220793D223133382E30222F3E0A2020202020203C2F62706D6E64693A42504D4E53686170653E0A2020202020203C62706D6E64693A42504D4E53686170652062706D6E456C656D656E743D227369642D44394344303945332D363830342D344232362D394443452D333144433533423634453236222069643D2242504D4E53686170655F7369642D44394344303945332D363830342D344232362D394443452D333144433533423634453236223E0A20202020202020203C6F6D6764633A426F756E6473206865696768743D2234302E30222077696474683D2234302E302220783D223336302E302220793D223135382E30222F3E0A2020202020203C2F62706D6E64693A42504D4E53686170653E0A2020202020203C62706D6E64693A42504D4E53686170652062706D6E456C656D656E743D22656E64222069643D2242504D4E53686170655F656E64223E0A20202020202020203C6F6D6764633A426F756E6473206865696768743D2232382E30222077696474683D2232382E302220783D223532352E302220793D223136352E30222F3E0A2020202020203C2F62706D6E64693A42504D4E53686170653E0A2020202020203C62706D6E64693A42504D4E53686170652062706D6E456C656D656E743D2261646A7573744170706C79222069643D2242504D4E53686170655F61646A7573744170706C79223E0A20202020202020203C6F6D6764633A426F756E6473206865696768743D2238302E30222077696474683D223130302E302220783D223333302E302220793D223238352E30222F3E0A2020202020203C2F62706D6E64693A42504D4E53686170653E0A2020202020203C62706D6E64693A42504D4E53686170652062706D6E456C656D656E743D227369642D35324538303342342D343737392D343344322D393434432D333331324630354544454330222069643D2242504D4E53686170655F7369642D35324538303342342D343737392D343344322D393434432D333331324630354544454330223E0A20202020202020203C6F6D6764633A426F756E6473206865696768743D2234302E30222077696474683D2234302E302220783D223336302E302220793D223430352E30222F3E0A2020202020203C2F62706D6E64693A42504D4E53686170653E0A2020202020203C62706D6E64693A42504D4E456467652062706D6E456C656D656E743D227369642D43413633303439432D453841442D343544422D413231342D383641443036353344333133222069643D2242504D4E456467655F7369642D43413633303439432D453841442D343544422D413231342D383641443036353344333133223E0A20202020202020203C6F6D6764693A776179706F696E7420783D223239342E39353030303030303030303030352220793D223137382E30222F3E0A20202020202020203C6F6D6764693A776179706F696E7420783D223336302E302220793D223137382E30222F3E0A2020202020203C2F62706D6E64693A42504D4E456467653E0A2020202020203C62706D6E64693A42504D4E456467652062706D6E456C656D656E743D227369642D39393037423339432D344446312D343041352D394131352D443641454531394637393245222069643D2242504D4E456467655F7369642D39393037423339432D344446312D343041352D394131352D443641454531394637393245223E0A20202020202020203C6F6D6764693A776179706F696E7420783D223338302E302220793D223336342E3935303030303030303030303035222F3E0A20202020202020203C6F6D6764693A776179706F696E7420783D223338302E302220793D223430352E30222F3E0A2020202020203C2F62706D6E64693A42504D4E456467653E0A2020202020203C62706D6E64693A42504D4E456467652062706D6E456C656D656E743D227369642D36443541423835432D413632422D344230382D383230462D323934464536384630313332222069643D2242504D4E456467655F7369642D36443541423835432D413632422D344230382D383230462D323934464536384630313332223E0A20202020202020203C6F6D6764693A776179706F696E7420783D223339392E393433373330333538313334352220793D223432352E30222F3E0A20202020202020203C6F6D6764693A776179706F696E7420783D223533392E302220793D223432352E30222F3E0A20202020202020203C6F6D6764693A776179706F696E7420783D223533392E302220793D223139322E3934393932313932373331333036222F3E0A2020202020203C2F62706D6E64693A42504D4E456467653E0A2020202020203C62706D6E64693A42504D4E456467652062706D6E456C656D656E743D227369642D35374237354244372D453141362D343536392D383946422D334338384636324339333834222069643D2242504D4E456467655F7369642D35374237354244372D453141362D343536392D383946422D334338384636324339333834223E0A20202020202020203C6F6D6764693A776179706F696E7420783D223338302E302220793D223139372E3934333231383839383730383335222F3E0A20202020202020203C6F6D6764693A776179706F696E7420783D223338302E302220793D223238352E30222F3E0A2020202020203C2F62706D6E64693A42504D4E456467653E0A2020202020203C62706D6E64693A42504D4E456467652062706D6E456C656D656E743D227369642D38454143384133362D304334302D343539362D383138312D413333423143393545353434222069643D2242504D4E456467655F7369642D38454143384133362D304334302D343539362D383138312D413333423143393545353434223E0A20202020202020203C6F6D6764693A776179706F696E7420783D223339392E38313931353939303030363234362220793D223137382E3132343638373530303030303032222F3E0A20202020202020203C6F6D6764693A776179706F696E7420783D223532352E303030303633383935313136332220793D223137382E3931313935313339303639313436222F3E0A2020202020203C2F62706D6E64693A42504D4E456467653E0A2020202020203C62706D6E64693A42504D4E456467652062706D6E456C656D656E743D227369642D31344237374134392D464432412D343741322D384441302D323442334637373135453437222069643D2242504D4E456467655F7369642D31344237374134392D464432412D343741322D384441302D323442334637373135453437223E0A20202020202020203C6F6D6764693A776179706F696E7420783D223336302E302220793D223432352E30222F3E0A20202020202020203C6F6D6764693A776179706F696E7420783D223234352E302220793D223432352E30222F3E0A20202020202020203C6F6D6764693A776179706F696E7420783D223234352E302220793D223231372E3935303030303030303030303032222F3E0A2020202020203C2F62706D6E64693A42504D4E456467653E0A2020202020203C62706D6E64693A42504D4E456467652062706D6E456C656D656E743D227369642D43373243334639342D464643362D343836312D393834432D383438383442363644443437222069643D2242504D4E456467655F7369642D43373243334639342D464643362D343836312D393834432D383438383442363644443437223E0A20202020202020203C6F6D6764693A776179706F696E7420783D223132392E39343939393839313836393131342220793D223137382E30222F3E0A20202020202020203C6F6D6764693A776179706F696E7420783D223139342E39393939393939393939393032322220793D223137382E30222F3E0A2020202020203C2F62706D6E64693A42504D4E456467653E0A202020203C2F62706D6E64693A42504D4E506C616E653E0A20203C2F62706D6E64693A42504D4E4469616772616D3E0A3C2F646566696E6974696F6E733E, 0);
INSERT INTO `ACT_GE_BYTEARRAY` VALUES ('4f063160-2df3-11ea-aa23-c85b7643dd9e', 1, '请假流程.jsite_leave.png', '4eafd3fe-2df3-11ea-aa23-c85b7643dd9e', 0x89504E470D0A1A0A0000000D4948445200000233000001C708060000004AB9D9500000202A4944415478DAEDDD0D9095F5BD1FF04D62A675D2A9B19334B5A9F5DA7B9B9BB6699A5A9CE8A4A6D4C6914CE8D51875C38BC0900C24349AC4973689A158890DE6659884DB89C945632857632925642F176559E44584116291A0285C4102045C2E2564232F417DFAFF9D7B9E9DC3D97376F7ECCBE19CDDCF67E63FE7D9F3B2E0E1E7EFF99EFFF37F9ED3D20200000000000000000000000000000000000000000000000000000000000000000000000000000000000000000000000000000000000000000000000000000000000000000000000000000000000000000000000000000000000000000000000000000000000000000000000000000000000000000000000000000000000000000000000000000000000000000000000000000000000000000000000000000000000000000000000000000000000000000000000000000000000000000000000000000000000000000000000000000000000000000000000000000000000000000000000000000000000000000000000000000000000000000000000000000000000000000000000000000000000000000000000000000000000000000000000000000000000000000000000000D0AB2CCBCEDBB367CF92CD9B37BFD1D1D191B5B7B71B751EAB57AFCED6AF5FFFD7694C56910050A308321B366CC83A3B3BB3D3A74F1BE7681C3972245BB76EDDF1146C6E5495005083989111641A26D09C6E6F6FDFA92A01A00671684990689C91C2CC195509003588351B42444385994C5502C0308499DFFDE650B667CB8FB3E757DF5B18B11DF70920C20C00347C98E93A7630DBF1C4ECECB915779D35E2BE784C08116600A0A1C3CCFEE77FDE23C8E4E3C0F36D42883003008D1D66763E797FD530138F0921C20C00347498D9D17E4FD530138F0921C20C00083386300300C31566E2ECA56A61261E134284190068E830B37BE39F560D33F1981022CC0040438799A307B7673B56CDE9798829DD178F0921C20C0034749889B177EBA21E6126EE134084190068FC3073EA54B6FBE91FF43CC494EE8BC784106106001A36CCC4157E776D5C5075CD4C3CE62AC0C20C00345E9839752A3BB47B4DF6CBC7BF5635C8E4239E13CF354B23CC0040438499BE6663CCD2083300D0D061A63FB331BDCDD20825C24C8379A7B700609485998106997C0825C24C0319974656BC0560B48419439819213E96C6B134E6176FC77B4B008419439869B62033BE6486E688400320CC18C24C330699BEEE0740983184998631AE8FC0923F6E0D0D507F5996FDEDEDDBB7CFFCC94F7EB26EDEBC79C76FBBEDB633D3A64DCB3EFDE94F6793274F7EF3F39FFFFCE9BBEFBE7BCFFDF7DFBF388D3FF68E0933C2CCA80D327D0515333440FD43CCD2A54B17CD9D3BF7CC97BEF4A5EC873FFC61B679F3E6ECE0C183D9C99327B310B79D9D9DD92F7EF18B2C859DEC8B5FFCE29B5FFEF2975F993163C667BD83C28C30332A7CACC619975A9F0FBD9A3469D23F6A6D6DFD42FA80BD248DDD6974C587ED344EA6B1373DB62CDDDE19CFF36E8D3229B44CFFC637BE71EAAEBBEE2A0495D75F7F3DEBAF6DDBB6655FF9CA575E9F3973E6CE9B6EBAE98FBC9BC28C3033E283CCF801BCAE4BA06130264C98707D1AED699C2E8697FE8C27D3F3277BF746FE6CCC79CB972F5FF3B9CF7D2E6B6B6BAB29C4947BFCF1C7B3E9D3A79F304B23CC083382CC30BC9E512A05923F4881E4F11A024CA5B1C187ED111C64D6AE5DFBCCADB7DE9AEDDAB52B1B0AAFBCF24A9682D189CF7EF6B3FFC93B2CCC083323465F8B7DEBFD7B18255A5B5B3F3D71E2C4FF571A4C264D9A947DF39BDFCCD6AC5993FDEA57BFCA7EFBDBDF16F63FAFBDF65A6159C4C68D1BB3F9F3E767B7DC724B79A0E9324B3302C58C4C049958033394E2F7CD983143D10833C2CCC80A32437588C80C0DFD0D32E3D37EE4F5D210B378F1E27EEFB38E1D3B56787EBCAE34D4A4DFE9E8C148116B64E2D0D250CDC8549AA1993265CAB15434EFF76E0B33C24CD32A5FBCFB9634A6166F6B51FE3A8B82E97346A634C8DC7EFBED8559988188D7C57AD0B240E3C376B38BB396EEBDF7DED3B1466638AD58B1E2444AC49BBCE3C28C30D3D441667C492079B0E56FBE7FE9C11A024DB5D7093454146B644A0F2DCD9933A7FB50D240C521A8FBEEBBAFFC90930FDBCD6CD9B2657F1E29F5F7BFFF7D36DC66CD9A75580216668499A60F322DC59995AC64F427D09406997C4C2979DC1A1A7A48416675E98CCC60834C69A0299BA1D9E0DD6EE25999B88E4C9C7E5D0FCF3DF7DC69B333C28C30D354AA058C4AC1A4B74053E9F90B2B3CDF1A1ABAC5E9D7A56B64067A68A9B7434EA56B687CD86E527165DF58F43B9853B06B357DFAF4C3316D3882FFE78BEB1EFC5B61469869B69AEC25C88CAB21A0540A34FD0D32E581C621A7116AECD8B1E7F5B776F3A0118B7787C3A38F3E6A76A6D9C557142C5CB830ABA7F9F3E76F8BAB318ED4F7B424E1B7B7B6B65E21CC0833CD5293030C147D059A5A834CE99FEFDBB6476E4DEEEC6B1624AED89B2FFA8DD993A3478F0ECB3E29CE722A3B6DFB0FFC0B3599F8AEA5F88A827A7AFAE9A75F49C5D236D2771C256365A54FC5C28C30D368355921C8F43748540B346F1D6090299F191268466E4DEE8E33952ACDD414BFA2A0F0BC6F7DEB5BC3FD21BBF4FF8F3BFD0B3599F8D2C843870ED535CC1C3E7CB83315CBFE51B4E3E8FE545CBA031166849946ABC9010699DE02CD4B83083283FDFBD044359982CBFF8DEBC8943D6749FEF8DAB56B8775BF1417D62BF9FBB4F9176A32F1EDD7F99746D64BFC79F10560A36DC751FAA938A6FA851961A6D16A720866422A059AC10499F240630DCDC8AFC92D29608F2B3E67777EFF502FFC2D17570A2EF93BECF72FD48405752E0CF23B3546C410661A6B8CF67ABCE1861BF2D0317F906DE5AD1566645E2ADE3F18F38B7FD737D3887514BF4FE3541A278ADF927C3C05B263E9F6681A47D278358D43691C8C9D531AFBE21B94D378B9B8937CA9B86EE3F974FBCB349E8BD98174FB8BD8A1A6B1398DA7D3782A8DF569AC4DCF5D936EE334E155E9B9F1DD407F99C65FA4ED9FA7DB9FA5F17FD2F6FF4ECFFB5F69FBA7693C92B617A7DB45693C9CC683E9F13F4BB73F4CE30769FB7FA4DB05697C2F6DCF4FCFFD6EDAFE76DABE3F6D7F336DDF97C6DCB4FDDFD2ED9C3466A7C7EE4E3F7F356DFF97381C927EBE3DFDFCA5B47D5B1C9649DBB3D2F6E7D2981157B64DB7D3D398961E9B126B54D2F6C4E205E86E4EDB37A6ED1B8A670CFD49CC8CA4F1F18913275E9BEEBB26DDF71F6EBEF9E67F9FB6FF5DDABE2A6D7F246D5F99B63F9C9E77797ADEBF49DBFF3A6DFFAB499326FDCBF4D8BF48DBFFECA69B6EFAE3F4D83F4DDB7F98B62F4DE31FC7FA97F4DC7F98B6FFC12DB7DCF2F7FB51935B8BDF7A5DF879A84EC7EEED34ED923FFBA474D064A64E9DFA66BD67664E9C38717894CECC6C8966911F1BAE779879F1C5170B3B965FFFFAD7D9A64D9BB2D4980A63CA9429D9F2E5CB0B8FFDE8473FEA7EFE33CF3C937DF2939FEC7E4EB5E7551AF19CEF7CE73B7D3EE7CE3BEF2C6C3FF6D8638519BBFCFE386BC1CC4CFD6BB265F05F55D0DBCC4C2D17D6EB6D66E62D6987F8B6193366BCFDE31FFFF8DF4ADBE7A7F177D2CEF2EF4E9B36ED9D69FBEFA59DEABB6287193BCED881C68E3476A8C58BAFFD93F882C1F4DFFDBEB8485ADAFEE769FB0369FB83E9B10FA5EDCBD2F3C6C40E3B76DCB1038F1D79ECD063C71E3BF8D8D1C70E3F76FCE9E74FA49FFF63DABE2E6D7F326D7F2A6DDF94B65BD3F684B43D296DDF12812282453160CC88C011C1A3B82EE4B60824114C22A0A4EDFF9CB6BF92B6BF96C6D7D3F67F4DB7F7A4716F7AEC1BE9F6BFA7312F824F04A00842118822181503D20F22301583D38369FC383DEF27E9F67FA6F1E769FBD174FB58F130CED2F4BC65E976791C5E8980560C6AAB22B81503DCDA62A07BAA18F022E83D530C1CCFA6B12DBD667BBADD91C60BE9352FA6DB5D69FC551A7B8A41727F31581E2A06CDBEC2CC9BA53FD7FB43B674D0646EBDF5D6D3F55E339376A62F8DB23533E53B8C96731166DEFEF6B767175C7041AC59EA0E0E2B56AC28EC68E25349F9F3DFFDEE7767575F7D75C510521E36D6AD5B57083A79E0B9E8A28BB2ABAEBAAAB01D63E9D2A5D9A5975EDAE3F7C49974F9F6A2458BBAB723DC0833F5AFC992E0D0D5323C6B66061268AC99195D01FBC934C6169FD36566867E993D7BF6EE7A9FCDF4C4134FFCE528399B69534CDF56BB9E423DC34C5757576167F2C20B2F146E235C44908870336BD6ACEE1997D25013E1E2C20B2F2C5C71B37C66267ECF810307CE0A26A501247E9E3B77EE5941EAAB5FFD6A617BEFDEBDDDBFE7A31FFD68E1CF89ED9839CA5FBB7DFBF6C2EDF7BEF73D61A68E3559652664A04166614BE5B3996A0934CE661A3D61A6C71976D6CCD06FDFFEF6B717D6FB3A3373E6CC5931C2AF33D3DBA7DE731266622772DB6DB765BB77EFCEF6EDDB97CD9C39B370DFF1E3C70BC1227FCEB265CBBA5F73C9259714C246F9EF8A55FF715D86787E1E68222C75747474CFC4C463D3A74F2F6CC7A1AA084295FE4EA53333EF79CF7BB255AB5615B6631627667BCCCCD4B726073823D2D775646ABD52706E4C8BEBCC8C86301387BAC654798EB399E89FAF7FFDEB7FF8852F7CE18D3A5E01F8E4C489135F7651A2FA859998F188F52F796878E8A1877ACC806CDBB6AD4798897012F75D79E595D935D75C933DF0C003D965975D56B83DFFFCF30BDBE5E164C99225DDDB79485AB972656106A8529889B0B475EBD6C276ACE3C9EF5FB06081C34C8DA1AF9991FE5E10AFD640931FEABADE3FC1880D334B62AD526FCF719D196A72FBEDB7FF55BDBE9BE989279E58EC72D1F59F9989199908171FFAD0870AC1240F2F314B531A6A22CCC4A1A6083031F29996D2434C71E827C2466CEFDFBFFFAC70F2918F7CA4C7CC4CAC9FB9EEBAEBBA9F177F562CFC6D2959485C1E84AC996928D566686ABDB26F7F034DFEE70932A35CF10CA833F5B802F0E4C993DF7405E026F799CF7CE6A63BEEB8E34C1D66678E4D9C38F1595FE455FF301301A5F46CA17C3664C78E1D3DD6D2E4CF2F0F19F9CFD5D6B1F437CCC402E4975F7EF9ACD99BF2309387ABD27539C2CC399FA1293FE433B5A5F6EBC8F8D66C6AE2BB99A8C9CC9933B7B7B5B50D6B9289F5395128351EB7176686601C3972248B7FDF38E4130B70E3BE8B2FBE38FBE0073FD81D2262BD4AF9EBF2199C389EDC579889DF5D1A6CF2A01287B9222CF5B56626024C1EB2E2EF187FAF3C8009330D13684A17059706935A2E8857ED752E8C47A53033ECDF9A9D3E64BFE95BB3478898564B9FA44FECDAB56B58824CDA51C5350C0EC5751DBCDBF50F33F975636207F2C8238F147ECE6763E25051AC83C94344F9EB627D4CAC67C917E7E6B3377D2D38CEC34CA533ABF2B3AB1E7EF8E1EEE7C788F012B773E6CC29DCE6674009330DA3FC90D35B8A332BB59E6E5DFEBAC15EDF8691BD7F7A320F1B7176E5509DA61D33D077DC71C7EBA5B3323E6C8F0093274F9E3473E6CCD73A3B3B8734C81C3870E0A9947CF749BCE736CCE4A7485F7BEDB585338562816FE963317373F9E597577C5D848C58DF1201E3D9679F1D5498891181A8A56CD16FBEEDEB0C9A2ED00CC58C8FB396E8F5C376F1AACE85D0111F76061B6822C8DC77DF7DA5EB64BA7CD81E41264D9A347DC68C195D4335431333321164E26A96DEDD731F660C61A6C1028D0BE2D12FF1150CF962E07C8666A0879CE2756533320E2F8DD4A2993C79F2F19FFDEC67BF1BC4A2E063DFFDEE777F5CBC74F534EFAA3023CC8C38833D34E4D012B5CED04C2B0D34B186261605C7D948FD3D6B2916FB96AE91297E63B70FDB23795A2FFD8377CC9C39F3F0B3CF3E7BA296EBC8AC5AB5EAD11486E28BDA3698B6136684995111686A9D59B1D897017FD82E7EA168561A6AE23A347161BD9875C90F41C5A1A4B8B26F9CC0F0FDEF7F3F9B3A75EA1B65571DEEF2617BF4849A1B23D44C9B36AD73DEBC79CF3FF5D453FB52711CCABF9C32BE3432BE6B69F5EAD57F71CF3DF7AC4C45155F2AB6210AC4422A61469819156A3D54E4D01283FEB05D7ACAF600870FDBA3515CBCA8F835F37179E9BD255FCD7EB2F86DA8F16DAB77BAD8903023CC0834BD88CBD6BBB22F43F661BB186ACED412627CD806614698A19A71C5A032AE97C78F08320CF787EDB4FD860FDB20CC08330CF50C8D434BD4456B6BEB15F94C4D0A35D664813023CC3024814690A19E616659C921A52DDE1110668419061B68E60B32D44B0A2F63CAD7CFA470A3F64098116618B071B1336971FA35F50B336D1516FC6EB1D81784196186C1EC5CBCA79CB3599992ABFB5A740EC28C30833043C3D7DACA5E4EC7DEE41D026146984198A1296765AC9D016146984198A119EAACAD1F17CB7366130833C20CC20C6A0F106684193B14507B20CC18C28C1D0AA83D10660C61C60E05B5070833C20C7628A83D1066840861C60E05D41E083386306387026A0F84194398B14341ED01C28C30831D0A6A0F84194398B14301B507C28C21CCD8A1A0F6BC0B20CC0833D8A1A0F680DE75747408118D334EA630734655DAA1A0F6801AAC5FBFFE506767A720D100E3E0C1833F4D6166A7AAB44341ED013558B366CD756BD7AEFDCDABAFBE7A42A038773332116456AF5EBD2F8D1B55A51D0A6A0FA851DA818E6F6F6FDF12873862CD46B38D471F7D348BA6D18C7FF7E288F77DA720638782DA03466FC3688BA63176ECD8F3BC1BD8A1A0F680A6D2DADA7A456A1867A2694C9830619C77043B14D41ED06C616659348CE2D8E21DC10E05B5073453A31893CFCAE423859BF1DE19EC50507B40B3348AB6D22093CFCE583B831D0A6A0F688626D16356261F13264CB8DE3B841D0A6A0F68F426B1B25290298E4DDE21EC50507B40233788AAB332D6CE608782DA039AA141B4F516649CD9841D0A6A0FD034501BA0F6004D03B581DA03D034501BA83D40D3406D80DA03340DD406A83D40D3406DA0F600340DD4066A0FD034501BA0F6004D03B5016A0FD034501BA83D004D03B581DA03340DD406A83D40D3406D80DA03340DD4066A0FD034406DA0F6004D03B5016A0FD034501BA83D004D03B581DA03340DD406A83D40D3406D80DA03340DD4066A0F40D3406DA0F6004D03B5016A0FD034501BA0F6004D03B581DA03D034501BA83D40D3406D80DA03340DD406A83D40D3406DA0F6004D03D4066A0FD034501BA0F6004D03B581DA03D034501BA83D40D3406D80DA03340DD406A83D40D3406DA0F600340DD4066A0FD034501BA0F6004D03B5016A0FD034501BA83D40D3D034501BA83D40D3406D80DA03340DD406A83D40D3406DA0F6004D03D4066A0FD034501BA0F6004D03B581DA03D034E8571DB4452DF431B678A7D097004D8346AD8331699CE92DCCB4B6B68EF74EA12F019A068D5C0B2B7B09339BC68E1D7B9E77097D09D03468E45A18532DCC4C9830E17AEF10FA12A069D00CF55069EDCC16B332E84B80A641B3D4438FB533D6CAA02F019A064D258597656665D097004D83660E335794AC9519E71D415F02340D9AB12E0A6B67CCCAA02F019A06CD5A1763D406FA12A0698C5259969DB767CF9E259B376F7EA3A3A3236B6F6F37EA3C56AF5E9DAD5FBFFEAFD398AC22F52540D3A0461164366CD89075767666A74F9F36CED13872E448B66EDDBAE329D8DCA82AF52540D3A006312323C8344CA039DDDEDEBE5355EA4B80A6410DE2D09220D13823859933AA525F02340D6A106B368488860A336A5C5F02340D8623CCFCEE3787B23D5B7E9C3DBFFADEC288EDB84F001166F4257D09D0341A3ECC741D3B98ED786276F6DC8ABBCE1A715F3C26840833FA1280A6D1D06166FFF33FEF1164F271E0F936214498D19700348DC60E333B9FBCBF6A9889C7841061465F02D0341A3ACCEC68BFA76A9889C7841061465F02D03484194398D197004D83E10A3371F652B530138F0921C28CBE04A069347498D9BDF14FAB8699784C081166F425004DA3A1C3CCD183DBB31DABE6F43CC494EE8BC7841061465F02D0341A3ACCC4D8BB75518F3013F70920C28CBEA42F019A46E3879953A7B2DD4FFFA0E721A6745F3C26840833FA1280A6D1B06126AEF0BB6BE382AA6B66E23157011666F425004DA3F1C2CCA953D9A1DD6BB25F3EFEB5AA41261FF19C78AE591A61465F02D0341A22CCF4351B63964698415F02348D860E33FD998DE96D9646281166F425004DE39C86998106997C0825C28CBE04A0699CD330630833E84B80A621CC18C28CBE04A0690833C20CFA12A06920CC0833E84B80A621CC18C20CFA12A06908338630A32F01681AC28C3083BE04681A0833C20CFA12A0690833863083BE04681AC28C21CCE84B80A6813023CCA02F019A863023440833E84B80A621CC18C28CBE04A0690833C28C30A32F019A06C28C3083BE04681AC28C21CCA02F019A8630630833FA1280A621CC0833E84B80A6813023CCA02F019A8630630833E84B80A621CC9CCE8E1C3912FF86D992254BB2D75E7B2DBBE4924BB2ABAFBE3A9B32654A612C5FBEBCF078F9EBE2BE79F3E655FDB9DA58B66C5976F1C517577DFC85175EC85E7CF1C58A7FDEC30F3F2CCCA02F019A8630D3733CF3CC33D945175D949D3C79B2101A2250C4ED82050BBA8344FEDCCB2FBFBC3BE03CF4D043D9BBDEF5AE6CEBD6AD859F3FF1894F743F16BF237FCD3BDEF18EECDA6BAF2D3C367BF6ECECC20B2FCCEEBEFBEEEEE76EDAB4A9477089BF534747473671E2C4B3FEBCA54B9716B60F1C3820CCA02F019A863073BAE20CC8A2458B0AB763C78ECD366CD8705698D9BD7B776176250F17575E7965D6D6D6962D5EBCB8FBF58F3DF6588FDFF9C8238F14B62398C4EC4FE963E5CFDFB87163F7AC51FC1D4AC34CDC46C8313383BE04681AC24C61762382C2F9E79F5F082D79B878E08107BAC343CCCE9486997C76250F3D6F7BDBDBB2B973E71676FA1142E2FE083CE561E6B2CB2EAB3A33F3E4934F761F62CAEFDBBF7F7F61FB539FFA54F77DA5DBF96B8419F42540D318E53333F9A1A5387C93078F9879290F23F9F6DEBD7B0BB33071DF073EF08142B888FB8F1E3D5AB8EFE69B6FAE38DB93CFBEF43633136B76F2FBB66FDF5EF8F9BDEF7D6F76CD35D7145E9707AF083A6666D097004D4398392B50E401A6A57848288243ACA3397CF8F05961E6C31FFE70B662C58AEE752BEF7BDFFB0A879962716EBE983846BCAED630537A5F2C48CEB7E3CF2C5D8C9CCF220933E84B80A621CC7407861D3B7664C78F1FEF3EC494CFB4C4FD7998891991982D895011FFF6717BE9A59766B366CD2A6CE78B73CBD7B4B4F4F33053E9F36366266681627BDDBA7515838E3083BE04681AC2CC59EB64DEFFFEF7772FF88DD992B8CD0345F9A1A93803296EF34012B7B17E265F085CFEFBF380533E33B370E1C28ACFBFE0820BBA67856211B09919F42540D310667A0D337198286E63E6256EF7EDDB97AD5AB5AAC79A99D2D76CDBB6AD4738E96BF4E7F9F1BBA3B6F2ED7C3D8F9919F42540D310662A8EAEAEAEC285EAE29052E9FDF9F563E2DA3295AE33130168CE9C39856BCDE4878DF25014EB672AFD5971B8E9AAABAEEAF3427EA5E125FE6EB13E273F65BC743D8E3083BE04681AC24CCD673FF93A03F42540D3A069C38CEF66425F02340D841961067D09D03484194398415F02340D61C61066F42540D3D034841961067D09D03410668419F42540D310660C61067D09D03484194398D197004D03614698415F02340D61C61066D097004D43983184197D0940D31066841935AE2F019A06C28C3083BE04681AC28C21CCA02F019A8630630833FA1280A621CC0833E84B80A6813023CCA02F019A8630630833E84B80A621CC18C28CBE04681A0833C20CFA12A06920CC0833E84B80A621CC18C20CFA12A06908338630A32F019A06C28C3083BE04681AC28C21CCA02F019A4613EAE8E810221A679C4C61E68CAAD497004D831AAC5FBFFE506767A720D100E3E0C1833F4D6166A7AAD497004D831AAC59B3E6BAB56BD7FEE6D5575F3D21509CBB19990832AB57AFDE97C68DAA525F02340D6A9476A0E3DBDBDBB7C4218E58B3D18C236AA359FFEEC5F77DA720A32F019A066A03D41EA069A03640ED019A066A03B507A069A036507B80A681DA00B507681AA80D507B80A681DA40ED01681AA80DD41EA069A03640ED019A066A03D41EA069A036507B80A6016A03B507681AA80D507B80A681DA40ED01681AA80DD41EA069A03640ED019A066A03D41EA069A036507B009A066A03B507681AA80D507B80A681DA00B507681AA80DD41EA069681AA80DD41EA069A03640ED019A066A03D41EA069A036507B80A6016A03B507681AA80D507B80A681DA40ED01681AF4B30EDAA216FA185BBC53E84B80A641A3D6C19834CEF416665A5B5BC77BA7D097004D8346AE8595BD84994D63C78E3DCFBB84BE04681A34722D8CA91666264C9870BD77087D09D03468867AA8B476668B5919F42540D3A059EAA1C7DA196B65D097004D83A692C2CB32B332E84B80A6413387992B4AD6CA8CF38EA02F019A06CD581785B5336665D097004D8366AD8B3137DC7083DA405F02340D9A561C5ECA8AB7A02F019A064DE563691C4B637EF1D6D94CE84B80A641D305993CC0C4CCCC1181067D09D03468C620D3D7FDA02F019A060D635C1F81257FDC1A1AF42540D3A061834C5F41C50C0DFA12A069D0703ED652DB8C4BADCF077D09D03418F620337E00AFEB1268D097004D83660C3243F57AD097004D8301EB6BB16FBD7F0FE84B80A641CD0164A80E1199A1415F02340DEAA67CF1EE5BD2985ABCAD45F9EB2C0A465F02340DEA1664C6970492075BFEE6FB971EAC21D0547B9D4083BE04681AD42DC884A9C54092D510684A834C3EA6943C6E0D0DFA12A06930E4AA058C4AC1A4B74053E9F90B2B3CDF1A1AF42540D360C883CCB81A024AA540D3DF20531E681C72425F02340D06ACBF81A2AF40536B9029FDF37DDB36FA12A06930A820D3DF20512DD0BC75804126670D0DFA12A06930EC41A6B740F3D22082CC60FF3EE84B009AC62834D899904A81663041A63CD0584383BE040C4FD33046CE48FFA4F30759126FAD3023F352F1FEC198EFDFC7A8B1960118C53333039D01E96D66A6960BEB99990100062C824357CBF0AC991948A0B16606001850A0A96526A4DAE9D795CE66AA25D0389B09001874A0E92B48F4751D995AAF149C1BD3E23A3300C020F53533D2DF0BE2D51A68F2435DD7FB27000006ABDA0C4DAD57F6ED6FA0C9FF3C41060018323143537EC8676A4BEDD791F1ADD900C0390D34A58B824B83492D17C4ABF63AA75F0300C3AEFC90530491292DB59F6E5DFEBAC15EDF060060C08166B02A1DC20200688A40E3827800C03933D843430E2D01000D13686A9D59B1D817006818B51E2A7268090068DA40135F51E0CABE0040431A570C2AE37A79FC8820030034B26A33340E2D01004D1B68041900A06903CD7C4106006856B146266B71FA3500D0C4DEE92D0000000000000000000000000000000000009ACDFF0702C7D708634C4B1B0000000049454E44AE426082, 1);
INSERT INTO `ACT_GE_BYTEARRAY` VALUES ('be292146-52c6-11ea-8c7c-c85b7643dd9e', 1, '请假流程.bpmn20.xml', 'be292145-52c6-11ea-8c7c-c85b7643dd9e', 0x3C3F786D6C2076657273696F6E3D27312E302720656E636F64696E673D275554462D38273F3E0A3C646566696E6974696F6E7320786D6C6E733D22687474703A2F2F7777772E6F6D672E6F72672F737065632F42504D4E2F32303130303532342F4D4F44454C2220786D6C6E733A7873693D22687474703A2F2F7777772E77332E6F72672F323030312F584D4C536368656D612D696E7374616E63652220786D6C6E733A7873643D22687474703A2F2F7777772E77332E6F72672F323030312F584D4C536368656D612220786D6C6E733A666C6F7761626C653D22687474703A2F2F666C6F7761626C652E6F72672F62706D6E2220786D6C6E733A62706D6E64693D22687474703A2F2F7777772E6F6D672E6F72672F737065632F42504D4E2F32303130303532342F44492220786D6C6E733A6F6D6764633D22687474703A2F2F7777772E6F6D672E6F72672F737065632F44442F32303130303532342F44432220786D6C6E733A6F6D6764693D22687474703A2F2F7777772E6F6D672E6F72672F737065632F44442F32303130303532342F44492220747970654C616E67756167653D22687474703A2F2F7777772E77332E6F72672F323030312F584D4C536368656D61222065787072657373696F6E4C616E67756167653D22687474703A2F2F7777772E77332E6F72672F313939392F585061746822207461726765744E616D6573706163653D22687474703A2F2F7777772E666C6F7761626C65223E0A20203C70726F636573732069643D226A736974655F6C6561766522206E616D653D22E8AFB7E58187E6B581E7A88B2220697345786563757461626C653D2274727565223E0A202020203C646F63756D656E746174696F6E3EE8AFB7E58187E6B581E7A88B3C2F646F63756D656E746174696F6E3E0A202020203C73746172744576656E742069643D2273746172746576656E743122206E616D653D22E5BC80E5A78BE88A82E782B92220666C6F7761626C653A696E69746961746F723D226170706C79557365724964222F3E0A202020203C757365725461736B2069643D226C656176655F6C65616465725F617564697422206E616D653D22E9A286E5AFBCE5AEA1E689B92220666C6F7761626C653A61737369676E65653D22247B6C65616465724E616D657D2220666C6F7761626C653A666F726D4B65793D226C656176655F6C65616465725F6175646974223E0A2020202020203C657874656E73696F6E456C656D656E74733E0A20202020202020203C666C6F7761626C653A7461736B4C697374656E6572206576656E743D22636F6D706C6574652220636C6173733D22636F6D2E6A736974652E6D6F64756C65732E666C6F7761626C652E6C697374656E65722E5461736B427573696E65737343616C6C4C697374656E6572222F3E0A20202020202020203C6D6F64656C65723A696E69746961746F722D63616E2D636F6D706C65746520786D6C6E733A6D6F64656C65723D22687474703A2F2F666C6F7761626C652E6F72672F6D6F64656C6572223E3C215B43444154415B66616C73655D5D3E3C2F6D6F64656C65723A696E69746961746F722D63616E2D636F6D706C6574653E0A2020202020203C2F657874656E73696F6E456C656D656E74733E0A202020203C2F757365725461736B3E0A202020203C6578636C7573697665476174657761792069643D227369642D44394344303945332D363830342D344232362D394443452D333144433533423634453236222F3E0A202020203C656E644576656E742069643D22656E6422206E616D653D22E6B581E7A88BE7BB93E69D9F222F3E0A202020203C757365725461736B2069643D2261646A7573744170706C7922206E616D653D22E8B083E695B4E794B3E8AFB72220666C6F7761626C653A61737369676E65653D22247B6170706C795573657249647D223E0A2020202020203C657874656E73696F6E456C656D656E74733E0A20202020202020203C6D6F64656C65723A696E69746961746F722D63616E2D636F6D706C65746520786D6C6E733A6D6F64656C65723D22687474703A2F2F666C6F7761626C652E6F72672F6D6F64656C6572223E3C215B43444154415B66616C73655D5D3E3C2F6D6F64656C65723A696E69746961746F722D63616E2D636F6D706C6574653E0A2020202020203C2F657874656E73696F6E456C656D656E74733E0A202020203C2F757365725461736B3E0A202020203C73657175656E6365466C6F772069643D227369642D43373243334639342D464643362D343836312D393834432D3834383834423636444434372220736F757263655265663D2273746172746576656E743122207461726765745265663D226C656176655F6C65616465725F6175646974222F3E0A202020203C6578636C7573697665476174657761792069643D227369642D35324538303342342D343737392D343344322D393434432D333331324630354544454330222F3E0A202020203C73657175656E6365466C6F772069643D227369642D43413633303439432D453841442D343544422D413231342D3836414430363533443331332220736F757263655265663D226C656176655F6C65616465725F617564697422207461726765745265663D227369642D44394344303945332D363830342D344232362D394443452D333144433533423634453236222F3E0A202020203C73657175656E6365466C6F772069643D227369642D36443541423835432D413632422D344230382D383230462D3239344645363846303133322220736F757263655265663D227369642D35324538303342342D343737392D343344322D393434432D33333132463035454445433022207461726765745265663D22656E64223E0A2020202020203C636F6E646974696F6E45787072657373696F6E207873693A747970653D2274466F726D616C45787072657373696F6E223E3C215B43444154415B247B216175646974506173737D5D5D3E3C2F636F6E646974696F6E45787072657373696F6E3E0A202020203C2F73657175656E6365466C6F773E0A202020203C73657175656E6365466C6F772069643D227369642D39393037423339432D344446312D343041352D394131352D4436414545313946373932452220736F757263655265663D2261646A7573744170706C7922207461726765745265663D227369642D35324538303342342D343737392D343344322D393434432D333331324630354544454330222F3E0A202020203C73657175656E6365466C6F772069643D227369642D31344237374134392D464432412D343741322D384441302D3234423346373731354534372220736F757263655265663D227369642D35324538303342342D343737392D343344322D393434432D33333132463035454445433022207461726765745265663D226C656176655F6C65616465725F6175646974223E0A2020202020203C636F6E646974696F6E45787072657373696F6E207873693A747970653D2274466F726D616C45787072657373696F6E223E3C215B43444154415B247B6175646974506173737D5D5D3E3C2F636F6E646974696F6E45787072657373696F6E3E0A202020203C2F73657175656E6365466C6F773E0A202020203C73657175656E6365466C6F772069643D227369642D38454143384133362D304334302D343539362D383138312D4133334231433935453534342220736F757263655265663D227369642D44394344303945332D363830342D344232362D394443452D33314443353342363445323622207461726765745265663D22656E64223E0A2020202020203C636F6E646974696F6E45787072657373696F6E207873693A747970653D2274466F726D616C45787072657373696F6E223E3C215B43444154415B247B6175646974506173737D5D5D3E3C2F636F6E646974696F6E45787072657373696F6E3E0A202020203C2F73657175656E6365466C6F773E0A202020203C73657175656E6365466C6F772069643D227369642D35374237354244372D453141362D343536392D383946422D3343383846363243393338342220736F757263655265663D227369642D44394344303945332D363830342D344232362D394443452D33314443353342363445323622207461726765745265663D2261646A7573744170706C79223E0A2020202020203C636F6E646974696F6E45787072657373696F6E207873693A747970653D2274466F726D616C45787072657373696F6E223E3C215B43444154415B247B216175646974506173737D5D5D3E3C2F636F6E646974696F6E45787072657373696F6E3E0A202020203C2F73657175656E6365466C6F773E0A20203C2F70726F636573733E0A20203C62706D6E64693A42504D4E4469616772616D2069643D2242504D4E4469616772616D5F6A736974655F6C65617665223E0A202020203C62706D6E64693A42504D4E506C616E652062706D6E456C656D656E743D226A736974655F6C65617665222069643D2242504D4E506C616E655F6A736974655F6C65617665223E0A2020202020203C62706D6E64693A42504D4E53686170652062706D6E456C656D656E743D2273746172746576656E7431222069643D2242504D4E53686170655F73746172746576656E7431223E0A20202020202020203C6F6D6764633A426F756E6473206865696768743D2233302E30222077696474683D2233302E302220783D223130302E302220793D223136332E30222F3E0A2020202020203C2F62706D6E64693A42504D4E53686170653E0A2020202020203C62706D6E64693A42504D4E53686170652062706D6E456C656D656E743D226C656176655F6C65616465725F6175646974222069643D2242504D4E53686170655F6C656176655F6C65616465725F6175646974223E0A20202020202020203C6F6D6764633A426F756E6473206865696768743D2238302E30222077696474683D223130302E302220783D223139352E302220793D223133382E30222F3E0A2020202020203C2F62706D6E64693A42504D4E53686170653E0A2020202020203C62706D6E64693A42504D4E53686170652062706D6E456C656D656E743D227369642D44394344303945332D363830342D344232362D394443452D333144433533423634453236222069643D2242504D4E53686170655F7369642D44394344303945332D363830342D344232362D394443452D333144433533423634453236223E0A20202020202020203C6F6D6764633A426F756E6473206865696768743D2234302E30222077696474683D2234302E302220783D223336302E302220793D223135382E30222F3E0A2020202020203C2F62706D6E64693A42504D4E53686170653E0A2020202020203C62706D6E64693A42504D4E53686170652062706D6E456C656D656E743D22656E64222069643D2242504D4E53686170655F656E64223E0A20202020202020203C6F6D6764633A426F756E6473206865696768743D2232382E30222077696474683D2232382E302220783D223532352E302220793D223136352E30222F3E0A2020202020203C2F62706D6E64693A42504D4E53686170653E0A2020202020203C62706D6E64693A42504D4E53686170652062706D6E456C656D656E743D2261646A7573744170706C79222069643D2242504D4E53686170655F61646A7573744170706C79223E0A20202020202020203C6F6D6764633A426F756E6473206865696768743D2238302E30222077696474683D223130302E302220783D223333302E302220793D223238352E30222F3E0A2020202020203C2F62706D6E64693A42504D4E53686170653E0A2020202020203C62706D6E64693A42504D4E53686170652062706D6E456C656D656E743D227369642D35324538303342342D343737392D343344322D393434432D333331324630354544454330222069643D2242504D4E53686170655F7369642D35324538303342342D343737392D343344322D393434432D333331324630354544454330223E0A20202020202020203C6F6D6764633A426F756E6473206865696768743D2234302E30222077696474683D2234302E302220783D223336302E302220793D223430352E30222F3E0A2020202020203C2F62706D6E64693A42504D4E53686170653E0A2020202020203C62706D6E64693A42504D4E456467652062706D6E456C656D656E743D227369642D43413633303439432D453841442D343544422D413231342D383641443036353344333133222069643D2242504D4E456467655F7369642D43413633303439432D453841442D343544422D413231342D383641443036353344333133223E0A20202020202020203C6F6D6764693A776179706F696E7420783D223239342E39353030303030303030303030352220793D223137382E30222F3E0A20202020202020203C6F6D6764693A776179706F696E7420783D223336302E302220793D223137382E30222F3E0A2020202020203C2F62706D6E64693A42504D4E456467653E0A2020202020203C62706D6E64693A42504D4E456467652062706D6E456C656D656E743D227369642D39393037423339432D344446312D343041352D394131352D443641454531394637393245222069643D2242504D4E456467655F7369642D39393037423339432D344446312D343041352D394131352D443641454531394637393245223E0A20202020202020203C6F6D6764693A776179706F696E7420783D223338302E302220793D223336342E3935303030303030303030303035222F3E0A20202020202020203C6F6D6764693A776179706F696E7420783D223338302E302220793D223430352E30222F3E0A2020202020203C2F62706D6E64693A42504D4E456467653E0A2020202020203C62706D6E64693A42504D4E456467652062706D6E456C656D656E743D227369642D36443541423835432D413632422D344230382D383230462D323934464536384630313332222069643D2242504D4E456467655F7369642D36443541423835432D413632422D344230382D383230462D323934464536384630313332223E0A20202020202020203C6F6D6764693A776179706F696E7420783D223339392E393433373330333538313334352220793D223432352E30222F3E0A20202020202020203C6F6D6764693A776179706F696E7420783D223533392E302220793D223432352E30222F3E0A20202020202020203C6F6D6764693A776179706F696E7420783D223533392E302220793D223139322E3934393932313932373331333036222F3E0A2020202020203C2F62706D6E64693A42504D4E456467653E0A2020202020203C62706D6E64693A42504D4E456467652062706D6E456C656D656E743D227369642D35374237354244372D453141362D343536392D383946422D334338384636324339333834222069643D2242504D4E456467655F7369642D35374237354244372D453141362D343536392D383946422D334338384636324339333834223E0A20202020202020203C6F6D6764693A776179706F696E7420783D223338302E302220793D223139372E3934333231383839383730383335222F3E0A20202020202020203C6F6D6764693A776179706F696E7420783D223338302E302220793D223238352E30222F3E0A2020202020203C2F62706D6E64693A42504D4E456467653E0A2020202020203C62706D6E64693A42504D4E456467652062706D6E456C656D656E743D227369642D38454143384133362D304334302D343539362D383138312D413333423143393545353434222069643D2242504D4E456467655F7369642D38454143384133362D304334302D343539362D383138312D413333423143393545353434223E0A20202020202020203C6F6D6764693A776179706F696E7420783D223339392E38313931353939303030363234362220793D223137382E3132343638373530303030303032222F3E0A20202020202020203C6F6D6764693A776179706F696E7420783D223532352E303030303633383935313136332220793D223137382E3931313935313339303639313436222F3E0A2020202020203C2F62706D6E64693A42504D4E456467653E0A2020202020203C62706D6E64693A42504D4E456467652062706D6E456C656D656E743D227369642D31344237374134392D464432412D343741322D384441302D323442334637373135453437222069643D2242504D4E456467655F7369642D31344237374134392D464432412D343741322D384441302D323442334637373135453437223E0A20202020202020203C6F6D6764693A776179706F696E7420783D223336302E302220793D223432352E30222F3E0A20202020202020203C6F6D6764693A776179706F696E7420783D223234352E302220793D223432352E30222F3E0A20202020202020203C6F6D6764693A776179706F696E7420783D223234352E302220793D223231372E3935303030303030303030303032222F3E0A2020202020203C2F62706D6E64693A42504D4E456467653E0A2020202020203C62706D6E64693A42504D4E456467652062706D6E456C656D656E743D227369642D43373243334639342D464643362D343836312D393834432D383438383442363644443437222069643D2242504D4E456467655F7369642D43373243334639342D464643362D343836312D393834432D383438383442363644443437223E0A20202020202020203C6F6D6764693A776179706F696E7420783D223132392E39343939393839313836393131342220793D223137382E30222F3E0A20202020202020203C6F6D6764693A776179706F696E7420783D223139342E39393939393939393939393032322220793D223137382E30222F3E0A2020202020203C2F62706D6E64693A42504D4E456467653E0A202020203C2F62706D6E64693A42504D4E506C616E653E0A20203C2F62706D6E64693A42504D4E4469616772616D3E0A3C2F646566696E6974696F6E733E, 0);
INSERT INTO `ACT_GE_BYTEARRAY` VALUES ('be73bed7-52c6-11ea-8c7c-c85b7643dd9e', 1, '请假流程.jsite_leave.png', 'be292145-52c6-11ea-8c7c-c85b7643dd9e', 0x89504E470D0A1A0A0000000D4948445200000233000001C708060000004AB9D9500000202A4944415478DAEDDD0D9095F5BD1FF04D62A675D2A9B19334B5A9F5DA7B9B9BB6699A5A9CE8A4A6D4C6914CE8D51875C38BC0900C24349AC4973689A158890DE6659884DB89C945632857632925642F176559E44584116291A0285C4102045C2E2564232F417DFAFF9D7B9E9DC3D97376F7ECCBE19CDDCF67E63FE7D9F3B2E0E1E7EFF99EFFF37F9ED3D20200000000000000000000000000000000000000000000000000000000000000000000000000000000000000000000000000000000000000000000000000000000000000000000000000000000000000000000000000000000000000000000000000000000000000000000000000000000000000000000000000000000000000000000000000000000000000000000000000000000000000000000000000000000000000000000000000000000000000000000000000000000000000000000000000000000000000000000000000000000000000000000000000000000000000000000000000000000000000000000000000000000000000000000000000000000000000000000000000000000000000000000000000000000000000000000000000000000000000000000000000D0AB2CCBCEDBB367CF92CD9B37BFD1D1D191B5B7B71B751EAB57AFCED6AF5FFFD7694C56910050A308321B366CC83A3B3BB3D3A74F1BE7681C3972245BB76EDDF1146C6E5495005083989111641A26D09C6E6F6FDFA92A01A00671684990689C91C2CC195509003588351B42444385994C5502C0308499DFFDE650B667CB8FB3E757DF5B18B11DF70920C20C00347C98E93A7630DBF1C4ECECB915779D35E2BE784C08116600A0A1C3CCFEE77FDE23C8E4E3C0F36D42883003008D1D66763E797FD530138F0921C20C00347498D9D17E4FD530138F0921C20C00083386300300C31566E2ECA56A61261E134284190068E830B37BE39F560D33F1981022CC0040438799A307B7673B56CDE9798829DD178F0921C20C0034749889B177EBA21E6126EE134084190068FC3073EA54B6FBE91FF43CC494EE8BC784106106001A36CCC4157E776D5C5075CD4C3CE62AC0C20C00345E9839752A3BB47B4DF6CBC7BF5635C8E4239E13CF354B23CC0040438499BE6663CCD2083300D0D061A63FB331BDCDD20825C24C8379A7B700609485998106997C0825C24C0319974656BC0560B48419439819213E96C6B134E6176FC77B4B008419439869B62033BE6486E688400320CC18C24C330699BEEE0740983184998631AE8FC0923F6E0D0D507F5996FDEDEDDBB7CFFCC94F7EB26EDEBC79C76FBBEDB633D3A64DCB3EFDE94F6793274F7EF3F39FFFFCE9BBEFBE7BCFFDF7DFBF388D3FF68E0933C2CCA80D327D0515333440FD43CCD2A54B17CD9D3BF7CC97BEF4A5EC873FFC61B679F3E6ECE0C183D9C99327B310B79D9D9DD92F7EF18B2C859DEC8B5FFCE29B5FFEF2975F993163C667BD83C28C30332A7CACC619975A9F0FBD9A3469D23F6A6D6DFD42FA80BD248DDD6974C587ED344EA6B1373DB62CDDDE19CFF36E8D3229B44CFFC637BE71EAAEBBEE2A0495D75F7F3DEBAF6DDBB6655FF9CA575E9F3973E6CE9B6EBAE98FBC9BC28C3033E283CCF801BCAE4BA06130264C98707D1AED699C2E8697FE8C27D3F3277BF746FE6CCC79CB972F5FF3B9CF7D2E6B6B6BAB29C4947BFCF1C7B3E9D3A79F304B23CC083382CC30BC9E512A05923F4881E4F11A024CA5B1C187ED111C64D6AE5DFBCCADB7DE9AEDDAB52B1B0AAFBCF24A9682D189CF7EF6B3FFC93B2CCC083323465F8B7DEBFD7B18255A5B5B3F3D71E2C4FF571A4C264D9A947DF39BDFCCD6AC5993FDEA57BFCA7EFBDBDF16F63FAFBDF65A6159C4C68D1BB3F9F3E767B7DC724B79A0E9324B3302C58C4C049958033394E2F7CD983143D10833C2CCC80A32437588C80C0DFD0D32E3D37EE4F5D210B378F1E27EEFB38E1D3B56787EBCAE34D4A4DFE9E8C148116B64E2D0D250CDC8549AA1993265CAB15434EFF76E0B33C24CD32A5FBCFB9634A6166F6B51FE3A8B82E97346A634C8DC7EFBED8559988188D7C57AD0B240E3C376B38BB396EEBDF7DED3B1466638AD58B1E2444AC49BBCE3C28C30D3D441667C492079B0E56FBE7FE9C11A024DB5D7093454146B644A0F2DCD9933A7FB50D240C521A8FBEEBBAFFC90930FDBCD6CD9B2657F1E29F5F7BFFF7D36DC66CD9A75580216668499A60F322DC59995AC64F427D09406997C4C2979DC1A1A7A48416675E98CCC60834C69A0299BA1D9E0DD6EE25999B88E4C9C7E5D0FCF3DF7DC69B333C28C30D354AA058C4AC1A4B74053E9F90B2B3CDF1A1ABAC5E9D7A56B64067A68A9B7434EA56B687CD86E527165DF58F43B9853B06B357DFAF4C3316D3882FFE78BEB1EFC5B61469869B69AEC25C88CAB21A0540A34FD0D32E581C621A7116AECD8B1E7F5B776F3A0118B7787C3A38F3E6A76A6D9C557142C5CB830ABA7F9F3E76F8BAB318ED4F7B424E1B7B7B6B65E21CC0833CD5293030C147D059A5A834CE99FEFDBB6476E4DEEEC6B1624AED89B2FFA8DD993A3478F0ECB3E29CE722A3B6DFB0FFC0B3599F8AEA5F88A827A7AFAE9A75F49C5D236D2771C256365A54FC5C28C30D368355921C8F43748540B346F1D6090299F191268466E4DEE8E33952ACDD414BFA2A0F0BC6F7DEB5BC3FD21BBF4FF8F3BFD0B3599F8D2C843870ED535CC1C3E7CB83315CBFE51B4E3E8FE545CBA031166849946ABC9010699DE02CD4B83083283FDFBD044359982CBFF8DEBC8943D6749FEF8DAB56B8775BF1417D62BF9FBB4F9176A32F1EDD7F99746D64BFC79F10560A36DC751FAA938A6FA851961A6D16A720866422A059AC10499F240630DCDC8AFC92D29608F2B3E67777EFF502FFC2D17570A2EF93BECF72FD48405752E0CF23B3546C410661A6B8CF67ABCE1861BF2D0317F906DE5AD1566645E2ADE3F18F38B7FD737D3887514BF4FE3541A278ADF927C3C05B263E9F6681A47D278358D43691C8C9D531AFBE21B94D378B9B8937CA9B86EE3F974FBCB349E8BD98174FB8BD8A1A6B1398DA7D3782A8DF569AC4DCF5D936EE334E155E9B9F1DD407F99C65FA4ED9FA7DB9FA5F17FD2F6FF4ECFFB5F69FBA7693C92B617A7DB45693C9CC683E9F13F4BB73F4CE30769FB7FA4DB05697C2F6DCF4FCFFD6EDAFE76DABE3F6D7F336DDF97C6DCB4FDDFD2ED9C3466A7C7EE4E3F7F356DFF97381C927EBE3DFDFCA5B47D5B1C9649DBB3D2F6E7D2981157B64DB7D3D398961E9B126B54D2F6C4E205E86E4EDB37A6ED1B8A670CFD49CC8CA4F1F18913275E9BEEBB26DDF71F6EBEF9E67F9FB6FF5DDABE2A6D7F246D5F99B63F9C9E77797ADEBF49DBFF3A6DFFAB499326FDCBF4D8BF48DBFFECA69B6EFAE3F4D83F4DDB7F98B62F4DE31FC7FA97F4DC7F98B6FFC12DB7DCF2F7FB51935B8BDF7A5DF879A84EC7EEED34ED923FFBA474D064A64E9DFA66BD67664E9C38717894CECC6C8966911F1BAE779879F1C5170B3B965FFFFAD7D9A64D9BB2D4980A63CA9429D9F2E5CB0B8FFDE8473FEA7EFE33CF3C937DF2939FEC7E4EB5E7551AF19CEF7CE73B7D3EE7CE3BEF2C6C3FF6D8638519BBFCFE386BC1CC4CFD6BB265F05F55D0DBCC4C2D17D6EB6D66E62D6987F8B6193366BCFDE31FFFF8DF4ADBE7A7F177D2CEF2EF4E9B36ED9D69FBEFA59DEABB6287193BCED881C68E3476A8C58BAFFD93F882C1F4DFFDBEB8485ADAFEE769FB0369FB83E9B10FA5EDCBD2F3C6C40E3B76DCB1038F1D79ECD063C71E3BF8D8D1C70E3F76FCE9E74FA49FFF63DABE2E6D7F326D7F2A6DDF94B65BD3F684B43D296DDF12812282453160CC88C011C1A3B82EE4B60824114C22A0A4EDFF9CB6BF92B6BF96C6D7D3F67F4DB7F7A4716F7AEC1BE9F6BFA7312F824F04A00842118822181503D20F22301583D38369FC383DEF27E9F67FA6F1E769FBD174FB58F130CED2F4BC65E976791C5E8980560C6AAB22B81503DCDA62A07BAA18F022E83D530C1CCFA6B12DBD667BBADD91C60BE9352FA6DB5D69FC551A7B8A41727F31581E2A06CDBEC2CC9BA53FD7FB43B674D0646EBDF5D6D3F55E339376A62F8DB23533E53B8C96731166DEFEF6B767175C7041AC59EA0E0E2B56AC28EC68E25349F9F3DFFDEE7767575F7D75C510521E36D6AD5B57083A79E0B9E8A28BB2ABAEBAAAB01D63E9D2A5D9A5975EDAE3F7C49974F9F6A2458BBAB723DC0833F5AFC992E0D0D5323C6B66061268AC99195D01FBC934C6169FD36566867E993D7BF6EE7A9FCDF4C4134FFCE528399B69534CDF56BB9E423DC34C5757576167F2C20B2F146E235C44908870336BD6ACEE1997D25013E1E2C20B2F2C5C71B37C66267ECF810307CE0A26A501247E9E3B77EE5941EAAB5FFD6A617BEFDEBDDDBFE7A31FFD68E1CF89ED9839CA5FBB7DFBF6C2EDF7BEF73D61A68E3559652664A04166614BE5B3996A0934CE661A3D61A6C71976D6CCD06FDFFEF6B717D6FB3A3373E6CC5931C2AF33D3DBA7DE731266622772DB6DB765BB77EFCEF6EDDB97CD9C39B370DFF1E3C70BC1227FCEB265CBBA5F73C9259714C246F9EF8A55FF715D86787E1E68222C75747474CFC4C463D3A74F2F6CC7A1AA084295FE4EA53333EF79CF7BB255AB5615B6631627667BCCCCD4B726073823D2D775646ABD52706E4C8BEBCC8C86301387BAC654798EB399E89FAF7FFDEB7FF8852F7CE18D3A5E01F8E4C489135F7651A2FA859998F188F52F796878E8A1877ACC806CDBB6AD4798897012F75D79E595D935D75C933DF0C003D965975D56B83DFFFCF30BDBE5E164C99225DDDB79485AB972656106A8529889B0B475EBD6C276ACE3C9EF5FB06081C34C8DA1AF9991FE5E10AFD640931FEABADE3FC1880D334B62AD526FCF719D196A72FBEDB7FF55BDBE9BE989279E58EC72D1F59F9989199908171FFAD0870AC1240F2F314B531A6A22CCC4A1A6083031F29996D2434C71E827C2466CEFDFBFFFAC70F2918F7CA4C7CC4CAC9FB9EEBAEBBA9F177F562CFC6D2959485C1E84AC996928D566686ABDB26F7F034DFEE70932A35CF10CA833F5B802F0E4C993DF7405E026F799CF7CE6A63BEEB8E34C1D66678E4D9C38F1595FE455FF301301A5F46CA17C3664C78E1D3DD6D2E4CF2F0F19F9CFD5D6B1F437CCC402E4975F7EF9ACD99BF2309387ABD27539C2CC399FA1293FE433B5A5F6EBC8F8D66C6AE2BB99A8C9CC9933B7B7B5B50D6B9289F5395128351EB7176686601C3972248B7FDF38E4130B70E3BE8B2FBE38FBE0073FD81D2262BD4AF9EBF2199C389EDC579889DF5D1A6CF2A01287B9222CF5B56626024C1EB2E2EF187FAF3C8009330D13684A17059706935A2E8857ED752E8C47A53033ECDF9A9D3E64BFE95BB3478898564B9FA44FECDAB56B58824CDA51C5350C0EC5751DBCDBF50F33F975636207F2C8238F147ECE6763E25051AC83C94344F9EB627D4CAC67C917E7E6B3377D2D38CEC34CA533ABF2B3AB1E7EF8E1EEE7C788F012B773E6CC29DCE6674009330DA3FC90D35B8A332BB59E6E5DFEBAC15EDF8691BD7F7A320F1B7176E5509DA61D33D077DC71C7EBA5B3323E6C8F0093274F9E3473E6CCD73A3B3B8734C81C3870E0A9947CF749BCE736CCE4A7485F7BEDB585338562816FE963317373F9E597577C5D848C58DF1201E3D9679F1D5498891181A8A56CD16FBEEDEB0C9A2ED00CC58C8FB396E8F5C376F1AACE85D0111F76061B6822C8DC77DF7DA5EB64BA7CD81E41264D9A347DC68C195D4335431333321164E26A96DEDD731F660C61A6C1028D0BE2D12FF1150CF962E07C8666A0879CE2756533320E2F8DD4A2993C79F2F19FFDEC67BF1BC4A2E063DFFDEE777F5CBC74F534EFAA3023CC8C38833D34E4D012B5CED04C2B0D34B186261605C7D948FD3D6B2916FB96AE91297E63B70FDB23795A2FFD8377CC9C39F3F0B3CF3E7BA296EBC8AC5AB5EAD11486E28BDA3698B6136684995111686A9D59B1D897017FD82E7EA168561A6AE23A347161BD9875C90F41C5A1A4B8B26F9CC0F0FDEF7F3F9B3A75EA1B65571DEEF2617BF4849A1B23D44C9B36AD73DEBC79CF3FF5D453FB52711CCABF9C32BE3432BE6B69F5EAD57F71CF3DF7AC4C45155F2AB6210AC4422A61469819156A3D54E4D01283FEB05D7ACAF600870FDBA3515CBCA8F835F37179E9BD255FCD7EB2F86DA8F16DAB77BAD8903023CC0834BD88CBD6BBB22F43F661BB186ACED412627CD806614698A19A71C5A032AE97C78F08320CF787EDB4FD860FDB20CC08330CF50C8D434BD4456B6BEB15F94C4D0A35D664813023CC3024814690A19E616659C921A52DDE1110668419061B68E60B32D44B0A2F63CAD7CFA470A3F64098116618B071B1336971FA35F50B336D1516FC6EB1D81784196186C1EC5CBCA79CB3599992ABFB5A740EC28C30833043C3D7DACA5E4EC7DEE41D026146984198A1296765AC9D016146984198A119EAACAD1F17CB7366130833C20CC20C6A0F106684193B14507B20CC18C28C1D0AA83D10660C61C60E05B5070833C20C7628A83D1066840861C60E05D41E083386306387026A0F84194398B14341ED01C28C30831D0A6A0F84194398B14301B507C28C21CCD8A1A0F6BC0B20CC0833D8A1A0F680DE75747408118D334EA630734655DAA1A0F6801AAC5FBFFE506767A720D100E3E0C1833F4D6166A7AAB44341ED013558B366CD756BD7AEFDCDABAFBE7A42A038773332116456AF5EBD2F8D1B55A51D0A6A0FA851DA818E6F6F6FDF12873862CD46B38D471F7D348BA6D18C7FF7E288F77DA720638782DA03466FC3688BA63176ECD8F3BC1BD8A1A0F680A6D2DADA7A456A1867A2694C9830619C77043B14D41ED06C616659348CE2D8E21DC10E05B5073453A31893CFCAE423859BF1DE19EC50507B40B3348AB6D22093CFCE583B831D0A6A0F688626D16356261F13264CB8DE3B841D0A6A0F68F426B1B25290298E4DDE21EC50507B40233788AAB332D6CE608782DA039AA141B4F516649CD9841D0A6A0FD034501BA0F6004D03B581DA03D034501BA83D40D3406D80DA03340DD406A83D40D3406DA0F600340DD4066A0FD034501BA0F6004D03B5016A0FD034501BA83D004D03B581DA03340DD406A83D40D3406D80DA03340DD4066A0FD034406DA0F6004D03B5016A0FD034501BA83D004D03B581DA03340DD406A83D40D3406D80DA03340DD4066A0F40D3406DA0F6004D03B5016A0FD034501BA0F6004D03B581DA03D034501BA83D40D3406D80DA03340DD406A83D40D3406DA0F6004D03D4066A0FD034501BA0F6004D03B581DA03D034501BA83D40D3406D80DA03340DD406A83D40D3406DA0F600340DD4066A0FD034501BA0F6004D03B5016A0FD034501BA83D40D3D034501BA83D40D3406D80DA03340DD406A83D40D3406DA0F6004D03D4066A0FD034501BA0F6004D03B581DA03D034E8571DB4452DF431B678A7D097004D8346AD8331699CE92DCCB4B6B68EF74EA12F019A068D5C0B2B7B09339BC68E1D7B9E77097D09D03468E45A18532DCC4C9830E17AEF10FA12A069D00CF55069EDCC16B332E84B80A641B3D4438FB533D6CAA02F019A064D258597656665D097004D83660E335794AC9519E71D415F02340D9AB12E0A6B67CCCAA02F019A06CD5A1763D406FA12A0698C5259969DB767CF9E259B376F7EA3A3A3236B6F6F37EA3C56AF5E9DAD5FBFFEAFD398AC22F52540D3A0461164366CD89075767666A74F9F36CED13872E448B66EDDBAE329D8DCA82AF52540D3A006312323C8344CA039DDDEDEBE5355EA4B80A6410DE2D09220D13823859933AA525F02340D6A106B368488860A336A5C5F02340D8623CCFCEE3787B23D5B7E9C3DBFFADEC288EDB84F001166F4257D09D0341A3ECC741D3B98ED786276F6DC8ABBCE1A715F3C26840833FA1280A6D1D06166FFF33FEF1164F271E0F936214498D19700348DC60E333B9FBCBF6A9889C7841061465F02D0341A3ACCEC68BFA76A9889C7841061465F02D03484194398D197004D83E10A3371F652B530138F0921C28CBE04A069347498D9BDF14FAB8699784C081166F425004DA3A1C3CCD183DBB31DABE6F43CC494EE8BC7841061465F02D0341A3ACCC4D8BB75518F3013F70920C28CBEA42F019A46E3879953A7B2DD4FFFA0E721A6745F3C26840833FA1280A6D1B06126AEF0BB6BE382AA6B66E23157011666F425004DA3F1C2CCA953D9A1DD6BB25F3EFEB5AA41261FF19C78AE591A61465F02D0341A22CCF4351B63964698415F02348D860E33FD998DE96D9646281166F425004DE39C86998106997C0825C28CBE04A0699CD330630833E84B80A621CC18C28CBE04A0690833C20CFA12A06920CC0833E84B80A621CC18C20CFA12A06908338630A32F01681AC28C3083BE04681A0833C20CFA12A0690833863083BE04681AC28C21CCE84B80A6813023CCA02F019A863023440833E84B80A621CC18C28CBE04A0690833C28C30A32F019A06C28C3083BE04681AC28C21CCA02F019A8630630833FA1280A621CC0833E84B80A6813023CCA02F019A8630630833E84B80A621CC9CCE8E1C3912FF86D992254BB2D75E7B2DBBE4924BB2ABAFBE3A9B32654A612C5FBEBCF078F9EBE2BE79F3E655FDB9DA58B66C5976F1C517577DFC85175EC85E7CF1C58A7FDEC30F3F2CCCA02F019A8630D3733CF3CC33D945175D949D3C79B2101A2250C4ED82050BBA8344FEDCCB2FBFBC3BE03CF4D043D9BBDEF5AE6CEBD6AD859F3FF1894F743F16BF237FCD3BDEF18EECDA6BAF2D3C367BF6ECECC20B2FCCEEBEFBEEEEE76EDAB4A9477089BF534747473671E2C4B3FEBCA54B9716B60F1C3820CCA02F019A863073BAE20CC8A2458B0AB763C78ECD366CD8705698D9BD7B776176250F17575E7965D6D6D6962D5EBCB8FBF58F3DF6588FDFF9C8238F14B62398C4EC4FE963E5CFDFB87163F7AC51FC1D4AC34CDC46C8313383BE04681AC24C61762382C2F9E79F5F082D79B878E08107BAC343CCCE9486997C76250F3D6F7BDBDBB2B973E71676FA1142E2FE083CE561E6B2CB2EAB3A33F3E4934F761F62CAEFDBBF7F7F61FB539FFA54F77DA5DBF96B8419F42540D318E53333F9A1A5387C93078F9879290F23F9F6DEBD7B0BB33071DF073EF08142B888FB8F1E3D5AB8EFE69B6FAE38DB93CFBEF43633136B76F2FBB66FDF5EF8F9BDEF7D6F76CD35D7145E9707AF083A6666D097004D4398392B50E401A6A57848288243ACA3397CF8F05961E6C31FFE70B662C58AEE752BEF7BDFFB0A879962716EBE983846BCAED630537A5F2C48CEB7E3CF2C5D8C9CCF220933E84B80A621CC7407861D3B7664C78F1FEF3EC494CFB4C4FD7998891991982D895011FFF6717BE9A59766B366CD2A6CE78B73CBD7B4B4F4F33053E9F36366266681627BDDBA7515838E3083BE04681AC2CC59EB64DEFFFEF7772FF88DD992B8CD0345F9A1A93803296EF34012B7B17E265F085CFEFBF380533E33B370E1C28ACFBFE0820BBA67856211B09919F42540D310667A0D337198286E63E6256EF7EDDB97AD5AB5AAC79A99D2D76CDBB6AD4738E96BF4E7F9F1BBA3B6F2ED7C3D8F9919F42540D310662A8EAEAEAEC285EAE29052E9FDF9F563E2DA3295AE33130168CE9C39856BCDE4878DF25014EB672AFD5971B8E9AAABAEEAF3427EA5E125FE6EB13E273F65BC743D8E3083BE04681AC24CCD673FF93A03F42540D3A069C38CEF66425F02340D841961067D09D03484194398415F02340D61C61066F42540D3D034841961067D09D03410668419F42540D310660C61067D09D03484194398D197004D03614698415F02340D61C61066D097004D43983184197D0940D31066841935AE2F019A06C28C3083BE04681AC28C21CCA02F019A8630630833FA1280A621CC0833E84B80A6813023CCA02F019A8630630833E84B80A621CC18C28CBE04681A0833C20CFA12A06920CC0833E84B80A621CC18C20CFA12A06908338630A32F019A06C28C3083BE04681AC28C21CCA02F019A4613EAE8E810221A679C4C61E68CAAD497004D831AAC5FBFFE506767A720D100E3E0C1833F4D6166A7AAD497004D831AAC59B3E6BAB56BD7FEE6D5575F3D21509CBB19990832AB57AFDE97C68DAA525F02340D6A9476A0E3DBDBDBB7C4218E58B3D18C236AA359FFEEC5F77DA720A32F019A066A03D41EA069A03640ED019A066A03B507A069A036507B80A681DA00B507681AA80D507B80A681DA40ED01681AA80DD41EA069A03640ED019A066A03D41EA069A036507B80A6016A03B507681AA80D507B80A681DA40ED01681AA80DD41EA069A03640ED019A066A03D41EA069A036507B009A066A03B507681AA80D507B80A681DA00B507681AA80DD41EA069681AA80DD41EA069A03640ED019A066A03D41EA069A036507B80A6016A03B507681AA80D507B80A681DA40ED01681AF4B30EDAA216FA185BBC53E84B80A641A3D6C19834CEF416665A5B5BC77BA7D097004D8346AE8595BD84994D63C78E3DCFBB84BE04681A34722D8CA91666264C9870BD77087D09D03468867AA8B476668B5919F42540D3A059EAA1C7DA196B65D097004D83A692C2CB32B332E84B80A6413387992B4AD6CA8CF38EA02F019A06CD581785B5336665D097004D8366AD8B3137DC7083DA405F02340D9A561C5ECA8AB7A02F019A064DE563691C4B637EF1D6D94CE84B80A641D305993CC0C4CCCC1181067D09D03468C620D3D7FDA02F019A060D635C1F81257FDC1A1AF42540D3A061834C5F41C50C0DFA12A069D0703ED652DB8C4BADCF077D09D03418F620337E00AFEB1268D097004D83660C3243F57AD097004D8301EB6BB16FBD7F0FE84B80A641CD0164A80E1199A1415F02340DEAA67CF1EE5BD2985ABCAD45F9EB2C0A465F02340DEA1664C6970492075BFEE6FB971EAC21D0547B9D4083BE04681AD42DC884A9C54092D510684A834C3EA6943C6E0D0DFA12A06930E4AA058C4AC1A4B74053E9F90B2B3CDF1A1AF42540D360C883CCB81A024AA540D3DF20531E681C72425F02340D06ACBF81A2AF40536B9029FDF37DDB36FA12A06930A820D3DF20512DD0BC75804126670D0DFA12A06930EC41A6B740F3D22082CC60FF3EE84B009AC62834D899904A81663041A63CD0584383BE040C4FD33046CE48FFA4F30759126FAD3023F352F1FEC198EFDFC7A8B1960118C53333039D01E96D66A6960BEB99990100062C824357CBF0AC991948A0B16606001850A0A96526A4DAE9D795CE66AA25D0389B09001874A0E92B48F4751D995AAF149C1BD3E23A3300C020F53533D2DF0BE2D51A68F2435DD7FB27000006ABDA0C4DAD57F6ED6FA0C9FF3C41060018323143537EC8676A4BEDD791F1ADD900C0390D34A58B824B83492D17C4ABF63AA75F0300C3AEFC90530491292DB59F6E5DFEBAC15EDF060060C08166B02A1DC20200688A40E3827800C03933D843430E2D01000D13686A9D59B1D817006818B51E2A7268090068DA40135F51E0CABE0040431A570C2AE37A79FC8820030034B26A33340E2D01004D1B68041900A06903CD7C4106006856B146266B71FA3500D0C4DEE92D0000000000000000000000000000000000009ACDFF0702C7D708634C4B1B0000000049454E44AE426082, 1);

-- ----------------------------
-- Table structure for ACT_GE_PROPERTY
-- ----------------------------
DROP TABLE IF EXISTS `ACT_GE_PROPERTY`;
CREATE TABLE `ACT_GE_PROPERTY`  (
  `NAME_` varchar(64) CHARACTER SET utf8 COLLATE utf8_bin NOT NULL,
  `VALUE_` varchar(300) CHARACTER SET utf8 COLLATE utf8_bin NULL DEFAULT NULL,
  `REV_` int(11) NULL DEFAULT NULL,
  PRIMARY KEY (`NAME_`) USING BTREE
) ENGINE = InnoDB CHARACTER SET = utf8 COLLATE = utf8_bin ROW_FORMAT = Dynamic;

-- ----------------------------
-- Records of ACT_GE_PROPERTY
-- ----------------------------
INSERT INTO `ACT_GE_PROPERTY` VALUES ('cfg.execution-related-entities-count', 'true', 1);
INSERT INTO `ACT_GE_PROPERTY` VALUES ('cfg.task-related-entities-count', 'true', 1);
INSERT INTO `ACT_GE_PROPERTY` VALUES ('common.schema.version', '6.4.0.0', 1);
INSERT INTO `ACT_GE_PROPERTY` VALUES ('identitylink.schema.version', '6.4.0.0', 1);
INSERT INTO `ACT_GE_PROPERTY` VALUES ('job.schema.version', '6.4.0.0', 1);
INSERT INTO `ACT_GE_PROPERTY` VALUES ('next.dbid', '1', 1);
INSERT INTO `ACT_GE_PROPERTY` VALUES ('schema.history', 'create(6.3.2.0)', 1);
INSERT INTO `ACT_GE_PROPERTY` VALUES ('schema.version', '6.4.0.0', 1);
INSERT INTO `ACT_GE_PROPERTY` VALUES ('task.schema.version', '6.4.0.0', 1);
INSERT INTO `ACT_GE_PROPERTY` VALUES ('variable.schema.version', '6.4.0.0', 1);

-- ----------------------------
-- Table structure for ACT_HI_ACTINST
-- ----------------------------
DROP TABLE IF EXISTS `ACT_HI_ACTINST`;
CREATE TABLE `ACT_HI_ACTINST`  (
  `ID_` varchar(64) CHARACTER SET utf8 COLLATE utf8_bin NOT NULL,
  `REV_` int(11) NULL DEFAULT 1,
  `PROC_DEF_ID_` varchar(64) CHARACTER SET utf8 COLLATE utf8_bin NOT NULL,
  `PROC_INST_ID_` varchar(64) CHARACTER SET utf8 COLLATE utf8_bin NOT NULL,
  `EXECUTION_ID_` varchar(64) CHARACTER SET utf8 COLLATE utf8_bin NOT NULL,
  `ACT_ID_` varchar(255) CHARACTER SET utf8 COLLATE utf8_bin NOT NULL,
  `TASK_ID_` varchar(64) CHARACTER SET utf8 COLLATE utf8_bin NULL DEFAULT NULL,
  `CALL_PROC_INST_ID_` varchar(64) CHARACTER SET utf8 COLLATE utf8_bin NULL DEFAULT NULL,
  `ACT_NAME_` varchar(255) CHARACTER SET utf8 COLLATE utf8_bin NULL DEFAULT NULL,
  `ACT_TYPE_` varchar(255) CHARACTER SET utf8 COLLATE utf8_bin NOT NULL,
  `ASSIGNEE_` varchar(255) CHARACTER SET utf8 COLLATE utf8_bin NULL DEFAULT NULL,
  `START_TIME_` datetime(3) NOT NULL,
  `END_TIME_` datetime(3) NULL DEFAULT NULL,
  `DURATION_` bigint(20) NULL DEFAULT NULL,
  `DELETE_REASON_` varchar(4000) CHARACTER SET utf8 COLLATE utf8_bin NULL DEFAULT NULL,
  `TENANT_ID_` varchar(255) CHARACTER SET utf8 COLLATE utf8_bin NULL DEFAULT '',
  PRIMARY KEY (`ID_`) USING BTREE,
  INDEX `ACT_IDX_HI_ACT_INST_START`(`START_TIME_`) USING BTREE,
  INDEX `ACT_IDX_HI_ACT_INST_END`(`END_TIME_`) USING BTREE,
  INDEX `ACT_IDX_HI_ACT_INST_PROCINST`(`PROC_INST_ID_`, `ACT_ID_`) USING BTREE,
  INDEX `ACT_IDX_HI_ACT_INST_EXEC`(`EXECUTION_ID_`, `ACT_ID_`) USING BTREE
) ENGINE = InnoDB CHARACTER SET = utf8 COLLATE = utf8_bin ROW_FORMAT = Dynamic;

-- ----------------------------
-- Records of ACT_HI_ACTINST
-- ----------------------------
INSERT INTO `ACT_HI_ACTINST` VALUES ('006ae1c0-3838-11ea-aa63-00163e2e65eb', 1, 'jsite_leave:1:4f0c4be1-2df3-11ea-aa23-c85b7643dd9e', '006ae1ba-3838-11ea-aa63-00163e2e65eb', '006ae1bf-3838-11ea-aa63-00163e2e65eb', 'startevent1', NULL, NULL, '开始节点', 'startEvent', NULL, '2020-01-16 16:12:56.455', '2020-01-16 16:12:56.455', 0, NULL, '');
INSERT INTO `ACT_HI_ACTINST` VALUES ('006ae1c1-3838-11ea-aa63-00163e2e65eb', 1, 'jsite_leave:1:4f0c4be1-2df3-11ea-aa23-c85b7643dd9e', '006ae1ba-3838-11ea-aa63-00163e2e65eb', '006ae1bf-3838-11ea-aa63-00163e2e65eb', 'leave_leader_audit', '006ae1c2-3838-11ea-aa63-00163e2e65eb', NULL, '领导审批', 'userTask', 'jsitehr', '2020-01-16 16:12:56.455', NULL, NULL, NULL, '');
INSERT INTO `ACT_HI_ACTINST` VALUES ('061057b9-305c-11ea-9129-00163e2e65eb', 1, 'jsite_leave:1:4f0c4be1-2df3-11ea-aa23-c85b7643dd9e', 'e318c61c-305b-11ea-9129-00163e2e65eb', 'e318ed31-305b-11ea-9129-00163e2e65eb', 'sid-D9CD09E3-6804-4B26-9DCE-31DC53B64E26', NULL, NULL, NULL, 'exclusiveGateway', NULL, '2020-01-06 16:10:38.508', '2020-01-06 16:10:38.509', 1, NULL, '');
INSERT INTO `ACT_HI_ACTINST` VALUES ('06107eca-305c-11ea-9129-00163e2e65eb', 1, 'jsite_leave:1:4f0c4be1-2df3-11ea-aa23-c85b7643dd9e', 'e318c61c-305b-11ea-9129-00163e2e65eb', 'e318ed31-305b-11ea-9129-00163e2e65eb', 'end', NULL, NULL, '流程结束', 'endEvent', NULL, '2020-01-06 16:10:38.509', '2020-01-06 16:10:38.509', 0, NULL, '');
INSERT INTO `ACT_HI_ACTINST` VALUES ('084c75df-2df4-11ea-aa23-c85b7643dd9e', 1, 'jsite_leave:1:4f0c4be1-2df3-11ea-aa23-c85b7643dd9e', '79cea582-2df3-11ea-aa23-c85b7643dd9e', '79d02c27-2df3-11ea-aa23-c85b7643dd9e', 'sid-D9CD09E3-6804-4B26-9DCE-31DC53B64E26', NULL, NULL, NULL, 'exclusiveGateway', NULL, '2020-01-03 14:41:12.272', '2020-01-03 14:41:12.276', 4, NULL, '');
INSERT INTO `ACT_HI_ACTINST` VALUES ('084d1220-2df4-11ea-aa23-c85b7643dd9e', 2, 'jsite_leave:1:4f0c4be1-2df3-11ea-aa23-c85b7643dd9e', '79cea582-2df3-11ea-aa23-c85b7643dd9e', '79d02c27-2df3-11ea-aa23-c85b7643dd9e', 'adjustApply', '084d1221-2df4-11ea-aa23-c85b7643dd9e', NULL, '调整申请', 'userTask', 'jsite', '2020-01-03 14:41:12.276', '2020-01-03 14:43:24.600', 132324, NULL, '');
INSERT INTO `ACT_HI_ACTINST` VALUES ('0ad9c752-3223-11ea-aa63-00163e2e65eb', 1, 'jsite_leave:1:4f0c4be1-2df3-11ea-aa23-c85b7643dd9e', '0ad9c74c-3223-11ea-aa63-00163e2e65eb', '0ad9c751-3223-11ea-aa63-00163e2e65eb', 'startevent1', NULL, NULL, '开始节点', 'startEvent', NULL, '2020-01-08 22:27:47.551', '2020-01-08 22:27:47.551', 0, NULL, '');
INSERT INTO `ACT_HI_ACTINST` VALUES ('0ad9c753-3223-11ea-aa63-00163e2e65eb', 2, 'jsite_leave:1:4f0c4be1-2df3-11ea-aa23-c85b7643dd9e', '0ad9c74c-3223-11ea-aa63-00163e2e65eb', '0ad9c751-3223-11ea-aa63-00163e2e65eb', 'leave_leader_audit', '0ad9ee64-3223-11ea-aa63-00163e2e65eb', NULL, '领导审批', 'userTask', 'jsite', '2020-01-08 22:27:47.551', '2020-01-10 16:59:46.875', 153119324, NULL, '');
INSERT INTO `ACT_HI_ACTINST` VALUES ('1035ced6-2f8c-11ea-9129-00163e2e65eb', 1, 'jsite_leave:1:4f0c4be1-2df3-11ea-aa23-c85b7643dd9e', '1035a7c0-2f8c-11ea-9129-00163e2e65eb', '1035a7c5-2f8c-11ea-9129-00163e2e65eb', 'startevent1', NULL, NULL, '开始节点', 'startEvent', NULL, '2020-01-05 15:22:00.211', '2020-01-05 15:22:00.211', 0, NULL, '');
INSERT INTO `ACT_HI_ACTINST` VALUES ('1035ced7-2f8c-11ea-9129-00163e2e65eb', 2, 'jsite_leave:1:4f0c4be1-2df3-11ea-aa23-c85b7643dd9e', '1035a7c0-2f8c-11ea-9129-00163e2e65eb', '1035a7c5-2f8c-11ea-9129-00163e2e65eb', 'leave_leader_audit', '1035ced8-2f8c-11ea-9129-00163e2e65eb', NULL, '领导审批', 'userTask', 'jsite', '2020-01-05 15:22:00.211', '2020-01-05 15:22:17.768', 17557, NULL, '');
INSERT INTO `ACT_HI_ACTINST` VALUES ('10368ea7-31f9-11ea-aa63-00163e2e65eb', 1, 'jsite_leave:1:4f0c4be1-2df3-11ea-aa23-c85b7643dd9e', '1034b9e1-31f9-11ea-aa63-00163e2e65eb', '1035cb56-31f9-11ea-aa63-00163e2e65eb', 'startevent1', NULL, NULL, '开始节点', 'startEvent', NULL, '2020-01-08 17:27:17.685', '2020-01-08 17:27:17.689', 4, NULL, '');
INSERT INTO `ACT_HI_ACTINST` VALUES ('10377908-31f9-11ea-aa63-00163e2e65eb', 1, 'jsite_leave:1:4f0c4be1-2df3-11ea-aa23-c85b7643dd9e', '1034b9e1-31f9-11ea-aa63-00163e2e65eb', '1035cb56-31f9-11ea-aa63-00163e2e65eb', 'leave_leader_audit', '103bbec9-31f9-11ea-aa63-00163e2e65eb', NULL, '领导审批', 'userTask', 'jsitehr', '2020-01-08 17:27:17.691', NULL, NULL, NULL, '');
INSERT INTO `ACT_HI_ACTINST` VALUES ('11c66d43-672c-11ea-9661-00163e2e65eb', 1, 'jsite_leave:1:4f0c4be1-2df3-11ea-aa23-c85b7643dd9e', '4a4f6710-4e4c-11ea-9661-00163e2e65eb', '4a4f8e25-4e4c-11ea-9661-00163e2e65eb', 'sid-D9CD09E3-6804-4B26-9DCE-31DC53B64E26', NULL, NULL, NULL, 'exclusiveGateway', NULL, '2020-03-16 10:15:56.266', '2020-03-16 10:15:56.266', 0, NULL, '');
INSERT INTO `ACT_HI_ACTINST` VALUES ('11c66d44-672c-11ea-9661-00163e2e65eb', 1, 'jsite_leave:1:4f0c4be1-2df3-11ea-aa23-c85b7643dd9e', '4a4f6710-4e4c-11ea-9661-00163e2e65eb', '4a4f8e25-4e4c-11ea-9661-00163e2e65eb', 'end', NULL, NULL, '流程结束', 'endEvent', NULL, '2020-03-16 10:15:56.266', '2020-03-16 10:15:56.266', 0, NULL, '');
INSERT INTO `ACT_HI_ACTINST` VALUES ('143fa909-3029-11ea-9129-00163e2e65eb', 1, 'jsite_leave:1:4f0c4be1-2df3-11ea-aa23-c85b7643dd9e', '143f81f3-3029-11ea-9129-00163e2e65eb', '143fa908-3029-11ea-9129-00163e2e65eb', 'startevent1', NULL, NULL, '开始节点', 'startEvent', NULL, '2020-01-06 10:05:57.973', '2020-01-06 10:05:57.973', 0, NULL, '');
INSERT INTO `ACT_HI_ACTINST` VALUES ('143fa90a-3029-11ea-9129-00163e2e65eb', 2, 'jsite_leave:1:4f0c4be1-2df3-11ea-aa23-c85b7643dd9e', '143f81f3-3029-11ea-9129-00163e2e65eb', '143fa908-3029-11ea-9129-00163e2e65eb', 'leave_leader_audit', '143fa90b-3029-11ea-9129-00163e2e65eb', NULL, '领导审批', 'userTask', 'jsite', '2020-01-06 10:05:57.973', '2020-01-08 11:12:24.917', 176786944, NULL, '');
INSERT INTO `ACT_HI_ACTINST` VALUES ('18a05847-517b-11ea-9661-00163e2e65eb', 1, 'jsite_leave:1:4f0c4be1-2df3-11ea-aa23-c85b7643dd9e', '18a05841-517b-11ea-9661-00163e2e65eb', '18a05846-517b-11ea-9661-00163e2e65eb', 'startevent1', NULL, NULL, '开始节点', 'startEvent', NULL, '2020-02-17 19:46:12.421', '2020-02-17 19:46:12.421', 0, NULL, '');
INSERT INTO `ACT_HI_ACTINST` VALUES ('18a05848-517b-11ea-9661-00163e2e65eb', 2, 'jsite_leave:1:4f0c4be1-2df3-11ea-aa23-c85b7643dd9e', '18a05841-517b-11ea-9661-00163e2e65eb', '18a05846-517b-11ea-9661-00163e2e65eb', 'leave_leader_audit', '18a05849-517b-11ea-9661-00163e2e65eb', NULL, '领导审批', 'userTask', 'jsitehr', '2020-02-17 19:46:12.421', '2020-02-17 19:49:51.885', 219464, NULL, '');
INSERT INTO `ACT_HI_ACTINST` VALUES ('191d0e6a-38fc-11ea-aa63-00163e2e65eb', 1, 'jsite_leave:1:4f0c4be1-2df3-11ea-aa23-c85b7643dd9e', 'f5d4437e-3733-11ea-aa63-00163e2e65eb', 'f5d44383-3733-11ea-aa63-00163e2e65eb', 'sid-D9CD09E3-6804-4B26-9DCE-31DC53B64E26', NULL, NULL, NULL, 'exclusiveGateway', NULL, '2020-01-17 15:36:39.247', '2020-01-17 15:36:39.247', 0, NULL, '');
INSERT INTO `ACT_HI_ACTINST` VALUES ('191d0e6b-38fc-11ea-aa63-00163e2e65eb', 1, 'jsite_leave:1:4f0c4be1-2df3-11ea-aa23-c85b7643dd9e', 'f5d4437e-3733-11ea-aa63-00163e2e65eb', 'f5d44383-3733-11ea-aa63-00163e2e65eb', 'end', NULL, NULL, '流程结束', 'endEvent', NULL, '2020-01-17 15:36:39.247', '2020-01-17 15:36:39.247', 0, NULL, '');
INSERT INTO `ACT_HI_ACTINST` VALUES ('1aaccb2d-2f8c-11ea-9129-00163e2e65eb', 1, 'jsite_leave:1:4f0c4be1-2df3-11ea-aa23-c85b7643dd9e', '1035a7c0-2f8c-11ea-9129-00163e2e65eb', '1035a7c5-2f8c-11ea-9129-00163e2e65eb', 'sid-D9CD09E3-6804-4B26-9DCE-31DC53B64E26', NULL, NULL, NULL, 'exclusiveGateway', NULL, '2020-01-05 15:22:17.768', '2020-01-05 15:22:17.770', 2, NULL, '');
INSERT INTO `ACT_HI_ACTINST` VALUES ('1aad194e-2f8c-11ea-9129-00163e2e65eb', 1, 'jsite_leave:1:4f0c4be1-2df3-11ea-aa23-c85b7643dd9e', '1035a7c0-2f8c-11ea-9129-00163e2e65eb', '1035a7c5-2f8c-11ea-9129-00163e2e65eb', 'end', NULL, NULL, '流程结束', 'endEvent', NULL, '2020-01-05 15:22:17.770', '2020-01-05 15:22:17.772', 2, NULL, '');
INSERT INTO `ACT_HI_ACTINST` VALUES ('1f538bda-4f9d-11ea-9661-00163e2e65eb', 1, 'jsite_leave:1:4f0c4be1-2df3-11ea-aa23-c85b7643dd9e', '1f538bd4-4f9d-11ea-9661-00163e2e65eb', '1f538bd9-4f9d-11ea-9661-00163e2e65eb', 'startevent1', NULL, NULL, '开始节点', 'startEvent', NULL, '2020-02-15 10:44:44.225', '2020-02-15 10:44:44.225', 0, NULL, '');
INSERT INTO `ACT_HI_ACTINST` VALUES ('1f538bdb-4f9d-11ea-9661-00163e2e65eb', 2, 'jsite_leave:1:4f0c4be1-2df3-11ea-aa23-c85b7643dd9e', '1f538bd4-4f9d-11ea-9661-00163e2e65eb', '1f538bd9-4f9d-11ea-9661-00163e2e65eb', 'leave_leader_audit', '1f538bdc-4f9d-11ea-9661-00163e2e65eb', NULL, '领导审批', 'userTask', 'jsiteuser', '2020-02-15 10:44:44.225', '2020-02-19 14:18:10.657', 358406432, NULL, '');
INSERT INTO `ACT_HI_ACTINST` VALUES ('208a434d-3743-11ea-aa63-00163e2e65eb', 1, 'jsite_leave:1:4f0c4be1-2df3-11ea-aa23-c85b7643dd9e', 'caea8d18-36ae-11ea-aa63-00163e2e65eb', 'caeab42d-36ae-11ea-aa63-00163e2e65eb', 'sid-D9CD09E3-6804-4B26-9DCE-31DC53B64E26', NULL, NULL, NULL, 'exclusiveGateway', NULL, '2020-01-15 11:00:03.649', '2020-01-15 11:00:03.649', 0, NULL, '');
INSERT INTO `ACT_HI_ACTINST` VALUES ('208a434e-3743-11ea-aa63-00163e2e65eb', 1, 'jsite_leave:1:4f0c4be1-2df3-11ea-aa23-c85b7643dd9e', 'caea8d18-36ae-11ea-aa63-00163e2e65eb', 'caeab42d-36ae-11ea-aa63-00163e2e65eb', 'end', NULL, NULL, '流程结束', 'endEvent', NULL, '2020-01-15 11:00:03.649', '2020-01-15 11:00:03.649', 0, NULL, '');
INSERT INTO `ACT_HI_ACTINST` VALUES ('264a9a4c-3678-11ea-aa63-00163e2e65eb', 1, 'jsite_leave:1:4f0c4be1-2df3-11ea-aa23-c85b7643dd9e', '264a7336-3678-11ea-aa63-00163e2e65eb', '264a733b-3678-11ea-aa63-00163e2e65eb', 'startevent1', NULL, NULL, '开始节点', 'startEvent', NULL, '2020-01-14 10:47:05.462', '2020-01-14 10:47:05.462', 0, NULL, '');
INSERT INTO `ACT_HI_ACTINST` VALUES ('264a9a4d-3678-11ea-aa63-00163e2e65eb', 2, 'jsite_leave:1:4f0c4be1-2df3-11ea-aa23-c85b7643dd9e', '264a7336-3678-11ea-aa63-00163e2e65eb', '264a733b-3678-11ea-aa63-00163e2e65eb', 'leave_leader_audit', '264a9a4e-3678-11ea-aa63-00163e2e65eb', NULL, '领导审批', 'userTask', 'jsite', '2020-01-14 10:47:05.462', '2020-01-14 14:08:19.301', 12073839, NULL, '');
INSERT INTO `ACT_HI_ACTINST` VALUES ('2ba48e5e-38fc-11ea-aa63-00163e2e65eb', 1, 'jsite_leave:1:4f0c4be1-2df3-11ea-aa23-c85b7643dd9e', '979e7168-3368-11ea-aa63-00163e2e65eb', '979e716d-3368-11ea-aa63-00163e2e65eb', 'sid-D9CD09E3-6804-4B26-9DCE-31DC53B64E26', NULL, NULL, NULL, 'exclusiveGateway', NULL, '2020-01-17 15:37:10.334', '2020-01-17 15:37:10.335', 1, NULL, '');
INSERT INTO `ACT_HI_ACTINST` VALUES ('2ba4b56f-38fc-11ea-aa63-00163e2e65eb', 1, 'jsite_leave:1:4f0c4be1-2df3-11ea-aa23-c85b7643dd9e', '979e7168-3368-11ea-aa63-00163e2e65eb', '979e716d-3368-11ea-aa63-00163e2e65eb', 'end', NULL, NULL, '流程结束', 'endEvent', NULL, '2020-01-17 15:37:10.335', '2020-01-17 15:37:10.335', 0, NULL, '');
INSERT INTO `ACT_HI_ACTINST` VALUES ('3414e5ea-3046-11ea-9129-00163e2e65eb', 1, 'jsite_leave:1:4f0c4be1-2df3-11ea-aa23-c85b7643dd9e', '3414bed4-3046-11ea-9129-00163e2e65eb', '3414bed9-3046-11ea-9129-00163e2e65eb', 'startevent1', NULL, NULL, '开始节点', 'startEvent', NULL, '2020-01-06 13:34:26.785', '2020-01-06 13:34:26.785', 0, NULL, '');
INSERT INTO `ACT_HI_ACTINST` VALUES ('3414e5eb-3046-11ea-9129-00163e2e65eb', 2, 'jsite_leave:1:4f0c4be1-2df3-11ea-aa23-c85b7643dd9e', '3414bed4-3046-11ea-9129-00163e2e65eb', '3414bed9-3046-11ea-9129-00163e2e65eb', 'leave_leader_audit', '3414e5ec-3046-11ea-9129-00163e2e65eb', NULL, '领导审批', 'userTask', 'jsitehr', '2020-01-06 13:34:26.785', '2020-01-07 16:49:14.552', 98087767, NULL, '');
INSERT INTO `ACT_HI_ACTINST` VALUES ('34d30523-38fc-11ea-aa63-00163e2e65eb', 1, 'jsite_leave:1:4f0c4be1-2df3-11ea-aa23-c85b7643dd9e', 'a0af89db-2df4-11ea-aa23-c85b7643dd9e', 'a0af89e0-2df4-11ea-aa23-c85b7643dd9e', 'sid-D9CD09E3-6804-4B26-9DCE-31DC53B64E26', NULL, NULL, NULL, 'exclusiveGateway', NULL, '2020-01-17 15:37:25.738', '2020-01-17 15:37:25.738', 0, NULL, '');
INSERT INTO `ACT_HI_ACTINST` VALUES ('34d30524-38fc-11ea-aa63-00163e2e65eb', 1, 'jsite_leave:1:4f0c4be1-2df3-11ea-aa23-c85b7643dd9e', 'a0af89db-2df4-11ea-aa23-c85b7643dd9e', 'a0af89e0-2df4-11ea-aa23-c85b7643dd9e', 'end', NULL, NULL, '流程结束', 'endEvent', NULL, '2020-01-17 15:37:25.738', '2020-01-17 15:37:25.738', 0, NULL, '');
INSERT INTO `ACT_HI_ACTINST` VALUES ('35403f58-5906-11ea-9661-00163e2e65eb', 1, 'jsite_leave:2:be76cc18-52c6-11ea-8c7c-c85b7643dd9e', 'def0a034-562d-11ea-9661-00163e2e65eb', 'def0a039-562d-11ea-9661-00163e2e65eb', 'sid-D9CD09E3-6804-4B26-9DCE-31DC53B64E26', NULL, NULL, NULL, 'exclusiveGateway', NULL, '2020-02-27 10:09:38.630', '2020-02-27 10:09:38.630', 0, NULL, '');
INSERT INTO `ACT_HI_ACTINST` VALUES ('35403f59-5906-11ea-9661-00163e2e65eb', 1, 'jsite_leave:2:be76cc18-52c6-11ea-8c7c-c85b7643dd9e', 'def0a034-562d-11ea-9661-00163e2e65eb', 'def0a039-562d-11ea-9661-00163e2e65eb', 'end', NULL, NULL, '流程结束', 'endEvent', NULL, '2020-02-27 10:09:38.630', '2020-02-27 10:09:38.630', 0, NULL, '');
INSERT INTO `ACT_HI_ACTINST` VALUES ('3a5e26d5-3694-11ea-aa63-00163e2e65eb', 1, 'jsite_leave:1:4f0c4be1-2df3-11ea-aa23-c85b7643dd9e', '979e7168-3368-11ea-aa63-00163e2e65eb', '979e716d-3368-11ea-aa63-00163e2e65eb', 'sid-52E803B4-4779-43D2-944C-3312F05EDEC0', NULL, NULL, NULL, 'exclusiveGateway', NULL, '2020-01-14 14:08:05.053', '2020-01-14 14:08:05.053', 0, NULL, '');
INSERT INTO `ACT_HI_ACTINST` VALUES ('3a5e26d6-3694-11ea-aa63-00163e2e65eb', 2, 'jsite_leave:1:4f0c4be1-2df3-11ea-aa23-c85b7643dd9e', '979e7168-3368-11ea-aa63-00163e2e65eb', '979e716d-3368-11ea-aa63-00163e2e65eb', 'leave_leader_audit', '3a5e4de7-3694-11ea-aa63-00163e2e65eb', NULL, '领导审批', 'userTask', 'dept', '2020-01-14 14:08:05.053', '2020-01-17 15:37:10.334', 264545281, NULL, '');
INSERT INTO `ACT_HI_ACTINST` VALUES ('3d30c524-3029-11ea-9129-00163e2e65eb', 1, 'jsite_leave:1:4f0c4be1-2df3-11ea-aa23-c85b7643dd9e', '3d309e0e-3029-11ea-9129-00163e2e65eb', '3d30c523-3029-11ea-9129-00163e2e65eb', 'startevent1', NULL, NULL, '开始节点', 'startEvent', NULL, '2020-01-06 10:07:06.662', '2020-01-06 10:07:06.662', 0, NULL, '');
INSERT INTO `ACT_HI_ACTINST` VALUES ('3d30c525-3029-11ea-9129-00163e2e65eb', 2, 'jsite_leave:1:4f0c4be1-2df3-11ea-aa23-c85b7643dd9e', '3d309e0e-3029-11ea-9129-00163e2e65eb', '3d30c523-3029-11ea-9129-00163e2e65eb', 'leave_leader_audit', '3d30c526-3029-11ea-9129-00163e2e65eb', NULL, '领导审批', 'userTask', 'jsite', '2020-01-06 10:07:06.662', '2020-01-06 10:07:41.669', 35007, NULL, '');
INSERT INTO `ACT_HI_ACTINST` VALUES ('3e4bcf35-5184-11ea-9661-00163e2e65eb', 1, 'jsite_leave:1:4f0c4be1-2df3-11ea-aa23-c85b7643dd9e', '783cda15-2e95-11ea-9129-00163e2e65eb', '78400e6a-2e95-11ea-9129-00163e2e65eb', 'sid-D9CD09E3-6804-4B26-9DCE-31DC53B64E26', NULL, NULL, NULL, 'exclusiveGateway', NULL, '2020-02-17 20:51:41.091', '2020-02-17 20:51:41.091', 0, NULL, '');
INSERT INTO `ACT_HI_ACTINST` VALUES ('3e4bcf36-5184-11ea-9661-00163e2e65eb', 1, 'jsite_leave:1:4f0c4be1-2df3-11ea-aa23-c85b7643dd9e', '783cda15-2e95-11ea-9129-00163e2e65eb', '78400e6a-2e95-11ea-9129-00163e2e65eb', 'end', NULL, NULL, '流程结束', 'endEvent', NULL, '2020-02-17 20:51:41.091', '2020-02-17 20:51:41.091', 0, NULL, '');
INSERT INTO `ACT_HI_ACTINST` VALUES ('42dc395b-3694-11ea-aa63-00163e2e65eb', 1, 'jsite_leave:1:4f0c4be1-2df3-11ea-aa23-c85b7643dd9e', '264a7336-3678-11ea-aa63-00163e2e65eb', '264a733b-3678-11ea-aa63-00163e2e65eb', 'sid-D9CD09E3-6804-4B26-9DCE-31DC53B64E26', NULL, NULL, NULL, 'exclusiveGateway', NULL, '2020-01-14 14:08:19.301', '2020-01-14 14:08:19.301', 0, NULL, '');
INSERT INTO `ACT_HI_ACTINST` VALUES ('42dc395c-3694-11ea-aa63-00163e2e65eb', 1, 'jsite_leave:1:4f0c4be1-2df3-11ea-aa23-c85b7643dd9e', '264a7336-3678-11ea-aa63-00163e2e65eb', '264a733b-3678-11ea-aa63-00163e2e65eb', 'end', NULL, NULL, '流程结束', 'endEvent', NULL, '2020-01-14 14:08:19.301', '2020-01-14 14:08:19.302', 1, NULL, '');
INSERT INTO `ACT_HI_ACTINST` VALUES ('462d5222-58a3-11ea-9661-00163e2e65eb', 1, 'jsite_leave:2:be76cc18-52c6-11ea-8c7c-c85b7643dd9e', 'def0a034-562d-11ea-9661-00163e2e65eb', 'def0a039-562d-11ea-9661-00163e2e65eb', 'sid-52E803B4-4779-43D2-944C-3312F05EDEC0', NULL, NULL, NULL, 'exclusiveGateway', NULL, '2020-02-26 22:21:26.851', '2020-02-26 22:21:26.851', 0, NULL, '');
INSERT INTO `ACT_HI_ACTINST` VALUES ('462d5223-58a3-11ea-9661-00163e2e65eb', 2, 'jsite_leave:2:be76cc18-52c6-11ea-8c7c-c85b7643dd9e', 'def0a034-562d-11ea-9661-00163e2e65eb', 'def0a039-562d-11ea-9661-00163e2e65eb', 'leave_leader_audit', '462d5224-58a3-11ea-9661-00163e2e65eb', NULL, '领导审批', 'userTask', 'jsite', '2020-02-26 22:21:26.851', '2020-02-27 10:09:38.630', 42491779, NULL, '');
INSERT INTO `ACT_HI_ACTINST` VALUES ('48690370-4f9e-11ea-9661-00163e2e65eb', 1, 'jsite_leave:1:4f0c4be1-2df3-11ea-aa23-c85b7643dd9e', '4868dc5a-4f9e-11ea-9661-00163e2e65eb', '4869036f-4f9e-11ea-9661-00163e2e65eb', 'startevent1', NULL, NULL, '开始节点', 'startEvent', NULL, '2020-02-15 10:53:02.649', '2020-02-15 10:53:02.649', 0, NULL, '');
INSERT INTO `ACT_HI_ACTINST` VALUES ('48690371-4f9e-11ea-9661-00163e2e65eb', 2, 'jsite_leave:1:4f0c4be1-2df3-11ea-aa23-c85b7643dd9e', '4868dc5a-4f9e-11ea-9661-00163e2e65eb', '4869036f-4f9e-11ea-9661-00163e2e65eb', 'leave_leader_audit', '48690372-4f9e-11ea-9661-00163e2e65eb', NULL, '领导审批', 'userTask', 'jsite', '2020-02-15 10:53:02.649', '2020-02-18 17:27:55.008', 282892359, NULL, '');
INSERT INTO `ACT_HI_ACTINST` VALUES ('4a4f8e26-4e4c-11ea-9661-00163e2e65eb', 1, 'jsite_leave:1:4f0c4be1-2df3-11ea-aa23-c85b7643dd9e', '4a4f6710-4e4c-11ea-9661-00163e2e65eb', '4a4f8e25-4e4c-11ea-9661-00163e2e65eb', 'startevent1', NULL, NULL, '开始节点', 'startEvent', NULL, '2020-02-13 18:33:35.943', '2020-02-13 18:33:35.943', 0, NULL, '');
INSERT INTO `ACT_HI_ACTINST` VALUES ('4a4f8e27-4e4c-11ea-9661-00163e2e65eb', 2, 'jsite_leave:1:4f0c4be1-2df3-11ea-aa23-c85b7643dd9e', '4a4f6710-4e4c-11ea-9661-00163e2e65eb', '4a4f8e25-4e4c-11ea-9661-00163e2e65eb', 'leave_leader_audit', '4a4f8e28-4e4c-11ea-9661-00163e2e65eb', NULL, '领导审批', 'userTask', 'jsitehr', '2020-02-13 18:33:35.943', '2020-03-16 10:15:56.266', 2734940323, NULL, '');
INSERT INTO `ACT_HI_ACTINST` VALUES ('4f4e7369-4d82-11ea-9b4e-00163e2e65eb', 1, 'jsite_leave:1:4f0c4be1-2df3-11ea-aa23-c85b7643dd9e', 'd698a7fb-4d81-11ea-9b4e-00163e2e65eb', 'd698cf10-4d81-11ea-9b4e-00163e2e65eb', 'sid-D9CD09E3-6804-4B26-9DCE-31DC53B64E26', NULL, NULL, NULL, 'exclusiveGateway', NULL, '2020-02-12 18:27:45.985', '2020-02-12 18:27:45.985', 0, NULL, '');
INSERT INTO `ACT_HI_ACTINST` VALUES ('4f4e736a-4d82-11ea-9b4e-00163e2e65eb', 1, 'jsite_leave:1:4f0c4be1-2df3-11ea-aa23-c85b7643dd9e', 'd698a7fb-4d81-11ea-9b4e-00163e2e65eb', 'd698cf10-4d81-11ea-9b4e-00163e2e65eb', 'end', NULL, NULL, '流程结束', 'endEvent', NULL, '2020-02-12 18:27:45.985', '2020-02-12 18:27:45.985', 0, NULL, '');
INSERT INTO `ACT_HI_ACTINST` VALUES ('5045a06d-591f-11ea-9661-00163e2e65eb', 1, 'jsite_leave:2:be76cc18-52c6-11ea-8c7c-c85b7643dd9e', 'af905a8a-56af-11ea-9661-00163e2e65eb', 'af90819f-56af-11ea-9661-00163e2e65eb', 'sid-D9CD09E3-6804-4B26-9DCE-31DC53B64E26', NULL, NULL, NULL, 'exclusiveGateway', NULL, '2020-02-27 13:09:21.382', '2020-02-27 13:09:21.382', 0, NULL, '');
INSERT INTO `ACT_HI_ACTINST` VALUES ('5045a06e-591f-11ea-9661-00163e2e65eb', 1, 'jsite_leave:2:be76cc18-52c6-11ea-8c7c-c85b7643dd9e', 'af905a8a-56af-11ea-9661-00163e2e65eb', 'af90819f-56af-11ea-9661-00163e2e65eb', 'end', NULL, NULL, '流程结束', 'endEvent', NULL, '2020-02-27 13:09:21.382', '2020-02-27 13:09:21.382', 0, NULL, '');
INSERT INTO `ACT_HI_ACTINST` VALUES ('50e9705e-53c5-11ea-9661-00163e2e65eb', 1, 'jsite_leave:2:be76cc18-52c6-11ea-8c7c-c85b7643dd9e', 'e521e4ae-52ea-11ea-9661-00163e2e65eb', 'e5220bc3-52ea-11ea-9661-00163e2e65eb', 'sid-52E803B4-4779-43D2-944C-3312F05EDEC0', NULL, NULL, NULL, 'exclusiveGateway', NULL, '2020-02-20 17:42:31.936', '2020-02-20 17:42:31.936', 0, NULL, '');
INSERT INTO `ACT_HI_ACTINST` VALUES ('50e9705f-53c5-11ea-9661-00163e2e65eb', 2, 'jsite_leave:2:be76cc18-52c6-11ea-8c7c-c85b7643dd9e', 'e521e4ae-52ea-11ea-9661-00163e2e65eb', 'e5220bc3-52ea-11ea-9661-00163e2e65eb', 'leave_leader_audit', '50e97060-53c5-11ea-9661-00163e2e65eb', NULL, '领导审批', 'userTask', 'jsite', '2020-02-20 17:42:31.936', '2020-02-24 12:31:59.549', 326967613, NULL, '');
INSERT INTO `ACT_HI_ACTINST` VALUES ('520e6a1b-3029-11ea-9129-00163e2e65eb', 1, 'jsite_leave:1:4f0c4be1-2df3-11ea-aa23-c85b7643dd9e', '3d309e0e-3029-11ea-9129-00163e2e65eb', '3d30c523-3029-11ea-9129-00163e2e65eb', 'sid-D9CD09E3-6804-4B26-9DCE-31DC53B64E26', NULL, NULL, NULL, 'exclusiveGateway', NULL, '2020-01-06 10:07:41.669', '2020-01-06 10:07:41.670', 1, NULL, '');
INSERT INTO `ACT_HI_ACTINST` VALUES ('520e912c-3029-11ea-9129-00163e2e65eb', 2, 'jsite_leave:1:4f0c4be1-2df3-11ea-aa23-c85b7643dd9e', '3d309e0e-3029-11ea-9129-00163e2e65eb', '3d30c523-3029-11ea-9129-00163e2e65eb', 'adjustApply', '520e912d-3029-11ea-9129-00163e2e65eb', NULL, '调整申请', 'userTask', 'jsite', '2020-01-06 10:07:41.670', '2020-01-06 10:09:48.508', 126838, NULL, '');
INSERT INTO `ACT_HI_ACTINST` VALUES ('54602c85-4f9d-11ea-9661-00163e2e65eb', 1, 'jsite_leave:1:4f0c4be1-2df3-11ea-aa23-c85b7643dd9e', '5460056f-4f9d-11ea-9661-00163e2e65eb', '54602c84-4f9d-11ea-9661-00163e2e65eb', 'startevent1', NULL, NULL, '开始节点', 'startEvent', NULL, '2020-02-15 10:46:13.227', '2020-02-15 10:46:13.227', 0, NULL, '');
INSERT INTO `ACT_HI_ACTINST` VALUES ('54602c86-4f9d-11ea-9661-00163e2e65eb', 2, 'jsite_leave:1:4f0c4be1-2df3-11ea-aa23-c85b7643dd9e', '5460056f-4f9d-11ea-9661-00163e2e65eb', '54602c84-4f9d-11ea-9661-00163e2e65eb', 'leave_leader_audit', '54602c87-4f9d-11ea-9661-00163e2e65eb', NULL, '领导审批', 'userTask', 'jsitehr', '2020-02-15 10:46:13.227', '2020-03-09 14:58:28.780', 2002335553, NULL, '');
INSERT INTO `ACT_HI_ACTINST` VALUES ('5466d248-38fc-11ea-aa63-00163e2e65eb', 1, 'jsite_leave:1:4f0c4be1-2df3-11ea-aa23-c85b7643dd9e', 'ec0a0dfc-38fb-11ea-aa63-00163e2e65eb', 'ec0a0e01-38fb-11ea-aa63-00163e2e65eb', 'sid-D9CD09E3-6804-4B26-9DCE-31DC53B64E26', NULL, NULL, NULL, 'exclusiveGateway', NULL, '2020-01-17 15:38:18.716', '2020-01-17 15:38:18.716', 0, NULL, '');
INSERT INTO `ACT_HI_ACTINST` VALUES ('5466d249-38fc-11ea-aa63-00163e2e65eb', 1, 'jsite_leave:1:4f0c4be1-2df3-11ea-aa23-c85b7643dd9e', 'ec0a0dfc-38fb-11ea-aa63-00163e2e65eb', 'ec0a0e01-38fb-11ea-aa63-00163e2e65eb', 'end', NULL, NULL, '流程结束', 'endEvent', NULL, '2020-01-17 15:38:18.716', '2020-01-17 15:38:18.716', 0, NULL, '');
INSERT INTO `ACT_HI_ACTINST` VALUES ('5474f241-591f-11ea-9661-00163e2e65eb', 1, 'jsite_leave:1:4f0c4be1-2df3-11ea-aa23-c85b7643dd9e', 'f9e02281-38f5-11ea-aa63-00163e2e65eb', 'f9e02286-38f5-11ea-aa63-00163e2e65eb', 'sid-D9CD09E3-6804-4B26-9DCE-31DC53B64E26', NULL, NULL, NULL, 'exclusiveGateway', NULL, '2020-02-27 13:09:28.403', '2020-02-27 13:09:28.403', 0, NULL, '');
INSERT INTO `ACT_HI_ACTINST` VALUES ('5474f242-591f-11ea-9661-00163e2e65eb', 1, 'jsite_leave:1:4f0c4be1-2df3-11ea-aa23-c85b7643dd9e', 'f9e02281-38f5-11ea-aa63-00163e2e65eb', 'f9e02286-38f5-11ea-aa63-00163e2e65eb', 'end', NULL, NULL, '流程结束', 'endEvent', NULL, '2020-02-27 13:09:28.403', '2020-02-27 13:09:28.403', 0, NULL, '');
INSERT INTO `ACT_HI_ACTINST` VALUES ('5663132c-383f-11ea-aa63-00163e2e65eb', 1, 'jsite_leave:1:4f0c4be1-2df3-11ea-aa23-c85b7643dd9e', '56631326-383f-11ea-aa63-00163e2e65eb', '5663132b-383f-11ea-aa63-00163e2e65eb', 'startevent1', NULL, NULL, '开始节点', 'startEvent', NULL, '2020-01-16 17:05:27.165', '2020-01-16 17:05:27.165', 0, NULL, '');
INSERT INTO `ACT_HI_ACTINST` VALUES ('5663132d-383f-11ea-aa63-00163e2e65eb', 2, 'jsite_leave:1:4f0c4be1-2df3-11ea-aa23-c85b7643dd9e', '56631326-383f-11ea-aa63-00163e2e65eb', '5663132b-383f-11ea-aa63-00163e2e65eb', 'leave_leader_audit', '5663132e-383f-11ea-aa63-00163e2e65eb', NULL, '领导审批', 'userTask', 'jsitehr', '2020-01-16 17:05:27.165', '2020-02-27 13:10:28.818', 3614701653, NULL, '');
INSERT INTO `ACT_HI_ACTINST` VALUES ('572c4374-2df4-11ea-aa23-c85b7643dd9e', 1, 'jsite_leave:1:4f0c4be1-2df3-11ea-aa23-c85b7643dd9e', '79cea582-2df3-11ea-aa23-c85b7643dd9e', '79d02c27-2df3-11ea-aa23-c85b7643dd9e', 'sid-52E803B4-4779-43D2-944C-3312F05EDEC0', NULL, NULL, NULL, 'exclusiveGateway', NULL, '2020-01-03 14:43:24.601', '2020-01-03 14:43:24.601', 0, NULL, '');
INSERT INTO `ACT_HI_ACTINST` VALUES ('572c4375-2df4-11ea-aa23-c85b7643dd9e', 2, 'jsite_leave:1:4f0c4be1-2df3-11ea-aa23-c85b7643dd9e', '79cea582-2df3-11ea-aa23-c85b7643dd9e', '79d02c27-2df3-11ea-aa23-c85b7643dd9e', 'leave_leader_audit', '572c4376-2df4-11ea-aa23-c85b7643dd9e', NULL, '领导审批', 'userTask', 'jsite', '2020-01-03 14:43:24.601', '2020-01-03 14:44:02.001', 37400, NULL, '');
INSERT INTO `ACT_HI_ACTINST` VALUES ('5ba3be3d-4e4c-11ea-9661-00163e2e65eb', 1, 'jsite_leave:1:4f0c4be1-2df3-11ea-aa23-c85b7643dd9e', 'e08f1edf-4c97-11ea-9b4e-00163e2e65eb', 'e08f45f4-4c97-11ea-9b4e-00163e2e65eb', 'sid-D9CD09E3-6804-4B26-9DCE-31DC53B64E26', NULL, NULL, NULL, 'exclusiveGateway', NULL, '2020-02-13 18:34:05.016', '2020-02-13 18:34:05.018', 2, NULL, '');
INSERT INTO `ACT_HI_ACTINST` VALUES ('5ba40c5e-4e4c-11ea-9661-00163e2e65eb', 1, 'jsite_leave:1:4f0c4be1-2df3-11ea-aa23-c85b7643dd9e', 'e08f1edf-4c97-11ea-9b4e-00163e2e65eb', 'e08f45f4-4c97-11ea-9b4e-00163e2e65eb', 'end', NULL, NULL, '流程结束', 'endEvent', NULL, '2020-02-13 18:34:05.018', '2020-02-13 18:34:05.022', 4, NULL, '');
INSERT INTO `ACT_HI_ACTINST` VALUES ('5da64e4d-32b9-11ea-aa63-00163e2e65eb', 1, 'jsite_leave:1:4f0c4be1-2df3-11ea-aa23-c85b7643dd9e', '5da62737-32b9-11ea-aa63-00163e2e65eb', '5da64e4c-32b9-11ea-aa63-00163e2e65eb', 'startevent1', NULL, NULL, '开始节点', 'startEvent', NULL, '2020-01-09 16:23:50.974', '2020-01-09 16:23:50.974', 0, NULL, '');
INSERT INTO `ACT_HI_ACTINST` VALUES ('5da64e4e-32b9-11ea-aa63-00163e2e65eb', 1, 'jsite_leave:1:4f0c4be1-2df3-11ea-aa23-c85b7643dd9e', '5da62737-32b9-11ea-aa63-00163e2e65eb', '5da64e4c-32b9-11ea-aa63-00163e2e65eb', 'leave_leader_audit', '5da64e4f-32b9-11ea-aa63-00163e2e65eb', NULL, '领导审批', 'userTask', 'jsiteuser', '2020-01-09 16:23:50.974', NULL, NULL, NULL, '');
INSERT INTO `ACT_HI_ACTINST` VALUES ('5f793041-4e4c-11ea-9661-00163e2e65eb', 1, 'jsite_leave:1:4f0c4be1-2df3-11ea-aa23-c85b7643dd9e', 'c5247234-3156-11ea-9129-00163e2e65eb', 'c5247239-3156-11ea-9129-00163e2e65eb', 'sid-D9CD09E3-6804-4B26-9DCE-31DC53B64E26', NULL, NULL, NULL, 'exclusiveGateway', NULL, '2020-02-13 18:34:11.448', '2020-02-13 18:34:11.448', 0, NULL, '');
INSERT INTO `ACT_HI_ACTINST` VALUES ('5f793042-4e4c-11ea-9661-00163e2e65eb', 1, 'jsite_leave:1:4f0c4be1-2df3-11ea-aa23-c85b7643dd9e', 'c5247234-3156-11ea-9129-00163e2e65eb', 'c5247239-3156-11ea-9129-00163e2e65eb', 'end', NULL, NULL, '流程结束', 'endEvent', NULL, '2020-02-13 18:34:11.448', '2020-02-13 18:34:11.448', 0, NULL, '');
INSERT INTO `ACT_HI_ACTINST` VALUES ('615e8750-61d3-11ea-9661-00163e2e65eb', 1, 'jsite_leave:1:4f0c4be1-2df3-11ea-aa23-c85b7643dd9e', '5460056f-4f9d-11ea-9661-00163e2e65eb', '54602c84-4f9d-11ea-9661-00163e2e65eb', 'sid-D9CD09E3-6804-4B26-9DCE-31DC53B64E26', NULL, NULL, NULL, 'exclusiveGateway', NULL, '2020-03-09 14:58:28.780', '2020-03-09 14:58:28.780', 0, NULL, '');
INSERT INTO `ACT_HI_ACTINST` VALUES ('615e8751-61d3-11ea-9661-00163e2e65eb', 1, 'jsite_leave:1:4f0c4be1-2df3-11ea-aa23-c85b7643dd9e', '5460056f-4f9d-11ea-9661-00163e2e65eb', '54602c84-4f9d-11ea-9661-00163e2e65eb', 'end', NULL, NULL, '流程结束', 'endEvent', NULL, '2020-03-09 14:58:28.780', '2020-03-09 14:58:28.780', 0, NULL, '');
INSERT INTO `ACT_HI_ACTINST` VALUES ('63c779a4-5c69-11ea-9661-00163e2e65eb', 1, 'jsite_leave:1:4f0c4be1-2df3-11ea-aa23-c85b7643dd9e', '18a05841-517b-11ea-9661-00163e2e65eb', '18a05846-517b-11ea-9661-00163e2e65eb', 'sid-D9CD09E3-6804-4B26-9DCE-31DC53B64E26', NULL, NULL, NULL, 'exclusiveGateway', NULL, '2020-03-02 17:37:10.356', '2020-03-02 17:37:10.356', 0, NULL, '');
INSERT INTO `ACT_HI_ACTINST` VALUES ('63c779a5-5c69-11ea-9661-00163e2e65eb', 1, 'jsite_leave:1:4f0c4be1-2df3-11ea-aa23-c85b7643dd9e', '18a05841-517b-11ea-9661-00163e2e65eb', '18a05846-517b-11ea-9661-00163e2e65eb', 'end', NULL, NULL, '流程结束', 'endEvent', NULL, '2020-03-02 17:37:10.356', '2020-03-02 17:37:10.356', 0, NULL, '');
INSERT INTO `ACT_HI_ACTINST` VALUES ('6678f1fc-515a-11ea-9661-00163e2e65eb', 1, 'jsite_leave:1:4f0c4be1-2df3-11ea-aa23-c85b7643dd9e', '6678cae6-515a-11ea-9661-00163e2e65eb', '6678f1fb-515a-11ea-9661-00163e2e65eb', 'startevent1', NULL, NULL, '开始节点', 'startEvent', NULL, '2020-02-17 15:52:09.633', '2020-02-17 15:52:09.633', 0, NULL, '');
INSERT INTO `ACT_HI_ACTINST` VALUES ('6678f1fd-515a-11ea-9661-00163e2e65eb', 2, 'jsite_leave:1:4f0c4be1-2df3-11ea-aa23-c85b7643dd9e', '6678cae6-515a-11ea-9661-00163e2e65eb', '6678f1fb-515a-11ea-9661-00163e2e65eb', 'leave_leader_audit', '6678f1fe-515a-11ea-9661-00163e2e65eb', NULL, '领导审批', 'userTask', 'dept', '2020-02-17 15:52:09.633', '2020-02-18 13:28:31.387', 77781754, NULL, '');
INSERT INTO `ACT_HI_ACTINST` VALUES ('66bf8995-3827-11ea-aa63-00163e2e65eb', 1, 'jsite_leave:1:4f0c4be1-2df3-11ea-aa23-c85b7643dd9e', '66bf898f-3827-11ea-aa63-00163e2e65eb', '66bf8994-3827-11ea-aa63-00163e2e65eb', 'startevent1', NULL, NULL, '开始节点', 'startEvent', NULL, '2020-01-16 14:14:06.693', '2020-01-16 14:14:06.694', 1, NULL, '');
INSERT INTO `ACT_HI_ACTINST` VALUES ('66bfb0a6-3827-11ea-aa63-00163e2e65eb', 1, 'jsite_leave:1:4f0c4be1-2df3-11ea-aa23-c85b7643dd9e', '66bf898f-3827-11ea-aa63-00163e2e65eb', '66bf8994-3827-11ea-aa63-00163e2e65eb', 'leave_leader_audit', '66bfb0a7-3827-11ea-aa63-00163e2e65eb', NULL, '领导审批', 'userTask', 'jsitehr', '2020-01-16 14:14:06.694', NULL, NULL, NULL, '');
INSERT INTO `ACT_HI_ACTINST` VALUES ('6905f188-5c69-11ea-9661-00163e2e65eb', 1, 'jsite_leave:1:4f0c4be1-2df3-11ea-aa23-c85b7643dd9e', '56631326-383f-11ea-aa63-00163e2e65eb', '5663132b-383f-11ea-aa63-00163e2e65eb', 'sid-D9CD09E3-6804-4B26-9DCE-31DC53B64E26', NULL, NULL, NULL, 'exclusiveGateway', NULL, '2020-03-02 17:37:19.154', '2020-03-02 17:37:19.155', 1, NULL, '');
INSERT INTO `ACT_HI_ACTINST` VALUES ('69061899-5c69-11ea-9661-00163e2e65eb', 2, 'jsite_leave:1:4f0c4be1-2df3-11ea-aa23-c85b7643dd9e', '56631326-383f-11ea-aa63-00163e2e65eb', '5663132b-383f-11ea-aa63-00163e2e65eb', 'adjustApply', '6906189a-5c69-11ea-9661-00163e2e65eb', NULL, '调整申请', 'userTask', 'jsite', '2020-03-02 17:37:19.155', '2020-03-03 17:24:17.528', 85618373, NULL, '');
INSERT INTO `ACT_HI_ACTINST` VALUES ('6a196e3d-56a7-11ea-9661-00163e2e65eb', 1, 'jsite_leave:2:be76cc18-52c6-11ea-8c7c-c85b7643dd9e', 'def0a034-562d-11ea-9661-00163e2e65eb', 'def0a039-562d-11ea-9661-00163e2e65eb', 'sid-D9CD09E3-6804-4B26-9DCE-31DC53B64E26', NULL, NULL, NULL, 'exclusiveGateway', NULL, '2020-02-24 09:46:02.780', '2020-02-24 09:46:02.780', 0, NULL, '');
INSERT INTO `ACT_HI_ACTINST` VALUES ('6a196e3e-56a7-11ea-9661-00163e2e65eb', 2, 'jsite_leave:2:be76cc18-52c6-11ea-8c7c-c85b7643dd9e', 'def0a034-562d-11ea-9661-00163e2e65eb', 'def0a039-562d-11ea-9661-00163e2e65eb', 'adjustApply', '6a196e3f-56a7-11ea-9661-00163e2e65eb', NULL, '调整申请', 'userTask', 'dept', '2020-02-24 09:46:02.780', '2020-02-26 22:21:26.850', 218124070, NULL, '');
INSERT INTO `ACT_HI_ACTINST` VALUES ('6a63a8c4-52f6-11ea-9661-00163e2e65eb', 1, 'jsite_leave:2:be76cc18-52c6-11ea-8c7c-c85b7643dd9e', 'e521e4ae-52ea-11ea-9661-00163e2e65eb', 'e5220bc3-52ea-11ea-9661-00163e2e65eb', 'sid-D9CD09E3-6804-4B26-9DCE-31DC53B64E26', NULL, NULL, NULL, 'exclusiveGateway', NULL, '2020-02-19 17:01:28.857', '2020-02-19 17:01:28.857', 0, NULL, '');
INSERT INTO `ACT_HI_ACTINST` VALUES ('6a63a8c5-52f6-11ea-9661-00163e2e65eb', 2, 'jsite_leave:2:be76cc18-52c6-11ea-8c7c-c85b7643dd9e', 'e521e4ae-52ea-11ea-9661-00163e2e65eb', 'e5220bc3-52ea-11ea-9661-00163e2e65eb', 'adjustApply', '6a63cfd6-52f6-11ea-9661-00163e2e65eb', NULL, '调整申请', 'userTask', 'jsite', '2020-02-19 17:01:28.857', '2020-02-20 17:42:31.936', 88863079, NULL, '');
INSERT INTO `ACT_HI_ACTINST` VALUES ('6ba6de75-5a21-11ea-9661-00163e2e65eb', 1, 'jsite_leave:1:4f0c4be1-2df3-11ea-aa23-c85b7643dd9e', '18a05841-517b-11ea-9661-00163e2e65eb', '18a05846-517b-11ea-9661-00163e2e65eb', 'sid-52E803B4-4779-43D2-944C-3312F05EDEC0', NULL, NULL, NULL, 'exclusiveGateway', NULL, '2020-02-28 19:56:57.474', '2020-02-28 19:56:57.474', 0, NULL, '');
INSERT INTO `ACT_HI_ACTINST` VALUES ('6ba6de76-5a21-11ea-9661-00163e2e65eb', 2, 'jsite_leave:1:4f0c4be1-2df3-11ea-aa23-c85b7643dd9e', '18a05841-517b-11ea-9661-00163e2e65eb', '18a05846-517b-11ea-9661-00163e2e65eb', 'leave_leader_audit', '6ba6de77-5a21-11ea-9661-00163e2e65eb', NULL, '领导审批', 'userTask', 'jsitehr', '2020-02-28 19:56:57.474', '2020-03-02 17:37:10.356', 250812882, NULL, '');
INSERT INTO `ACT_HI_ACTINST` VALUES ('6d773409-2df4-11ea-aa23-c85b7643dd9e', 1, 'jsite_leave:1:4f0c4be1-2df3-11ea-aa23-c85b7643dd9e', '79cea582-2df3-11ea-aa23-c85b7643dd9e', '79d02c27-2df3-11ea-aa23-c85b7643dd9e', 'sid-D9CD09E3-6804-4B26-9DCE-31DC53B64E26', NULL, NULL, NULL, 'exclusiveGateway', NULL, '2020-01-03 14:44:02.002', '2020-01-03 14:44:02.002', 0, NULL, '');
INSERT INTO `ACT_HI_ACTINST` VALUES ('6d77340a-2df4-11ea-aa23-c85b7643dd9e', 1, 'jsite_leave:1:4f0c4be1-2df3-11ea-aa23-c85b7643dd9e', '79cea582-2df3-11ea-aa23-c85b7643dd9e', '79d02c27-2df3-11ea-aa23-c85b7643dd9e', 'end', NULL, NULL, '流程结束', 'endEvent', NULL, '2020-01-03 14:44:02.002', '2020-01-03 14:44:02.004', 2, NULL, '');
INSERT INTO `ACT_HI_ACTINST` VALUES ('70803b81-337a-11ea-aa63-00163e2e65eb', 1, 'jsite_leave:1:4f0c4be1-2df3-11ea-aa23-c85b7643dd9e', 'aa3c297d-3349-11ea-aa63-00163e2e65eb', 'aa3c2982-3349-11ea-aa63-00163e2e65eb', 'sid-D9CD09E3-6804-4B26-9DCE-31DC53B64E26', NULL, NULL, NULL, 'exclusiveGateway', NULL, '2020-01-10 15:25:55.470', '2020-01-10 15:25:55.471', 1, NULL, '');
INSERT INTO `ACT_HI_ACTINST` VALUES ('70806292-337a-11ea-aa63-00163e2e65eb', 1, 'jsite_leave:1:4f0c4be1-2df3-11ea-aa23-c85b7643dd9e', 'aa3c297d-3349-11ea-aa63-00163e2e65eb', 'aa3c2982-3349-11ea-aa63-00163e2e65eb', 'end', NULL, NULL, '流程结束', 'endEvent', NULL, '2020-01-10 15:25:55.471', '2020-01-10 15:25:55.473', 2, NULL, '');
INSERT INTO `ACT_HI_ACTINST` VALUES ('7842a67b-2e95-11ea-9129-00163e2e65eb', 1, 'jsite_leave:1:4f0c4be1-2df3-11ea-aa23-c85b7643dd9e', '783cda15-2e95-11ea-9129-00163e2e65eb', '78400e6a-2e95-11ea-9129-00163e2e65eb', 'startevent1', NULL, NULL, '开始节点', 'startEvent', NULL, '2020-01-04 09:56:49.086', '2020-01-04 09:56:49.092', 6, NULL, '');
INSERT INTO `ACT_HI_ACTINST` VALUES ('7843defc-2e95-11ea-9129-00163e2e65eb', 2, 'jsite_leave:1:4f0c4be1-2df3-11ea-aa23-c85b7643dd9e', '783cda15-2e95-11ea-9129-00163e2e65eb', '78400e6a-2e95-11ea-9129-00163e2e65eb', 'leave_leader_audit', '784d2dcd-2e95-11ea-9129-00163e2e65eb', NULL, '领导审批', 'userTask', 'dept', '2020-01-04 09:56:49.094', '2020-01-06 14:56:15.732', 190766638, NULL, '');
INSERT INTO `ACT_HI_ACTINST` VALUES ('78778b3e-591f-11ea-9661-00163e2e65eb', 1, 'jsite_leave:1:4f0c4be1-2df3-11ea-aa23-c85b7643dd9e', '56631326-383f-11ea-aa63-00163e2e65eb', '5663132b-383f-11ea-aa63-00163e2e65eb', 'sid-D9CD09E3-6804-4B26-9DCE-31DC53B64E26', NULL, NULL, NULL, 'exclusiveGateway', NULL, '2020-02-27 13:10:28.818', '2020-02-27 13:10:28.818', 0, NULL, '');
INSERT INTO `ACT_HI_ACTINST` VALUES ('78778b3f-591f-11ea-9661-00163e2e65eb', 2, 'jsite_leave:1:4f0c4be1-2df3-11ea-aa23-c85b7643dd9e', '56631326-383f-11ea-aa63-00163e2e65eb', '5663132b-383f-11ea-aa63-00163e2e65eb', 'adjustApply', '78778b40-591f-11ea-9661-00163e2e65eb', NULL, '调整申请', 'userTask', 'jsite', '2020-02-27 13:10:28.818', '2020-02-28 09:51:41.121', 74472303, NULL, '');
INSERT INTO `ACT_HI_ACTINST` VALUES ('79d0c868-2df3-11ea-aa23-c85b7643dd9e', 1, 'jsite_leave:1:4f0c4be1-2df3-11ea-aa23-c85b7643dd9e', '79cea582-2df3-11ea-aa23-c85b7643dd9e', '79d02c27-2df3-11ea-aa23-c85b7643dd9e', 'startevent1', NULL, NULL, '开始节点', 'startEvent', NULL, '2020-01-03 14:37:13.226', '2020-01-03 14:37:13.229', 3, NULL, '');
INSERT INTO `ACT_HI_ACTINST` VALUES ('79d1d9d9-2df3-11ea-aa23-c85b7643dd9e', 2, 'jsite_leave:1:4f0c4be1-2df3-11ea-aa23-c85b7643dd9e', '79cea582-2df3-11ea-aa23-c85b7643dd9e', '79d02c27-2df3-11ea-aa23-c85b7643dd9e', 'leave_leader_audit', '79d709fa-2df3-11ea-aa23-c85b7643dd9e', NULL, '领导审批', 'userTask', 'jsite', '2020-01-03 14:37:13.232', '2020-01-03 14:41:12.272', 239040, NULL, '');
INSERT INTO `ACT_HI_ACTINST` VALUES ('7c8a32cb-35d1-11ea-aa63-00163e2e65eb', 1, 'jsite_leave:1:4f0c4be1-2df3-11ea-aa23-c85b7643dd9e', '7c8a32c5-35d1-11ea-aa63-00163e2e65eb', '7c8a32ca-35d1-11ea-aa63-00163e2e65eb', 'startevent1', NULL, NULL, '开始节点', 'startEvent', NULL, '2020-01-13 14:54:04.209', '2020-01-13 14:54:04.209', 0, NULL, '');
INSERT INTO `ACT_HI_ACTINST` VALUES ('7c8a59dc-35d1-11ea-aa63-00163e2e65eb', 2, 'jsite_leave:1:4f0c4be1-2df3-11ea-aa23-c85b7643dd9e', '7c8a32c5-35d1-11ea-aa63-00163e2e65eb', '7c8a32ca-35d1-11ea-aa63-00163e2e65eb', 'leave_leader_audit', '7c8a59dd-35d1-11ea-aa63-00163e2e65eb', NULL, '领导审批', 'userTask', 'jsite', '2020-01-13 14:54:04.210', '2020-01-13 15:24:20.827', 1816617, NULL, '');
INSERT INTO `ACT_HI_ACTINST` VALUES ('8002b6b9-520f-11ea-9661-00163e2e65eb', 1, 'jsite_leave:1:4f0c4be1-2df3-11ea-aa23-c85b7643dd9e', '6678cae6-515a-11ea-9661-00163e2e65eb', '6678f1fb-515a-11ea-9661-00163e2e65eb', 'sid-D9CD09E3-6804-4B26-9DCE-31DC53B64E26', NULL, NULL, NULL, 'exclusiveGateway', NULL, '2020-02-18 13:28:31.387', '2020-02-18 13:28:31.387', 0, NULL, '');
INSERT INTO `ACT_HI_ACTINST` VALUES ('8002b6ba-520f-11ea-9661-00163e2e65eb', 1, 'jsite_leave:1:4f0c4be1-2df3-11ea-aa23-c85b7643dd9e', '6678cae6-515a-11ea-9661-00163e2e65eb', '6678f1fb-515a-11ea-9661-00163e2e65eb', 'end', NULL, NULL, '流程结束', 'endEvent', NULL, '2020-02-18 13:28:31.387', '2020-02-18 13:28:31.387', 0, NULL, '');
INSERT INTO `ACT_HI_ACTINST` VALUES ('829118f9-3387-11ea-aa63-00163e2e65eb', 1, 'jsite_leave:1:4f0c4be1-2df3-11ea-aa23-c85b7643dd9e', '8290f1e3-3387-11ea-aa63-00163e2e65eb', '829118f8-3387-11ea-aa63-00163e2e65eb', 'startevent1', NULL, NULL, '开始节点', 'startEvent', NULL, '2020-01-10 16:59:29.237', '2020-01-10 16:59:29.237', 0, NULL, '');
INSERT INTO `ACT_HI_ACTINST` VALUES ('829118fa-3387-11ea-aa63-00163e2e65eb', 1, 'jsite_leave:1:4f0c4be1-2df3-11ea-aa23-c85b7643dd9e', '8290f1e3-3387-11ea-aa63-00163e2e65eb', '829118f8-3387-11ea-aa63-00163e2e65eb', 'leave_leader_audit', '829118fb-3387-11ea-aa63-00163e2e65eb', NULL, '领导审批', 'userTask', 'jsitehr', '2020-01-10 16:59:29.237', NULL, NULL, NULL, '');
INSERT INTO `ACT_HI_ACTINST` VALUES ('8d147161-3387-11ea-aa63-00163e2e65eb', 1, 'jsite_leave:1:4f0c4be1-2df3-11ea-aa23-c85b7643dd9e', '0ad9c74c-3223-11ea-aa63-00163e2e65eb', '0ad9c751-3223-11ea-aa63-00163e2e65eb', 'sid-D9CD09E3-6804-4B26-9DCE-31DC53B64E26', NULL, NULL, NULL, 'exclusiveGateway', NULL, '2020-01-10 16:59:46.875', '2020-01-10 16:59:46.876', 1, NULL, '');
INSERT INTO `ACT_HI_ACTINST` VALUES ('8d149872-3387-11ea-aa63-00163e2e65eb', 2, 'jsite_leave:1:4f0c4be1-2df3-11ea-aa23-c85b7643dd9e', '0ad9c74c-3223-11ea-aa63-00163e2e65eb', '0ad9c751-3223-11ea-aa63-00163e2e65eb', 'adjustApply', '8d149873-3387-11ea-aa63-00163e2e65eb', NULL, '调整申请', 'userTask', 'jsite', '2020-01-10 16:59:46.876', '2020-01-13 15:23:45.375', 253438499, NULL, '');
INSERT INTO `ACT_HI_ACTINST` VALUES ('8db9e169-3379-11ea-aa63-00163e2e65eb', 1, 'jsite_leave:1:4f0c4be1-2df3-11ea-aa23-c85b7643dd9e', '8db9ba53-3379-11ea-aa63-00163e2e65eb', '8db9e168-3379-11ea-aa63-00163e2e65eb', 'startevent1', NULL, NULL, '开始节点', 'startEvent', NULL, '2020-01-10 15:19:35.005', '2020-01-10 15:19:35.005', 0, NULL, '');
INSERT INTO `ACT_HI_ACTINST` VALUES ('8db9e16a-3379-11ea-aa63-00163e2e65eb', 1, 'jsite_leave:1:4f0c4be1-2df3-11ea-aa23-c85b7643dd9e', '8db9ba53-3379-11ea-aa63-00163e2e65eb', '8db9e168-3379-11ea-aa63-00163e2e65eb', 'leave_leader_audit', '8db9e16b-3379-11ea-aa63-00163e2e65eb', NULL, '领导审批', 'userTask', 'jsitehr', '2020-01-10 15:19:35.005', NULL, NULL, NULL, '');
INSERT INTO `ACT_HI_ACTINST` VALUES ('90239b26-35d5-11ea-aa63-00163e2e65eb', 1, 'jsite_leave:1:4f0c4be1-2df3-11ea-aa23-c85b7643dd9e', '90237410-35d5-11ea-aa63-00163e2e65eb', '90237415-35d5-11ea-aa63-00163e2e65eb', 'startevent1', NULL, NULL, '开始节点', 'startEvent', NULL, '2020-01-13 15:23:15.078', '2020-01-13 15:23:15.078', 0, NULL, '');
INSERT INTO `ACT_HI_ACTINST` VALUES ('90239b27-35d5-11ea-aa63-00163e2e65eb', 2, 'jsite_leave:1:4f0c4be1-2df3-11ea-aa23-c85b7643dd9e', '90237410-35d5-11ea-aa63-00163e2e65eb', '90237415-35d5-11ea-aa63-00163e2e65eb', 'leave_leader_audit', '90239b28-35d5-11ea-aa63-00163e2e65eb', NULL, '领导审批', 'userTask', 'jsite', '2020-01-13 15:23:15.078', '2020-01-13 15:24:11.692', 56614, NULL, '');
INSERT INTO `ACT_HI_ACTINST` VALUES ('917e4c43-3678-11ea-aa63-00163e2e65eb', 1, 'jsite_leave:1:4f0c4be1-2df3-11ea-aa23-c85b7643dd9e', '979e7168-3368-11ea-aa63-00163e2e65eb', '979e716d-3368-11ea-aa63-00163e2e65eb', 'sid-D9CD09E3-6804-4B26-9DCE-31DC53B64E26', NULL, NULL, NULL, 'exclusiveGateway', NULL, '2020-01-14 10:50:05.317', '2020-01-14 10:50:05.317', 0, NULL, '');
INSERT INTO `ACT_HI_ACTINST` VALUES ('917e7354-3678-11ea-aa63-00163e2e65eb', 2, 'jsite_leave:1:4f0c4be1-2df3-11ea-aa23-c85b7643dd9e', '979e7168-3368-11ea-aa63-00163e2e65eb', '979e716d-3368-11ea-aa63-00163e2e65eb', 'adjustApply', '917e7355-3678-11ea-aa63-00163e2e65eb', NULL, '调整申请', 'userTask', 'jsite', '2020-01-14 10:50:05.318', '2020-01-14 14:08:05.053', 11879735, NULL, '');
INSERT INTO `ACT_HI_ACTINST` VALUES ('94f25b82-312a-11ea-9129-00163e2e65eb', 1, 'jsite_leave:1:4f0c4be1-2df3-11ea-aa23-c85b7643dd9e', '3414bed4-3046-11ea-9129-00163e2e65eb', '3414bed9-3046-11ea-9129-00163e2e65eb', 'sid-D9CD09E3-6804-4B26-9DCE-31DC53B64E26', NULL, NULL, NULL, 'exclusiveGateway', NULL, '2020-01-07 16:49:14.552', '2020-01-07 16:49:14.552', 0, NULL, '');
INSERT INTO `ACT_HI_ACTINST` VALUES ('94f25b83-312a-11ea-9129-00163e2e65eb', 1, 'jsite_leave:1:4f0c4be1-2df3-11ea-aa23-c85b7643dd9e', '3414bed4-3046-11ea-9129-00163e2e65eb', '3414bed9-3046-11ea-9129-00163e2e65eb', 'end', NULL, NULL, '流程结束', 'endEvent', NULL, '2020-01-07 16:49:14.552', '2020-01-07 16:49:14.552', 0, NULL, '');
INSERT INTO `ACT_HI_ACTINST` VALUES ('979e716e-3368-11ea-aa63-00163e2e65eb', 1, 'jsite_leave:1:4f0c4be1-2df3-11ea-aa23-c85b7643dd9e', '979e7168-3368-11ea-aa63-00163e2e65eb', '979e716d-3368-11ea-aa63-00163e2e65eb', 'startevent1', NULL, NULL, '开始节点', 'startEvent', NULL, '2020-01-10 13:18:10.158', '2020-01-10 13:18:10.158', 0, NULL, '');
INSERT INTO `ACT_HI_ACTINST` VALUES ('979e716f-3368-11ea-aa63-00163e2e65eb', 2, 'jsite_leave:1:4f0c4be1-2df3-11ea-aa23-c85b7643dd9e', '979e7168-3368-11ea-aa63-00163e2e65eb', '979e716d-3368-11ea-aa63-00163e2e65eb', 'leave_leader_audit', '979e9880-3368-11ea-aa63-00163e2e65eb', NULL, '领导审批', 'userTask', 'dept', '2020-01-10 13:18:10.158', '2020-01-14 10:50:05.317', 336715159, NULL, '');
INSERT INTO `ACT_HI_ACTINST` VALUES ('98cbcf67-56be-11ea-9661-00163e2e65eb', 1, 'jsite_leave:2:be76cc18-52c6-11ea-8c7c-c85b7643dd9e', 'e521e4ae-52ea-11ea-9661-00163e2e65eb', 'e5220bc3-52ea-11ea-9661-00163e2e65eb', 'sid-D9CD09E3-6804-4B26-9DCE-31DC53B64E26', NULL, NULL, NULL, 'exclusiveGateway', NULL, '2020-02-24 12:31:59.549', '2020-02-24 12:31:59.549', 0, NULL, '');
INSERT INTO `ACT_HI_ACTINST` VALUES ('98cbcf68-56be-11ea-9661-00163e2e65eb', 1, 'jsite_leave:2:be76cc18-52c6-11ea-8c7c-c85b7643dd9e', 'e521e4ae-52ea-11ea-9661-00163e2e65eb', 'e5220bc3-52ea-11ea-9661-00163e2e65eb', 'end', NULL, NULL, '流程结束', 'endEvent', NULL, '2020-02-24 12:31:59.549', '2020-02-24 12:31:59.549', 0, NULL, '');
INSERT INTO `ACT_HI_ACTINST` VALUES ('9a352434-52df-11ea-9661-00163e2e65eb', 1, 'jsite_leave:1:4f0c4be1-2df3-11ea-aa23-c85b7643dd9e', '1f538bd4-4f9d-11ea-9661-00163e2e65eb', '1f538bd9-4f9d-11ea-9661-00163e2e65eb', 'sid-D9CD09E3-6804-4B26-9DCE-31DC53B64E26', NULL, NULL, NULL, 'exclusiveGateway', NULL, '2020-02-19 14:18:10.658', '2020-02-19 14:18:10.658', 0, NULL, '');
INSERT INTO `ACT_HI_ACTINST` VALUES ('9a352435-52df-11ea-9661-00163e2e65eb', 1, 'jsite_leave:1:4f0c4be1-2df3-11ea-aa23-c85b7643dd9e', '1f538bd4-4f9d-11ea-9661-00163e2e65eb', '1f538bd9-4f9d-11ea-9661-00163e2e65eb', 'end', NULL, NULL, '流程结束', 'endEvent', NULL, '2020-02-19 14:18:10.658', '2020-02-19 14:18:10.658', 0, NULL, '');
INSERT INTO `ACT_HI_ACTINST` VALUES ('9b6fe4ce-517b-11ea-9661-00163e2e65eb', 1, 'jsite_leave:1:4f0c4be1-2df3-11ea-aa23-c85b7643dd9e', '18a05841-517b-11ea-9661-00163e2e65eb', '18a05846-517b-11ea-9661-00163e2e65eb', 'sid-D9CD09E3-6804-4B26-9DCE-31DC53B64E26', NULL, NULL, NULL, 'exclusiveGateway', NULL, '2020-02-17 19:49:51.885', '2020-02-17 19:49:51.885', 0, NULL, '');
INSERT INTO `ACT_HI_ACTINST` VALUES ('9b6fe4cf-517b-11ea-9661-00163e2e65eb', 2, 'jsite_leave:1:4f0c4be1-2df3-11ea-aa23-c85b7643dd9e', '18a05841-517b-11ea-9661-00163e2e65eb', '18a05846-517b-11ea-9661-00163e2e65eb', 'adjustApply', '9b700ae0-517b-11ea-9661-00163e2e65eb', NULL, '调整申请', 'userTask', 'dept', '2020-02-17 19:49:51.885', '2020-02-28 19:56:57.474', 950825589, NULL, '');
INSERT INTO `ACT_HI_ACTINST` VALUES ('9da88290-3029-11ea-9129-00163e2e65eb', 1, 'jsite_leave:1:4f0c4be1-2df3-11ea-aa23-c85b7643dd9e', '3d309e0e-3029-11ea-9129-00163e2e65eb', '3d30c523-3029-11ea-9129-00163e2e65eb', 'sid-52E803B4-4779-43D2-944C-3312F05EDEC0', NULL, NULL, NULL, 'exclusiveGateway', NULL, '2020-01-06 10:09:48.509', '2020-01-06 10:09:48.509', 0, NULL, '');
INSERT INTO `ACT_HI_ACTINST` VALUES ('9da8a9a1-3029-11ea-9129-00163e2e65eb', 2, 'jsite_leave:1:4f0c4be1-2df3-11ea-aa23-c85b7643dd9e', '3d309e0e-3029-11ea-9129-00163e2e65eb', '3d30c523-3029-11ea-9129-00163e2e65eb', 'leave_leader_audit', '9da8a9a2-3029-11ea-9129-00163e2e65eb', NULL, '领导审批', 'userTask', 'jsite', '2020-01-06 10:09:48.509', '2020-01-07 14:48:24.519', 103116010, NULL, '');
INSERT INTO `ACT_HI_ACTINST` VALUES ('a0af89e1-2df4-11ea-aa23-c85b7643dd9e', 1, 'jsite_leave:1:4f0c4be1-2df3-11ea-aa23-c85b7643dd9e', 'a0af89db-2df4-11ea-aa23-c85b7643dd9e', 'a0af89e0-2df4-11ea-aa23-c85b7643dd9e', 'startevent1', NULL, NULL, '开始节点', 'startEvent', NULL, '2020-01-03 14:45:27.935', '2020-01-03 14:45:27.936', 1, NULL, '');
INSERT INTO `ACT_HI_ACTINST` VALUES ('a0afb0f2-2df4-11ea-aa23-c85b7643dd9e', 2, 'jsite_leave:1:4f0c4be1-2df3-11ea-aa23-c85b7643dd9e', 'a0af89db-2df4-11ea-aa23-c85b7643dd9e', 'a0af89e0-2df4-11ea-aa23-c85b7643dd9e', 'leave_leader_audit', 'a0afb0f3-2df4-11ea-aa23-c85b7643dd9e', NULL, '领导审批', 'userTask', 'dept', '2020-01-03 14:45:27.936', '2020-01-17 15:37:25.738', 1212717802, NULL, '');
INSERT INTO `ACT_HI_ACTINST` VALUES ('a20ac421-3051-11ea-9129-00163e2e65eb', 1, 'jsite_leave:1:4f0c4be1-2df3-11ea-aa23-c85b7643dd9e', '783cda15-2e95-11ea-9129-00163e2e65eb', '78400e6a-2e95-11ea-9129-00163e2e65eb', 'sid-D9CD09E3-6804-4B26-9DCE-31DC53B64E26', NULL, NULL, NULL, 'exclusiveGateway', NULL, '2020-01-06 14:56:15.732', '2020-01-06 14:56:15.732', 0, NULL, '');
INSERT INTO `ACT_HI_ACTINST` VALUES ('a20ac422-3051-11ea-9129-00163e2e65eb', 2, 'jsite_leave:1:4f0c4be1-2df3-11ea-aa23-c85b7643dd9e', '783cda15-2e95-11ea-9129-00163e2e65eb', '78400e6a-2e95-11ea-9129-00163e2e65eb', 'adjustApply', 'a20ac423-3051-11ea-9129-00163e2e65eb', NULL, '调整申请', 'userTask', 'jsite', '2020-01-06 14:56:15.732', '2020-01-06 14:57:07.099', 51367, NULL, '');
INSERT INTO `ACT_HI_ACTINST` VALUES ('a2328fbd-35d5-11ea-aa63-00163e2e65eb', 1, 'jsite_leave:1:4f0c4be1-2df3-11ea-aa23-c85b7643dd9e', '0ad9c74c-3223-11ea-aa63-00163e2e65eb', '0ad9c751-3223-11ea-aa63-00163e2e65eb', 'sid-52E803B4-4779-43D2-944C-3312F05EDEC0', NULL, NULL, NULL, 'exclusiveGateway', NULL, '2020-01-13 15:23:45.375', '2020-01-13 15:23:45.375', 0, NULL, '');
INSERT INTO `ACT_HI_ACTINST` VALUES ('a2328fbe-35d5-11ea-aa63-00163e2e65eb', 2, 'jsite_leave:1:4f0c4be1-2df3-11ea-aa23-c85b7643dd9e', '0ad9c74c-3223-11ea-aa63-00163e2e65eb', '0ad9c751-3223-11ea-aa63-00163e2e65eb', 'leave_leader_audit', 'a2328fbf-35d5-11ea-aa63-00163e2e65eb', NULL, '领导审批', 'userTask', 'jsite', '2020-01-13 15:23:45.375', '2020-01-13 15:24:04.084', 18709, NULL, '');
INSERT INTO `ACT_HI_ACTINST` VALUES ('aa3c2983-3349-11ea-aa63-00163e2e65eb', 1, 'jsite_leave:1:4f0c4be1-2df3-11ea-aa23-c85b7643dd9e', 'aa3c297d-3349-11ea-aa63-00163e2e65eb', 'aa3c2982-3349-11ea-aa63-00163e2e65eb', 'startevent1', NULL, NULL, '开始节点', 'startEvent', NULL, '2020-01-10 09:36:46.992', '2020-01-10 09:36:46.993', 1, NULL, '');
INSERT INTO `ACT_HI_ACTINST` VALUES ('aa3c5094-3349-11ea-aa63-00163e2e65eb', 2, 'jsite_leave:1:4f0c4be1-2df3-11ea-aa23-c85b7643dd9e', 'aa3c297d-3349-11ea-aa63-00163e2e65eb', 'aa3c2982-3349-11ea-aa63-00163e2e65eb', 'leave_leader_audit', 'aa3c5095-3349-11ea-aa63-00163e2e65eb', NULL, '领导审批', 'userTask', 'jsite', '2020-01-10 09:36:46.993', '2020-01-10 15:25:55.470', 20948477, NULL, '');
INSERT INTO `ACT_HI_ACTINST` VALUES ('ad595413-35d5-11ea-aa63-00163e2e65eb', 1, 'jsite_leave:1:4f0c4be1-2df3-11ea-aa23-c85b7643dd9e', '0ad9c74c-3223-11ea-aa63-00163e2e65eb', '0ad9c751-3223-11ea-aa63-00163e2e65eb', 'sid-D9CD09E3-6804-4B26-9DCE-31DC53B64E26', NULL, NULL, NULL, 'exclusiveGateway', NULL, '2020-01-13 15:24:04.084', '2020-01-13 15:24:04.084', 0, NULL, '');
INSERT INTO `ACT_HI_ACTINST` VALUES ('ad595414-35d5-11ea-aa63-00163e2e65eb', 1, 'jsite_leave:1:4f0c4be1-2df3-11ea-aa23-c85b7643dd9e', '0ad9c74c-3223-11ea-aa63-00163e2e65eb', '0ad9c751-3223-11ea-aa63-00163e2e65eb', 'end', NULL, NULL, '流程结束', 'endEvent', NULL, '2020-01-13 15:24:04.084', '2020-01-13 15:24:04.085', 1, NULL, '');
INSERT INTO `ACT_HI_ACTINST` VALUES ('aed9303f-52c7-11ea-8c7c-c85b7643dd9e', 1, 'jsite_leave:2:be76cc18-52c6-11ea-8c7c-c85b7643dd9e', 'aed40019-52c7-11ea-8c7c-c85b7643dd9e', 'aed81ece-52c7-11ea-8c7c-c85b7643dd9e', 'startevent1', NULL, NULL, '开始节点', 'startEvent', NULL, '2020-02-19 11:26:57.366', '2020-02-19 11:26:57.374', 8, NULL, '');
INSERT INTO `ACT_HI_ACTINST` VALUES ('aedb2c10-52c7-11ea-8c7c-c85b7643dd9e', 2, 'jsite_leave:2:be76cc18-52c6-11ea-8c7c-c85b7643dd9e', 'aed40019-52c7-11ea-8c7c-c85b7643dd9e', 'aed81ece-52c7-11ea-8c7c-c85b7643dd9e', 'leave_leader_audit', 'aee209e1-52c7-11ea-8c7c-c85b7643dd9e', NULL, '领导审批', 'userTask', 'dept', '2020-02-19 11:26:57.379', '2020-02-19 11:27:55.563', 58184, NULL, '');
INSERT INTO `ACT_HI_ACTINST` VALUES ('af9081a0-56af-11ea-9661-00163e2e65eb', 1, 'jsite_leave:2:be76cc18-52c6-11ea-8c7c-c85b7643dd9e', 'af905a8a-56af-11ea-9661-00163e2e65eb', 'af90819f-56af-11ea-9661-00163e2e65eb', 'startevent1', NULL, NULL, '开始节点', 'startEvent', NULL, '2020-02-24 10:45:15.297', '2020-02-24 10:45:15.297', 0, NULL, '');
INSERT INTO `ACT_HI_ACTINST` VALUES ('af9081a1-56af-11ea-9661-00163e2e65eb', 2, 'jsite_leave:2:be76cc18-52c6-11ea-8c7c-c85b7643dd9e', 'af905a8a-56af-11ea-9661-00163e2e65eb', 'af90819f-56af-11ea-9661-00163e2e65eb', 'leave_leader_audit', 'af9081a2-56af-11ea-9661-00163e2e65eb', NULL, '领导审批', 'userTask', 'jsitehr', '2020-02-24 10:45:15.297', '2020-02-27 13:09:21.382', 267846085, NULL, '');
INSERT INTO `ACT_HI_ACTINST` VALUES ('b17a8861-31c4-11ea-9129-00163e2e65eb', 1, 'jsite_leave:1:4f0c4be1-2df3-11ea-aa23-c85b7643dd9e', '143f81f3-3029-11ea-9129-00163e2e65eb', '143fa908-3029-11ea-9129-00163e2e65eb', 'sid-D9CD09E3-6804-4B26-9DCE-31DC53B64E26', NULL, NULL, NULL, 'exclusiveGateway', NULL, '2020-01-08 11:12:24.917', '2020-01-08 11:12:24.917', 0, NULL, '');
INSERT INTO `ACT_HI_ACTINST` VALUES ('b17a8862-31c4-11ea-9129-00163e2e65eb', 1, 'jsite_leave:1:4f0c4be1-2df3-11ea-aa23-c85b7643dd9e', '143f81f3-3029-11ea-9129-00163e2e65eb', '143fa908-3029-11ea-9129-00163e2e65eb', 'end', NULL, NULL, '流程结束', 'endEvent', NULL, '2020-01-08 11:12:24.917', '2020-01-08 11:12:24.917', 0, NULL, '');
INSERT INTO `ACT_HI_ACTINST` VALUES ('b1e23798-35d5-11ea-aa63-00163e2e65eb', 1, 'jsite_leave:1:4f0c4be1-2df3-11ea-aa23-c85b7643dd9e', '90237410-35d5-11ea-aa63-00163e2e65eb', '90237415-35d5-11ea-aa63-00163e2e65eb', 'sid-D9CD09E3-6804-4B26-9DCE-31DC53B64E26', NULL, NULL, NULL, 'exclusiveGateway', NULL, '2020-01-13 15:24:11.692', '2020-01-13 15:24:11.692', 0, NULL, '');
INSERT INTO `ACT_HI_ACTINST` VALUES ('b1e23799-35d5-11ea-aa63-00163e2e65eb', 1, 'jsite_leave:1:4f0c4be1-2df3-11ea-aa23-c85b7643dd9e', '90237410-35d5-11ea-aa63-00163e2e65eb', '90237415-35d5-11ea-aa63-00163e2e65eb', 'end', NULL, NULL, '流程结束', 'endEvent', NULL, '2020-01-13 15:24:11.692', '2020-01-13 15:24:11.692', 0, NULL, '');
INSERT INTO `ACT_HI_ACTINST` VALUES ('b3971e6e-3119-11ea-9129-00163e2e65eb', 1, 'jsite_leave:1:4f0c4be1-2df3-11ea-aa23-c85b7643dd9e', '3d309e0e-3029-11ea-9129-00163e2e65eb', '3d30c523-3029-11ea-9129-00163e2e65eb', 'sid-D9CD09E3-6804-4B26-9DCE-31DC53B64E26', NULL, NULL, NULL, 'exclusiveGateway', NULL, '2020-01-07 14:48:24.520', '2020-01-07 14:48:24.520', 0, NULL, '');
INSERT INTO `ACT_HI_ACTINST` VALUES ('b397457f-3119-11ea-9129-00163e2e65eb', 1, 'jsite_leave:1:4f0c4be1-2df3-11ea-aa23-c85b7643dd9e', '3d309e0e-3029-11ea-9129-00163e2e65eb', '3d30c523-3029-11ea-9129-00163e2e65eb', 'end', NULL, NULL, '流程结束', 'endEvent', NULL, '2020-01-07 14:48:24.520', '2020-01-07 14:48:24.520', 0, NULL, '');
INSERT INTO `ACT_HI_ACTINST` VALUES ('b7541b8d-35d5-11ea-aa63-00163e2e65eb', 1, 'jsite_leave:1:4f0c4be1-2df3-11ea-aa23-c85b7643dd9e', '7c8a32c5-35d1-11ea-aa63-00163e2e65eb', '7c8a32ca-35d1-11ea-aa63-00163e2e65eb', 'sid-D9CD09E3-6804-4B26-9DCE-31DC53B64E26', NULL, NULL, NULL, 'exclusiveGateway', NULL, '2020-01-13 15:24:20.827', '2020-01-13 15:24:20.827', 0, NULL, '');
INSERT INTO `ACT_HI_ACTINST` VALUES ('b7541b8e-35d5-11ea-aa63-00163e2e65eb', 1, 'jsite_leave:1:4f0c4be1-2df3-11ea-aa23-c85b7643dd9e', '7c8a32c5-35d1-11ea-aa63-00163e2e65eb', '7c8a32ca-35d1-11ea-aa63-00163e2e65eb', 'end', NULL, NULL, '流程结束', 'endEvent', NULL, '2020-01-13 15:24:20.827', '2020-01-13 15:24:20.828', 1, NULL, '');
INSERT INTO `ACT_HI_ACTINST` VALUES ('c0a8bf97-3051-11ea-9129-00163e2e65eb', 1, 'jsite_leave:1:4f0c4be1-2df3-11ea-aa23-c85b7643dd9e', '783cda15-2e95-11ea-9129-00163e2e65eb', '78400e6a-2e95-11ea-9129-00163e2e65eb', 'sid-52E803B4-4779-43D2-944C-3312F05EDEC0', NULL, NULL, NULL, 'exclusiveGateway', NULL, '2020-01-06 14:57:07.099', '2020-01-06 14:57:07.099', 0, NULL, '');
INSERT INTO `ACT_HI_ACTINST` VALUES ('c0a8bf98-3051-11ea-9129-00163e2e65eb', 2, 'jsite_leave:1:4f0c4be1-2df3-11ea-aa23-c85b7643dd9e', '783cda15-2e95-11ea-9129-00163e2e65eb', '78400e6a-2e95-11ea-9129-00163e2e65eb', 'leave_leader_audit', 'c0a8e6a9-3051-11ea-9129-00163e2e65eb', NULL, '领导审批', 'userTask', 'dept', '2020-01-06 14:57:07.099', '2020-02-17 20:51:41.091', 3650073992, NULL, '');
INSERT INTO `ACT_HI_ACTINST` VALUES ('c18d07f0-5d30-11ea-9661-00163e2e65eb', 1, 'jsite_leave:1:4f0c4be1-2df3-11ea-aa23-c85b7643dd9e', '56631326-383f-11ea-aa63-00163e2e65eb', '5663132b-383f-11ea-aa63-00163e2e65eb', 'sid-52E803B4-4779-43D2-944C-3312F05EDEC0', NULL, NULL, NULL, 'exclusiveGateway', NULL, '2020-03-03 17:24:17.528', '2020-03-03 17:24:17.528', 0, NULL, '');
INSERT INTO `ACT_HI_ACTINST` VALUES ('c18d07f1-5d30-11ea-9661-00163e2e65eb', 2, 'jsite_leave:1:4f0c4be1-2df3-11ea-aa23-c85b7643dd9e', '56631326-383f-11ea-aa63-00163e2e65eb', '5663132b-383f-11ea-aa63-00163e2e65eb', 'leave_leader_audit', 'c18d07f2-5d30-11ea-9661-00163e2e65eb', NULL, '领导审批', 'userTask', 'jsitehr', '2020-03-03 17:24:17.528', '2020-03-04 13:35:14.856', 72657328, NULL, '');
INSERT INTO `ACT_HI_ACTINST` VALUES ('c524723a-3156-11ea-9129-00163e2e65eb', 1, 'jsite_leave:1:4f0c4be1-2df3-11ea-aa23-c85b7643dd9e', 'c5247234-3156-11ea-9129-00163e2e65eb', 'c5247239-3156-11ea-9129-00163e2e65eb', 'startevent1', NULL, NULL, '开始节点', 'startEvent', NULL, '2020-01-07 22:05:33.267', '2020-01-07 22:05:33.267', 0, NULL, '');
INSERT INTO `ACT_HI_ACTINST` VALUES ('c524994b-3156-11ea-9129-00163e2e65eb', 2, 'jsite_leave:1:4f0c4be1-2df3-11ea-aa23-c85b7643dd9e', 'c5247234-3156-11ea-9129-00163e2e65eb', 'c5247239-3156-11ea-9129-00163e2e65eb', 'leave_leader_audit', 'c524994c-3156-11ea-9129-00163e2e65eb', NULL, '领导审批', 'userTask', 'dept', '2020-01-07 22:05:33.268', '2020-02-13 18:34:11.447', 3184118179, NULL, '');
INSERT INTO `ACT_HI_ACTINST` VALUES ('c8200c69-36b7-11ea-aa63-00163e2e65eb', 1, 'jsite_leave:1:4f0c4be1-2df3-11ea-aa23-c85b7643dd9e', 'c81fe553-36b7-11ea-aa63-00163e2e65eb', 'c81fe558-36b7-11ea-aa63-00163e2e65eb', 'startevent1', NULL, NULL, '开始节点', 'startEvent', NULL, '2020-01-14 18:22:35.268', '2020-01-14 18:22:35.268', 0, NULL, '');
INSERT INTO `ACT_HI_ACTINST` VALUES ('c8200c6a-36b7-11ea-aa63-00163e2e65eb', 1, 'jsite_leave:1:4f0c4be1-2df3-11ea-aa23-c85b7643dd9e', 'c81fe553-36b7-11ea-aa63-00163e2e65eb', 'c81fe558-36b7-11ea-aa63-00163e2e65eb', 'leave_leader_audit', 'c8200c6b-36b7-11ea-aa63-00163e2e65eb', NULL, '领导审批', 'userTask', 'jsiteuser', '2020-01-14 18:22:35.268', NULL, NULL, NULL, '');
INSERT INTO `ACT_HI_ACTINST` VALUES ('c87ffc98-32bd-11ea-aa63-00163e2e65eb', 1, 'jsite_leave:1:4f0c4be1-2df3-11ea-aa23-c85b7643dd9e', 'c87ffc92-32bd-11ea-aa63-00163e2e65eb', 'c87ffc97-32bd-11ea-aa63-00163e2e65eb', 'startevent1', NULL, NULL, '开始节点', 'startEvent', NULL, '2020-01-09 16:55:28.226', '2020-01-09 16:55:28.227', 1, NULL, '');
INSERT INTO `ACT_HI_ACTINST` VALUES ('c88023a9-32bd-11ea-aa63-00163e2e65eb', 1, 'jsite_leave:1:4f0c4be1-2df3-11ea-aa23-c85b7643dd9e', 'c87ffc92-32bd-11ea-aa63-00163e2e65eb', 'c87ffc97-32bd-11ea-aa63-00163e2e65eb', 'leave_leader_audit', 'c88023aa-32bd-11ea-aa63-00163e2e65eb', NULL, '领导审批', 'userTask', 'jsitehr', '2020-01-09 16:55:28.227', NULL, NULL, NULL, '');
INSERT INTO `ACT_HI_ACTINST` VALUES ('ca5a8cc5-4d6c-11ea-9b4e-00163e2e65eb', 1, 'jsite_leave:1:4f0c4be1-2df3-11ea-aa23-c85b7643dd9e', 'ca5a65af-4d6c-11ea-9b4e-00163e2e65eb', 'ca5a8cc4-4d6c-11ea-9b4e-00163e2e65eb', 'startevent1', NULL, NULL, '开始节点', 'startEvent', NULL, '2020-02-12 15:53:43.496', '2020-02-12 15:53:43.496', 0, NULL, '');
INSERT INTO `ACT_HI_ACTINST` VALUES ('ca5a8cc6-4d6c-11ea-9b4e-00163e2e65eb', 2, 'jsite_leave:1:4f0c4be1-2df3-11ea-aa23-c85b7643dd9e', 'ca5a65af-4d6c-11ea-9b4e-00163e2e65eb', 'ca5a8cc4-4d6c-11ea-9b4e-00163e2e65eb', 'leave_leader_audit', 'ca5a8cc7-4d6c-11ea-9b4e-00163e2e65eb', NULL, '领导审批', 'userTask', 'jsitehr', '2020-02-12 15:53:43.496', '2020-03-02 15:52:52.927', 1641549431, NULL, '');
INSERT INTO `ACT_HI_ACTINST` VALUES ('caeab42e-36ae-11ea-aa63-00163e2e65eb', 1, 'jsite_leave:1:4f0c4be1-2df3-11ea-aa23-c85b7643dd9e', 'caea8d18-36ae-11ea-aa63-00163e2e65eb', 'caeab42d-36ae-11ea-aa63-00163e2e65eb', 'startevent1', NULL, NULL, '开始节点', 'startEvent', NULL, '2020-01-14 17:18:14.481', '2020-01-14 17:18:14.481', 0, NULL, '');
INSERT INTO `ACT_HI_ACTINST` VALUES ('caeab42f-36ae-11ea-aa63-00163e2e65eb', 2, 'jsite_leave:1:4f0c4be1-2df3-11ea-aa23-c85b7643dd9e', 'caea8d18-36ae-11ea-aa63-00163e2e65eb', 'caeab42d-36ae-11ea-aa63-00163e2e65eb', 'leave_leader_audit', 'caeab430-36ae-11ea-aa63-00163e2e65eb', NULL, '领导审批', 'userTask', 'jsitehr', '2020-01-14 17:18:14.481', '2020-01-15 11:00:03.648', 63709167, NULL, '');
INSERT INTO `ACT_HI_ACTINST` VALUES ('d1895896-52c7-11ea-8c7c-c85b7643dd9e', 1, 'jsite_leave:2:be76cc18-52c6-11ea-8c7c-c85b7643dd9e', 'aed40019-52c7-11ea-8c7c-c85b7643dd9e', 'aed81ece-52c7-11ea-8c7c-c85b7643dd9e', 'sid-D9CD09E3-6804-4B26-9DCE-31DC53B64E26', NULL, NULL, NULL, 'exclusiveGateway', NULL, '2020-02-19 11:27:55.563', '2020-02-19 11:27:55.569', 6, NULL, '');
INSERT INTO `ACT_HI_ACTINST` VALUES ('d18a42f7-52c7-11ea-8c7c-c85b7643dd9e', 2, 'jsite_leave:2:be76cc18-52c6-11ea-8c7c-c85b7643dd9e', 'aed40019-52c7-11ea-8c7c-c85b7643dd9e', 'aed81ece-52c7-11ea-8c7c-c85b7643dd9e', 'adjustApply', 'd18a42f8-52c7-11ea-8c7c-c85b7643dd9e', NULL, '调整申请', 'userTask', 'jsite', '2020-02-19 11:27:55.569', '2020-02-19 11:28:54.864', 59295, NULL, '');
INSERT INTO `ACT_HI_ACTINST` VALUES ('d20f9551-5c5a-11ea-9661-00163e2e65eb', 1, 'jsite_leave:1:4f0c4be1-2df3-11ea-aa23-c85b7643dd9e', 'ca5a65af-4d6c-11ea-9b4e-00163e2e65eb', 'ca5a8cc4-4d6c-11ea-9b4e-00163e2e65eb', 'sid-D9CD09E3-6804-4B26-9DCE-31DC53B64E26', NULL, NULL, NULL, 'exclusiveGateway', NULL, '2020-03-02 15:52:52.927', '2020-03-02 15:52:52.927', 0, NULL, '');
INSERT INTO `ACT_HI_ACTINST` VALUES ('d20f9552-5c5a-11ea-9661-00163e2e65eb', 1, 'jsite_leave:1:4f0c4be1-2df3-11ea-aa23-c85b7643dd9e', 'ca5a65af-4d6c-11ea-9b4e-00163e2e65eb', 'ca5a8cc4-4d6c-11ea-9b4e-00163e2e65eb', 'end', NULL, NULL, '流程结束', 'endEvent', NULL, '2020-03-02 15:52:52.927', '2020-03-02 15:52:52.927', 0, NULL, '');
INSERT INTO `ACT_HI_ACTINST` VALUES ('d698cf11-4d81-11ea-9b4e-00163e2e65eb', 1, 'jsite_leave:1:4f0c4be1-2df3-11ea-aa23-c85b7643dd9e', 'd698a7fb-4d81-11ea-9b4e-00163e2e65eb', 'd698cf10-4d81-11ea-9b4e-00163e2e65eb', 'startevent1', NULL, NULL, '开始节点', 'startEvent', NULL, '2020-02-12 18:24:23.468', '2020-02-12 18:24:23.468', 0, NULL, '');
INSERT INTO `ACT_HI_ACTINST` VALUES ('d698cf12-4d81-11ea-9b4e-00163e2e65eb', 2, 'jsite_leave:1:4f0c4be1-2df3-11ea-aa23-c85b7643dd9e', 'd698a7fb-4d81-11ea-9b4e-00163e2e65eb', 'd698cf10-4d81-11ea-9b4e-00163e2e65eb', 'leave_leader_audit', 'd698cf13-4d81-11ea-9b4e-00163e2e65eb', NULL, '领导审批', 'userTask', 'dept', '2020-02-12 18:24:23.468', '2020-02-12 18:27:45.984', 202516, NULL, '');
INSERT INTO `ACT_HI_ACTINST` VALUES ('dafee14e-367d-11ea-aa63-00163e2e65eb', 1, 'jsite_leave:1:4f0c4be1-2df3-11ea-aa23-c85b7643dd9e', 'dafeba38-367d-11ea-aa63-00163e2e65eb', 'dafee14d-367d-11ea-aa63-00163e2e65eb', 'startevent1', NULL, NULL, '开始节点', 'startEvent', NULL, '2020-01-14 11:27:56.117', '2020-01-14 11:27:56.117', 0, NULL, '');
INSERT INTO `ACT_HI_ACTINST` VALUES ('dafee14f-367d-11ea-aa63-00163e2e65eb', 2, 'jsite_leave:1:4f0c4be1-2df3-11ea-aa23-c85b7643dd9e', 'dafeba38-367d-11ea-aa63-00163e2e65eb', 'dafee14d-367d-11ea-aa63-00163e2e65eb', 'leave_leader_audit', 'dafee150-367d-11ea-aa63-00163e2e65eb', NULL, '领导审批', 'userTask', 'dept', '2020-01-14 11:27:56.117', '2020-02-11 14:29:46.278', 2430110161, NULL, '');
INSERT INTO `ACT_HI_ACTINST` VALUES ('dca676bb-4e48-11ea-9661-00163e2e65eb', 1, 'jsite_leave:1:4f0c4be1-2df3-11ea-aa23-c85b7643dd9e', 'dca4f015-4e48-11ea-9661-00163e2e65eb', 'dca5da7a-4e48-11ea-9661-00163e2e65eb', 'startevent1', NULL, NULL, '开始节点', 'startEvent', NULL, '2020-02-13 18:09:03.473', '2020-02-13 18:09:03.476', 3, NULL, '');
INSERT INTO `ACT_HI_ACTINST` VALUES ('dca73a0c-4e48-11ea-9661-00163e2e65eb', 1, 'jsite_leave:1:4f0c4be1-2df3-11ea-aa23-c85b7643dd9e', 'dca4f015-4e48-11ea-9661-00163e2e65eb', 'dca5da7a-4e48-11ea-9661-00163e2e65eb', 'leave_leader_audit', 'dcab7fcd-4e48-11ea-9661-00163e2e65eb', NULL, '领导审批', 'userTask', 'jsiteuser', '2020-02-13 18:09:03.478', NULL, NULL, NULL, '');
INSERT INTO `ACT_HI_ACTINST` VALUES ('dd6b2b4e-59cc-11ea-9661-00163e2e65eb', 1, 'jsite_leave:1:4f0c4be1-2df3-11ea-aa23-c85b7643dd9e', '56631326-383f-11ea-aa63-00163e2e65eb', '5663132b-383f-11ea-aa63-00163e2e65eb', 'sid-52E803B4-4779-43D2-944C-3312F05EDEC0', NULL, NULL, NULL, 'exclusiveGateway', NULL, '2020-02-28 09:51:41.121', '2020-02-28 09:51:41.121', 0, NULL, '');
INSERT INTO `ACT_HI_ACTINST` VALUES ('dd6b2b4f-59cc-11ea-9661-00163e2e65eb', 2, 'jsite_leave:1:4f0c4be1-2df3-11ea-aa23-c85b7643dd9e', '56631326-383f-11ea-aa63-00163e2e65eb', '5663132b-383f-11ea-aa63-00163e2e65eb', 'leave_leader_audit', 'dd6b2b50-59cc-11ea-9661-00163e2e65eb', NULL, '领导审批', 'userTask', 'jsitehr', '2020-02-28 09:51:41.121', '2020-03-02 17:37:19.154', 287138033, NULL, '');
INSERT INTO `ACT_HI_ACTINST` VALUES ('de656aa8-4bdf-11ea-9b4e-00163e2e65eb', 1, 'jsite_leave:1:4f0c4be1-2df3-11ea-aa23-c85b7643dd9e', 'de63bcf2-4bdf-11ea-9b4e-00163e2e65eb', 'de648047-4bdf-11ea-9b4e-00163e2e65eb', 'startevent1', NULL, NULL, '开始节点', 'startEvent', NULL, '2020-02-10 16:32:26.920', '2020-02-10 16:32:26.924', 4, NULL, '');
INSERT INTO `ACT_HI_ACTINST` VALUES ('de665509-4bdf-11ea-9b4e-00163e2e65eb', 1, 'jsite_leave:1:4f0c4be1-2df3-11ea-aa23-c85b7643dd9e', 'de63bcf2-4bdf-11ea-9b4e-00163e2e65eb', 'de648047-4bdf-11ea-9b4e-00163e2e65eb', 'leave_leader_audit', 'de6d80fa-4bdf-11ea-9b4e-00163e2e65eb', NULL, '领导审批', 'userTask', 'jsitehr', '2020-02-10 16:32:26.927', NULL, NULL, NULL, '');
INSERT INTO `ACT_HI_ACTINST` VALUES ('def0a03a-562d-11ea-9661-00163e2e65eb', 1, 'jsite_leave:2:be76cc18-52c6-11ea-8c7c-c85b7643dd9e', 'def0a034-562d-11ea-9661-00163e2e65eb', 'def0a039-562d-11ea-9661-00163e2e65eb', 'startevent1', NULL, NULL, '开始节点', 'startEvent', NULL, '2020-02-23 19:16:00.205', '2020-02-23 19:16:00.205', 0, NULL, '');
INSERT INTO `ACT_HI_ACTINST` VALUES ('def0c74b-562d-11ea-9661-00163e2e65eb', 2, 'jsite_leave:2:be76cc18-52c6-11ea-8c7c-c85b7643dd9e', 'def0a034-562d-11ea-9661-00163e2e65eb', 'def0a039-562d-11ea-9661-00163e2e65eb', 'leave_leader_audit', 'def0c74c-562d-11ea-9661-00163e2e65eb', NULL, '领导审批', 'userTask', 'jsite', '2020-02-23 19:16:00.206', '2020-02-24 09:46:02.780', 52202574, NULL, '');
INSERT INTO `ACT_HI_ACTINST` VALUES ('e08f45f5-4c97-11ea-9b4e-00163e2e65eb', 1, 'jsite_leave:1:4f0c4be1-2df3-11ea-aa23-c85b7643dd9e', 'e08f1edf-4c97-11ea-9b4e-00163e2e65eb', 'e08f45f4-4c97-11ea-9b4e-00163e2e65eb', 'startevent1', NULL, NULL, '开始节点', 'startEvent', NULL, '2020-02-11 14:29:37.948', '2020-02-11 14:29:37.948', 0, NULL, '');
INSERT INTO `ACT_HI_ACTINST` VALUES ('e08f45f6-4c97-11ea-9b4e-00163e2e65eb', 2, 'jsite_leave:1:4f0c4be1-2df3-11ea-aa23-c85b7643dd9e', 'e08f1edf-4c97-11ea-9b4e-00163e2e65eb', 'e08f45f4-4c97-11ea-9b4e-00163e2e65eb', 'leave_leader_audit', 'e08f45f7-4c97-11ea-9b4e-00163e2e65eb', NULL, '领导审批', 'userTask', 'dept', '2020-02-11 14:29:37.948', '2020-02-13 18:34:05.016', 187467068, NULL, '');
INSERT INTO `ACT_HI_ACTINST` VALUES ('e318ed32-305b-11ea-9129-00163e2e65eb', 1, 'jsite_leave:1:4f0c4be1-2df3-11ea-aa23-c85b7643dd9e', 'e318c61c-305b-11ea-9129-00163e2e65eb', 'e318ed31-305b-11ea-9129-00163e2e65eb', 'startevent1', NULL, NULL, '开始节点', 'startEvent', NULL, '2020-01-06 16:09:39.844', '2020-01-06 16:09:39.844', 0, NULL, '');
INSERT INTO `ACT_HI_ACTINST` VALUES ('e318ed33-305b-11ea-9129-00163e2e65eb', 2, 'jsite_leave:1:4f0c4be1-2df3-11ea-aa23-c85b7643dd9e', 'e318c61c-305b-11ea-9129-00163e2e65eb', 'e318ed31-305b-11ea-9129-00163e2e65eb', 'leave_leader_audit', 'e318ed34-305b-11ea-9129-00163e2e65eb', NULL, '领导审批', 'userTask', 'dept', '2020-01-06 16:09:39.844', '2020-01-06 16:10:38.508', 58664, NULL, '');
INSERT INTO `ACT_HI_ACTINST` VALUES ('e5220bc4-52ea-11ea-9661-00163e2e65eb', 1, 'jsite_leave:2:be76cc18-52c6-11ea-8c7c-c85b7643dd9e', 'e521e4ae-52ea-11ea-9661-00163e2e65eb', 'e5220bc3-52ea-11ea-9661-00163e2e65eb', 'startevent1', NULL, NULL, '开始节点', 'startEvent', NULL, '2020-02-19 15:39:00.826', '2020-02-19 15:39:00.826', 0, NULL, '');
INSERT INTO `ACT_HI_ACTINST` VALUES ('e5220bc5-52ea-11ea-9661-00163e2e65eb', 2, 'jsite_leave:2:be76cc18-52c6-11ea-8c7c-c85b7643dd9e', 'e521e4ae-52ea-11ea-9661-00163e2e65eb', 'e5220bc3-52ea-11ea-9661-00163e2e65eb', 'leave_leader_audit', 'e5220bc6-52ea-11ea-9661-00163e2e65eb', NULL, '领导审批', 'userTask', 'jsite', '2020-02-19 15:39:00.826', '2020-02-19 17:01:28.857', 4948031, NULL, '');
INSERT INTO `ACT_HI_ACTINST` VALUES ('e5867bac-4c97-11ea-9b4e-00163e2e65eb', 1, 'jsite_leave:1:4f0c4be1-2df3-11ea-aa23-c85b7643dd9e', 'dafeba38-367d-11ea-aa63-00163e2e65eb', 'dafee14d-367d-11ea-aa63-00163e2e65eb', 'sid-D9CD09E3-6804-4B26-9DCE-31DC53B64E26', NULL, NULL, NULL, 'exclusiveGateway', NULL, '2020-02-11 14:29:46.279', '2020-02-11 14:29:46.280', 1, NULL, '');
INSERT INTO `ACT_HI_ACTINST` VALUES ('e586a2bd-4c97-11ea-9b4e-00163e2e65eb', 1, 'jsite_leave:1:4f0c4be1-2df3-11ea-aa23-c85b7643dd9e', 'dafeba38-367d-11ea-aa63-00163e2e65eb', 'dafee14d-367d-11ea-aa63-00163e2e65eb', 'end', NULL, NULL, '流程结束', 'endEvent', NULL, '2020-02-11 14:29:46.280', '2020-02-11 14:29:46.283', 3, NULL, '');
INSERT INTO `ACT_HI_ACTINST` VALUES ('ec0a0e02-38fb-11ea-aa63-00163e2e65eb', 1, 'jsite_leave:1:4f0c4be1-2df3-11ea-aa23-c85b7643dd9e', 'ec0a0dfc-38fb-11ea-aa63-00163e2e65eb', 'ec0a0e01-38fb-11ea-aa63-00163e2e65eb', 'startevent1', NULL, NULL, '开始节点', 'startEvent', NULL, '2020-01-17 15:35:23.625', '2020-01-17 15:35:23.625', 0, NULL, '');
INSERT INTO `ACT_HI_ACTINST` VALUES ('ec0a0e03-38fb-11ea-aa63-00163e2e65eb', 2, 'jsite_leave:1:4f0c4be1-2df3-11ea-aa23-c85b7643dd9e', 'ec0a0dfc-38fb-11ea-aa63-00163e2e65eb', 'ec0a0e01-38fb-11ea-aa63-00163e2e65eb', 'leave_leader_audit', 'ec0a0e04-38fb-11ea-aa63-00163e2e65eb', NULL, '领导审批', 'userTask', 'jsitehr', '2020-01-17 15:35:23.625', '2020-01-17 15:38:18.716', 175091, NULL, '');
INSERT INTO `ACT_HI_ACTINST` VALUES ('ecb172fb-5dd9-11ea-9661-00163e2e65eb', 1, 'jsite_leave:1:4f0c4be1-2df3-11ea-aa23-c85b7643dd9e', '56631326-383f-11ea-aa63-00163e2e65eb', '5663132b-383f-11ea-aa63-00163e2e65eb', 'sid-D9CD09E3-6804-4B26-9DCE-31DC53B64E26', NULL, NULL, NULL, 'exclusiveGateway', NULL, '2020-03-04 13:35:14.856', '2020-03-04 13:35:14.856', 0, NULL, '');
INSERT INTO `ACT_HI_ACTINST` VALUES ('ecb172fc-5dd9-11ea-9661-00163e2e65eb', 1, 'jsite_leave:1:4f0c4be1-2df3-11ea-aa23-c85b7643dd9e', '56631326-383f-11ea-aa63-00163e2e65eb', '5663132b-383f-11ea-aa63-00163e2e65eb', 'end', NULL, NULL, '流程结束', 'endEvent', NULL, '2020-03-04 13:35:14.856', '2020-03-04 13:35:14.856', 0, NULL, '');
INSERT INTO `ACT_HI_ACTINST` VALUES ('f165580f-5230-11ea-9661-00163e2e65eb', 1, 'jsite_leave:1:4f0c4be1-2df3-11ea-aa23-c85b7643dd9e', '4868dc5a-4f9e-11ea-9661-00163e2e65eb', '4869036f-4f9e-11ea-9661-00163e2e65eb', 'sid-D9CD09E3-6804-4B26-9DCE-31DC53B64E26', NULL, NULL, NULL, 'exclusiveGateway', NULL, '2020-02-18 17:27:55.008', '2020-02-18 17:27:55.008', 0, NULL, '');
INSERT INTO `ACT_HI_ACTINST` VALUES ('f1655810-5230-11ea-9661-00163e2e65eb', 1, 'jsite_leave:1:4f0c4be1-2df3-11ea-aa23-c85b7643dd9e', '4868dc5a-4f9e-11ea-9661-00163e2e65eb', '4869036f-4f9e-11ea-9661-00163e2e65eb', 'end', NULL, NULL, '流程结束', 'endEvent', NULL, '2020-02-18 17:27:55.008', '2020-02-18 17:27:55.008', 0, NULL, '');
INSERT INTO `ACT_HI_ACTINST` VALUES ('f2c13709-56a6-11ea-9661-00163e2e65eb', 1, 'jsite_leave:2:be76cc18-52c6-11ea-8c7c-c85b7643dd9e', 'aed40019-52c7-11ea-8c7c-c85b7643dd9e', 'aed81ece-52c7-11ea-8c7c-c85b7643dd9e', 'sid-D9CD09E3-6804-4B26-9DCE-31DC53B64E26', NULL, NULL, NULL, 'exclusiveGateway', NULL, '2020-02-24 09:42:42.553', '2020-02-24 09:42:42.553', 0, NULL, '');
INSERT INTO `ACT_HI_ACTINST` VALUES ('f2c1370a-56a6-11ea-9661-00163e2e65eb', 1, 'jsite_leave:2:be76cc18-52c6-11ea-8c7c-c85b7643dd9e', 'aed40019-52c7-11ea-8c7c-c85b7643dd9e', 'aed81ece-52c7-11ea-8c7c-c85b7643dd9e', 'end', NULL, NULL, '流程结束', 'endEvent', NULL, '2020-02-24 09:42:42.553', '2020-02-24 09:42:42.553', 0, NULL, '');
INSERT INTO `ACT_HI_ACTINST` VALUES ('f4e21cfc-52c7-11ea-8c7c-c85b7643dd9e', 1, 'jsite_leave:2:be76cc18-52c6-11ea-8c7c-c85b7643dd9e', 'aed40019-52c7-11ea-8c7c-c85b7643dd9e', 'aed81ece-52c7-11ea-8c7c-c85b7643dd9e', 'sid-52E803B4-4779-43D2-944C-3312F05EDEC0', NULL, NULL, NULL, 'exclusiveGateway', NULL, '2020-02-19 11:28:54.865', '2020-02-19 11:28:54.865', 0, NULL, '');
INSERT INTO `ACT_HI_ACTINST` VALUES ('f4e21cfd-52c7-11ea-8c7c-c85b7643dd9e', 2, 'jsite_leave:2:be76cc18-52c6-11ea-8c7c-c85b7643dd9e', 'aed40019-52c7-11ea-8c7c-c85b7643dd9e', 'aed81ece-52c7-11ea-8c7c-c85b7643dd9e', 'leave_leader_audit', 'f4e21cfe-52c7-11ea-8c7c-c85b7643dd9e', NULL, '领导审批', 'userTask', 'dept', '2020-02-19 11:28:54.865', '2020-02-24 09:42:42.553', 425627688, NULL, '');
INSERT INTO `ACT_HI_ACTINST` VALUES ('f5d44384-3733-11ea-aa63-00163e2e65eb', 1, 'jsite_leave:1:4f0c4be1-2df3-11ea-aa23-c85b7643dd9e', 'f5d4437e-3733-11ea-aa63-00163e2e65eb', 'f5d44383-3733-11ea-aa63-00163e2e65eb', 'startevent1', NULL, NULL, '开始节点', 'startEvent', NULL, '2020-01-15 09:11:29.541', '2020-01-15 09:11:29.541', 0, NULL, '');
INSERT INTO `ACT_HI_ACTINST` VALUES ('f5d44385-3733-11ea-aa63-00163e2e65eb', 2, 'jsite_leave:1:4f0c4be1-2df3-11ea-aa23-c85b7643dd9e', 'f5d4437e-3733-11ea-aa63-00163e2e65eb', 'f5d44383-3733-11ea-aa63-00163e2e65eb', 'leave_leader_audit', 'f5d44386-3733-11ea-aa63-00163e2e65eb', NULL, '领导审批', 'userTask', 'dept', '2020-01-15 09:11:29.541', '2020-01-17 15:36:39.247', 195909706, NULL, '');
INSERT INTO `ACT_HI_ACTINST` VALUES ('f9e02287-38f5-11ea-aa63-00163e2e65eb', 1, 'jsite_leave:1:4f0c4be1-2df3-11ea-aa23-c85b7643dd9e', 'f9e02281-38f5-11ea-aa63-00163e2e65eb', 'f9e02286-38f5-11ea-aa63-00163e2e65eb', 'startevent1', NULL, NULL, '开始节点', 'startEvent', NULL, '2020-01-17 14:52:49.858', '2020-01-17 14:52:49.858', 0, NULL, '');
INSERT INTO `ACT_HI_ACTINST` VALUES ('f9e02288-38f5-11ea-aa63-00163e2e65eb', 2, 'jsite_leave:1:4f0c4be1-2df3-11ea-aa23-c85b7643dd9e', 'f9e02281-38f5-11ea-aa63-00163e2e65eb', 'f9e02286-38f5-11ea-aa63-00163e2e65eb', 'leave_leader_audit', 'f9e04999-38f5-11ea-aa63-00163e2e65eb', NULL, '领导审批', 'userTask', 'jsitehr', '2020-01-17 14:52:49.858', '2020-02-27 13:09:28.403', 3536198545, NULL, '');
INSERT INTO `ACT_HI_ACTINST` VALUES ('fc718303-36a6-11ea-aa63-00163e2e65eb', 1, 'jsite_leave:1:4f0c4be1-2df3-11ea-aa23-c85b7643dd9e', 'fc715bed-36a6-11ea-aa63-00163e2e65eb', 'fc718302-36a6-11ea-aa63-00163e2e65eb', 'startevent1', NULL, NULL, '开始节点', 'startEvent', NULL, '2020-01-14 16:22:21.599', '2020-01-14 16:22:21.599', 0, NULL, '');
INSERT INTO `ACT_HI_ACTINST` VALUES ('fc718304-36a6-11ea-aa63-00163e2e65eb', 1, 'jsite_leave:1:4f0c4be1-2df3-11ea-aa23-c85b7643dd9e', 'fc715bed-36a6-11ea-aa63-00163e2e65eb', 'fc718302-36a6-11ea-aa63-00163e2e65eb', 'leave_leader_audit', 'fc718305-36a6-11ea-aa63-00163e2e65eb', NULL, '领导审批', 'userTask', 'jsitehr', '2020-01-14 16:22:21.599', NULL, NULL, NULL, '');

-- ----------------------------
-- Table structure for ACT_HI_ATTACHMENT
-- ----------------------------
DROP TABLE IF EXISTS `ACT_HI_ATTACHMENT`;
CREATE TABLE `ACT_HI_ATTACHMENT`  (
  `ID_` varchar(64) CHARACTER SET utf8 COLLATE utf8_bin NOT NULL,
  `REV_` int(11) NULL DEFAULT NULL,
  `USER_ID_` varchar(255) CHARACTER SET utf8 COLLATE utf8_bin NULL DEFAULT NULL,
  `NAME_` varchar(255) CHARACTER SET utf8 COLLATE utf8_bin NULL DEFAULT NULL,
  `DESCRIPTION_` varchar(4000) CHARACTER SET utf8 COLLATE utf8_bin NULL DEFAULT NULL,
  `TYPE_` varchar(255) CHARACTER SET utf8 COLLATE utf8_bin NULL DEFAULT NULL,
  `TASK_ID_` varchar(64) CHARACTER SET utf8 COLLATE utf8_bin NULL DEFAULT NULL,
  `PROC_INST_ID_` varchar(64) CHARACTER SET utf8 COLLATE utf8_bin NULL DEFAULT NULL,
  `URL_` varchar(4000) CHARACTER SET utf8 COLLATE utf8_bin NULL DEFAULT NULL,
  `CONTENT_ID_` varchar(64) CHARACTER SET utf8 COLLATE utf8_bin NULL DEFAULT NULL,
  `TIME_` datetime(3) NULL DEFAULT NULL,
  PRIMARY KEY (`ID_`) USING BTREE
) ENGINE = InnoDB CHARACTER SET = utf8 COLLATE = utf8_bin ROW_FORMAT = Dynamic;

-- ----------------------------
-- Table structure for ACT_HI_COMMENT
-- ----------------------------
DROP TABLE IF EXISTS `ACT_HI_COMMENT`;
CREATE TABLE `ACT_HI_COMMENT`  (
  `ID_` varchar(64) CHARACTER SET utf8 COLLATE utf8_bin NOT NULL,
  `TYPE_` varchar(255) CHARACTER SET utf8 COLLATE utf8_bin NULL DEFAULT NULL,
  `TIME_` datetime(3) NOT NULL,
  `USER_ID_` varchar(255) CHARACTER SET utf8 COLLATE utf8_bin NULL DEFAULT NULL,
  `TASK_ID_` varchar(64) CHARACTER SET utf8 COLLATE utf8_bin NULL DEFAULT NULL,
  `PROC_INST_ID_` varchar(64) CHARACTER SET utf8 COLLATE utf8_bin NULL DEFAULT NULL,
  `ACTION_` varchar(255) CHARACTER SET utf8 COLLATE utf8_bin NULL DEFAULT NULL,
  `MESSAGE_` varchar(4000) CHARACTER SET utf8 COLLATE utf8_bin NULL DEFAULT NULL,
  `FULL_MSG_` longblob NULL,
  PRIMARY KEY (`ID_`) USING BTREE
) ENGINE = InnoDB CHARACTER SET = utf8 COLLATE = utf8_bin ROW_FORMAT = Dynamic;

-- ----------------------------
-- Records of ACT_HI_COMMENT
-- ----------------------------
INSERT INTO `ACT_HI_COMMENT` VALUES ('0605d067-305c-11ea-9129-00163e2e65eb', 'comment', '2020-01-06 16:10:38.439', NULL, 'e318ed34-305b-11ea-9129-00163e2e65eb', 'e318c61c-305b-11ea-9129-00163e2e65eb', 'AddComment', '321312313', 0x333231333132333133);
INSERT INTO `ACT_HI_COMMENT` VALUES ('08035eed-2df4-11ea-aa23-c85b7643dd9e', 'comment', '2020-01-03 14:41:11.793', NULL, '79d709fa-2df3-11ea-aa23-c85b7643dd9e', '79cea582-2df3-11ea-aa23-c85b7643dd9e', 'AddComment', '驳回1111', 0xE9A9B3E59B9E31313131);
INSERT INTO `ACT_HI_COMMENT` VALUES ('11bd1e70-672c-11ea-9661-00163e2e65eb', 'comment', '2020-03-16 10:15:56.205', 'jsite', '4a4f8e28-4e4c-11ea-9661-00163e2e65eb', '4a4f6710-4e4c-11ea-9661-00163e2e65eb', 'AddComment', '同意', 0xE5908CE6848F);
INSERT INTO `ACT_HI_COMMENT` VALUES ('1912fc47-38fc-11ea-aa63-00163e2e65eb', 'comment', '2020-01-17 15:36:39.181', 'jsite', 'f5d44386-3733-11ea-aa63-00163e2e65eb', 'f5d4437e-3733-11ea-aa63-00163e2e65eb', 'AddComment', '同意', 0xE5908CE6848F);
INSERT INTO `ACT_HI_COMMENT` VALUES ('1aa1f5bb-2f8c-11ea-9129-00163e2e65eb', 'comment', '2020-01-05 15:22:17.697', NULL, '1035ced8-2f8c-11ea-9129-00163e2e65eb', '1035a7c0-2f8c-11ea-9129-00163e2e65eb', 'AddComment', '同意', 0xE5908CE6848F);
INSERT INTO `ACT_HI_COMMENT` VALUES ('2080583a-3743-11ea-aa63-00163e2e65eb', 'comment', '2020-01-15 11:00:03.584', 'jsite', 'caeab430-36ae-11ea-aa63-00163e2e65eb', 'caea8d18-36ae-11ea-aa63-00163e2e65eb', 'AddComment', '同意', 0xE5908CE6848F);
INSERT INTO `ACT_HI_COMMENT` VALUES ('2b9af16c-38fc-11ea-aa63-00163e2e65eb', 'comment', '2020-01-17 15:37:10.271', 'jsite', '3a5e4de7-3694-11ea-aa63-00163e2e65eb', '979e7168-3368-11ea-aa63-00163e2e65eb', 'AddComment', '同意', 0xE5908CE6848F);
INSERT INTO `ACT_HI_COMMENT` VALUES ('34ad9c46-5906-11ea-9661-00163e2e65eb', 'comment', '2020-02-27 10:09:37.669', 'jsite', '462d5224-58a3-11ea-9661-00163e2e65eb', 'def0a034-562d-11ea-9661-00163e2e65eb', 'AddComment', '1231321', 0x31323331333231);
INSERT INTO `ACT_HI_COMMENT` VALUES ('34c74550-38fc-11ea-aa63-00163e2e65eb', 'comment', '2020-01-17 15:37:25.661', 'jsite', 'a0afb0f3-2df4-11ea-aa23-c85b7643dd9e', 'a0af89db-2df4-11ea-aa23-c85b7643dd9e', 'AddComment', '同意', 0xE5908CE6848F);
INSERT INTO `ACT_HI_COMMENT` VALUES ('3a55e973-3694-11ea-aa63-00163e2e65eb', 'comment', '2020-01-14 14:08:04.999', 'jsite', '917e7355-3678-11ea-aa63-00163e2e65eb', '979e7168-3368-11ea-aa63-00163e2e65eb', 'AddComment', '同意', 0xE5908CE6848F);
INSERT INTO `ACT_HI_COMMENT` VALUES ('3e436ac3-5184-11ea-9661-00163e2e65eb', 'comment', '2020-02-17 20:51:41.036', 'jsite', 'c0a8e6a9-3051-11ea-9129-00163e2e65eb', '783cda15-2e95-11ea-9129-00163e2e65eb', 'AddComment', '啊啊啊啊啊啊啊啊啊啊啊 驳回', 0xE5958AE5958AE5958AE5958AE5958AE5958AE5958AE5958AE5958AE5958AE5958A2020E9A9B3E59B9E);
INSERT INTO `ACT_HI_COMMENT` VALUES ('42d29c69-3694-11ea-aa63-00163e2e65eb', 'comment', '2020-01-14 14:08:19.238', NULL, '264a9a4e-3678-11ea-aa63-00163e2e65eb', '264a7336-3678-11ea-aa63-00163e2e65eb', 'AddComment', '同意', 0xE5908CE6848F);
INSERT INTO `ACT_HI_COMMENT` VALUES ('46227cb0-58a3-11ea-9661-00163e2e65eb', 'comment', '2020-02-26 22:21:26.780', 'jsite', '6a196e3f-56a7-11ea-9661-00163e2e65eb', 'def0a034-562d-11ea-9661-00163e2e65eb', 'AddComment', '1231321', 0x31323331333231);
INSERT INTO `ACT_HI_COMMENT` VALUES ('4f463606-4d82-11ea-9b4e-00163e2e65eb', 'comment', '2020-02-12 18:27:45.931', 'jsite', 'd698cf13-4d81-11ea-9b4e-00163e2e65eb', 'd698a7fb-4d81-11ea-9b4e-00163e2e65eb', 'AddComment', '同意', 0xE5908CE6848F);
INSERT INTO `ACT_HI_COMMENT` VALUES ('503a07aa-591f-11ea-9661-00163e2e65eb', 'comment', '2020-02-27 13:09:21.306', 'jsite', 'af9081a2-56af-11ea-9661-00163e2e65eb', 'af905a8a-56af-11ea-9661-00163e2e65eb', 'AddComment', '同意', 0xE5908CE6848F);
INSERT INTO `ACT_HI_COMMENT` VALUES ('50e32ecd-53c5-11ea-9661-00163e2e65eb', 'comment', '2020-02-20 17:42:31.895', NULL, '6a63cfd6-52f6-11ea-9661-00163e2e65eb', 'e521e4ae-52ea-11ea-9661-00163e2e65eb', 'AddComment', '同意', 0xE5908CE6848F);
INSERT INTO `ACT_HI_COMMENT` VALUES ('519cbc89-3029-11ea-9129-00163e2e65eb', 'comment', '2020-01-06 10:07:40.924', NULL, '3d30c526-3029-11ea-9129-00163e2e65eb', '3d309e0e-3029-11ea-9129-00163e2e65eb', 'AddComment', '驳回', 0xE9A9B3E59B9E);
INSERT INTO `ACT_HI_COMMENT` VALUES ('545d3555-38fc-11ea-aa63-00163e2e65eb', 'comment', '2020-01-17 15:38:18.653', 'jsite', 'ec0a0e04-38fb-11ea-aa63-00163e2e65eb', 'ec0a0dfc-38fb-11ea-aa63-00163e2e65eb', 'AddComment', '同意', 0xE5908CE6848F);
INSERT INTO `ACT_HI_COMMENT` VALUES ('546a1ccf-591f-11ea-9661-00163e2e65eb', 'comment', '2020-02-27 13:09:28.332', NULL, 'f9e04999-38f5-11ea-aa63-00163e2e65eb', 'f9e02281-38f5-11ea-aa63-00163e2e65eb', 'AddComment', '同意', 0xE5908CE6848F);
INSERT INTO `ACT_HI_COMMENT` VALUES ('5635d583-2df4-11ea-aa23-c85b7643dd9e', 'comment', '2020-01-03 14:43:22.986', NULL, '084d1221-2df4-11ea-aa23-c85b7643dd9e', '79cea582-2df3-11ea-aa23-c85b7643dd9e', 'AddComment', '驳回1111', 0xE9A9B3E59B9E31313131);
INSERT INTO `ACT_HI_COMMENT` VALUES ('5b96c5eb-4e4c-11ea-9661-00163e2e65eb', 'comment', '2020-02-13 18:34:04.931', NULL, 'e08f45f7-4c97-11ea-9b4e-00163e2e65eb', 'e08f1edf-4c97-11ea-9b4e-00163e2e65eb', 'AddComment', '同意', 0xE5908CE6848F);
INSERT INTO `ACT_HI_COMMENT` VALUES ('5f6dbe8f-4e4c-11ea-9661-00163e2e65eb', 'comment', '2020-02-13 18:34:11.373', NULL, 'c524994c-3156-11ea-9129-00163e2e65eb', 'c5247234-3156-11ea-9129-00163e2e65eb', 'AddComment', '同意', 0xE5908CE6848F);
INSERT INTO `ACT_HI_COMMENT` VALUES ('6156bf1d-61d3-11ea-9661-00163e2e65eb', 'comment', '2020-03-09 14:58:28.729', 'jsitehr', '54602c87-4f9d-11ea-9661-00163e2e65eb', '5460056f-4f9d-11ea-9661-00163e2e65eb', 'AddComment', '同意', 0xE5908CE6848F);
INSERT INTO `ACT_HI_COMMENT` VALUES ('63c09bd3-5c69-11ea-9661-00163e2e65eb', 'comment', '2020-03-02 17:37:10.311', NULL, '6ba6de77-5a21-11ea-9661-00163e2e65eb', '18a05841-517b-11ea-9661-00163e2e65eb', 'AddComment', '同意', 0xE5908CE6848F);
INSERT INTO `ACT_HI_COMMENT` VALUES ('68fec596-5c69-11ea-9661-00163e2e65eb', 'comment', '2020-03-02 17:37:19.107', 'jsite', 'dd6b2b50-59cc-11ea-9661-00163e2e65eb', '56631326-383f-11ea-aa63-00163e2e65eb', 'AddComment', '驳回', 0xE9A9B3E59B9E);
INSERT INTO `ACT_HI_COMMENT` VALUES ('6a12b77b-56a7-11ea-9661-00163e2e65eb', 'comment', '2020-02-24 09:46:02.736', NULL, 'def0c74c-562d-11ea-9661-00163e2e65eb', 'def0a034-562d-11ea-9661-00163e2e65eb', 'AddComment', '驳回', 0xE9A9B3E59B9E);
INSERT INTO `ACT_HI_COMMENT` VALUES ('6a5d4021-52f6-11ea-9661-00163e2e65eb', 'comment', '2020-02-19 17:01:28.815', 'jsite', 'e5220bc6-52ea-11ea-9661-00163e2e65eb', 'e521e4ae-52ea-11ea-9661-00163e2e65eb', 'AddComment', '驳回', 0xE9A9B3E59B9E);
INSERT INTO `ACT_HI_COMMENT` VALUES ('6b9f6463-5a21-11ea-9661-00163e2e65eb', 'comment', '2020-02-28 19:56:57.425', 'jsite', '9b700ae0-517b-11ea-9661-00163e2e65eb', '18a05841-517b-11ea-9661-00163e2e65eb', 'AddComment', '同意', 0xE5908CE6848F);
INSERT INTO `ACT_HI_COMMENT` VALUES ('6d232098-2df4-11ea-aa23-c85b7643dd9e', 'comment', '2020-01-03 14:44:01.451', NULL, '572c4376-2df4-11ea-aa23-c85b7643dd9e', '79cea582-2df3-11ea-aa23-c85b7643dd9e', 'AddComment', '驳回1111', 0xE9A9B3E59B9E31313131);
INSERT INTO `ACT_HI_COMMENT` VALUES ('70720aae-337a-11ea-aa63-00163e2e65eb', 'comment', '2020-01-10 15:25:55.377', 'dept', 'aa3c5095-3349-11ea-aa63-00163e2e65eb', 'aa3c297d-3349-11ea-aa63-00163e2e65eb', 'AddComment', '同意', 0xE5908CE6848F);
INSERT INTO `ACT_HI_COMMENT` VALUES ('786cdcdb-591f-11ea-9661-00163e2e65eb', 'comment', '2020-02-27 13:10:28.748', 'jsite', '5663132e-383f-11ea-aa63-00163e2e65eb', '56631326-383f-11ea-aa63-00163e2e65eb', 'AddComment', '驳回', 0xE9A9B3E59B9E);
INSERT INTO `ACT_HI_COMMENT` VALUES ('7ff98ef7-520f-11ea-9661-00163e2e65eb', 'comment', '2020-02-18 13:28:31.327', NULL, '6678f1fe-515a-11ea-9661-00163e2e65eb', '6678cae6-515a-11ea-9661-00163e2e65eb', 'AddComment', '同意', 0xE5908CE6848F);
INSERT INTO `ACT_HI_COMMENT` VALUES ('8d0aad5e-3387-11ea-aa63-00163e2e65eb', 'comment', '2020-01-10 16:59:46.811', 'jsite', '0ad9ee64-3223-11ea-aa63-00163e2e65eb', '0ad9c74c-3223-11ea-aa63-00163e2e65eb', 'AddComment', '驳回', 0xE9A9B3E59B9E);
INSERT INTO `ACT_HI_COMMENT` VALUES ('91760ee1-3678-11ea-aa63-00163e2e65eb', 'comment', '2020-01-14 10:50:05.263', NULL, '979e9880-3368-11ea-aa63-00163e2e65eb', '979e7168-3368-11ea-aa63-00163e2e65eb', 'AddComment', '驳回', 0xE9A9B3E59B9E);
INSERT INTO `ACT_HI_COMMENT` VALUES ('94eba4c0-312a-11ea-9129-00163e2e65eb', 'comment', '2020-01-07 16:49:14.508', NULL, '3414e5ec-3046-11ea-9129-00163e2e65eb', '3414bed4-3046-11ea-9129-00163e2e65eb', 'AddComment', '不批准', 0xE4B88DE689B9E58786);
INSERT INTO `ACT_HI_COMMENT` VALUES ('98c36af6-56be-11ea-9661-00163e2e65eb', 'comment', '2020-02-24 12:31:59.494', NULL, '50e97060-53c5-11ea-9661-00163e2e65eb', 'e521e4ae-52ea-11ea-9661-00163e2e65eb', 'AddComment', '同意', 0xE5908CE6848F);
INSERT INTO `ACT_HI_COMMENT` VALUES ('9a2c4a92-52df-11ea-9661-00163e2e65eb', 'comment', '2020-02-19 14:18:10.599', NULL, '1f538bdc-4f9d-11ea-9661-00163e2e65eb', '1f538bd4-4f9d-11ea-9661-00163e2e65eb', 'AddComment', 'eeeee', 0x6565656565);
INSERT INTO `ACT_HI_COMMENT` VALUES ('9b65ab9c-517b-11ea-9661-00163e2e65eb', 'comment', '2020-02-17 19:49:51.818', NULL, '18a05849-517b-11ea-9661-00163e2e65eb', '18a05841-517b-11ea-9661-00163e2e65eb', 'AddComment', '驳回', 0xE9A9B3E59B9E);
INSERT INTO `ACT_HI_COMMENT` VALUES ('9d9fa8ef-3029-11ea-9129-00163e2e65eb', 'comment', '2020-01-06 10:09:48.450', NULL, '520e912d-3029-11ea-9129-00163e2e65eb', '3d309e0e-3029-11ea-9129-00163e2e65eb', 'AddComment', '同意', 0xE5908CE6848F);
INSERT INTO `ACT_HI_COMMENT` VALUES ('a2034a0f-3051-11ea-9129-00163e2e65eb', 'comment', '2020-01-06 14:56:15.683', NULL, '784d2dcd-2e95-11ea-9129-00163e2e65eb', '783cda15-2e95-11ea-9129-00163e2e65eb', 'AddComment', '啊啊啊啊啊啊啊啊啊啊啊 驳回', 0xE5958AE5958AE5958AE5958AE5958AE5958AE5958AE5958AE5958AE5958AE5958A2020E9A9B3E59B9E);
INSERT INTO `ACT_HI_COMMENT` VALUES ('a2282f7b-35d5-11ea-aa63-00163e2e65eb', 'comment', '2020-01-13 15:23:45.307', 'jsite', '8d149873-3387-11ea-aa63-00163e2e65eb', '0ad9c74c-3223-11ea-aa63-00163e2e65eb', 'AddComment', '同意', 0xE5908CE6848F);
INSERT INTO `ACT_HI_COMMENT` VALUES ('ad4f6901-35d5-11ea-aa63-00163e2e65eb', 'comment', '2020-01-13 15:24:04.019', 'jsite', 'a2328fbf-35d5-11ea-aa63-00163e2e65eb', '0ad9c74c-3223-11ea-aa63-00163e2e65eb', 'AddComment', '同意', 0xE5908CE6848F);
INSERT INTO `ACT_HI_COMMENT` VALUES ('b1730e4f-31c4-11ea-9129-00163e2e65eb', 'comment', '2020-01-08 11:12:24.868', NULL, '143fa90b-3029-11ea-9129-00163e2e65eb', '143f81f3-3029-11ea-9129-00163e2e65eb', 'AddComment', '同意', 0xE5908CE6848F);
INSERT INTO `ACT_HI_COMMENT` VALUES ('b1d89aa5-35d5-11ea-aa63-00163e2e65eb', 'comment', '2020-01-13 15:24:11.629', 'jsite', '90239b28-35d5-11ea-aa63-00163e2e65eb', '90237410-35d5-11ea-aa63-00163e2e65eb', 'AddComment', '同意', 0xE5908CE6848F);
INSERT INTO `ACT_HI_COMMENT` VALUES ('b390b5cd-3119-11ea-9129-00163e2e65eb', 'comment', '2020-01-07 14:48:24.476', NULL, '9da8a9a2-3029-11ea-9129-00163e2e65eb', '3d309e0e-3029-11ea-9129-00163e2e65eb', 'AddComment', 'ddsfsfsdfsdfs', 0x64647366736673646673646673);
INSERT INTO `ACT_HI_COMMENT` VALUES ('b74a7e9a-35d5-11ea-aa63-00163e2e65eb', 'comment', '2020-01-13 15:24:20.763', 'jsite', '7c8a59dd-35d1-11ea-aa63-00163e2e65eb', '7c8a32c5-35d1-11ea-aa63-00163e2e65eb', 'AddComment', '同意', 0xE5908CE6848F);
INSERT INTO `ACT_HI_COMMENT` VALUES ('c0a27e06-3051-11ea-9129-00163e2e65eb', 'comment', '2020-01-06 14:57:07.058', NULL, 'a20ac423-3051-11ea-9129-00163e2e65eb', '783cda15-2e95-11ea-9129-00163e2e65eb', 'AddComment', '啊啊啊啊啊啊啊啊啊啊啊 驳回', 0xE5958AE5958AE5958AE5958AE5958AE5958AE5958AE5958AE5958AE5958AE5958A2020E9A9B3E59B9E);
INSERT INTO `ACT_HI_COMMENT` VALUES ('c1869f4e-5d30-11ea-9661-00163e2e65eb', 'comment', '2020-03-03 17:24:17.486', 'jsite', '6906189a-5c69-11ea-9661-00163e2e65eb', '56631326-383f-11ea-aa63-00163e2e65eb', 'AddComment', '同意', 0xE5908CE6848F);
INSERT INTO `ACT_HI_COMMENT` VALUES ('d15947e4-52c7-11ea-8c7c-c85b7643dd9e', 'comment', '2020-02-19 11:27:55.248', NULL, 'aee209e1-52c7-11ea-8c7c-c85b7643dd9e', 'aed40019-52c7-11ea-8c7c-c85b7643dd9e', 'AddComment', '驳回测试', 0xE9A9B3E59B9EE6B58BE8AF95);
INSERT INTO `ACT_HI_COMMENT` VALUES ('d207f42e-5c5a-11ea-9661-00163e2e65eb', 'comment', '2020-03-02 15:52:52.877', 'jsite', 'ca5a8cc7-4d6c-11ea-9b4e-00163e2e65eb', 'ca5a65af-4d6c-11ea-9b4e-00163e2e65eb', 'AddComment', '同意', 0xE5908CE6848F);
INSERT INTO `ACT_HI_COMMENT` VALUES ('dd66494c-59cc-11ea-9661-00163e2e65eb', 'comment', '2020-02-28 09:51:41.089', 'jsitehr', '78778b40-591f-11ea-9661-00163e2e65eb', '56631326-383f-11ea-aa63-00163e2e65eb', 'AddComment', '同意', 0xE5908CE6848F);
INSERT INTO `ACT_HI_COMMENT` VALUES ('e57b581a-4c97-11ea-9b4e-00163e2e65eb', 'comment', '2020-02-11 14:29:46.206', NULL, 'dafee150-367d-11ea-aa63-00163e2e65eb', 'dafeba38-367d-11ea-aa63-00163e2e65eb', 'AddComment', '同意', 0xE5908CE6848F);
INSERT INTO `ACT_HI_COMMENT` VALUES ('ec850bca-5dd9-11ea-9661-00163e2e65eb', 'comment', '2020-03-04 13:35:14.565', NULL, 'c18d07f2-5d30-11ea-9661-00163e2e65eb', '56631326-383f-11ea-aa63-00163e2e65eb', 'AddComment', '同意', 0xE5908CE6848F);
INSERT INTO `ACT_HI_COMMENT` VALUES ('f15e7a3d-5230-11ea-9661-00163e2e65eb', 'comment', '2020-02-18 17:27:54.963', NULL, '48690372-4f9e-11ea-9661-00163e2e65eb', '4868dc5a-4f9e-11ea-9661-00163e2e65eb', 'AddComment', '同意', 0xE5908CE6848F);
INSERT INTO `ACT_HI_COMMENT` VALUES ('f2b7c128-56a6-11ea-9661-00163e2e65eb', 'comment', '2020-02-24 09:42:42.491', NULL, 'f4e21cfe-52c7-11ea-8c7c-c85b7643dd9e', 'aed40019-52c7-11ea-8c7c-c85b7643dd9e', 'AddComment', '驳回测试', 0xE9A9B3E59B9EE6B58BE8AF95);
INSERT INTO `ACT_HI_COMMENT` VALUES ('f4bd7dfb-52c7-11ea-8c7c-c85b7643dd9e', 'comment', '2020-02-19 11:28:54.625', NULL, 'd18a42f8-52c7-11ea-8c7c-c85b7643dd9e', 'aed40019-52c7-11ea-8c7c-c85b7643dd9e', 'AddComment', '驳回测试', 0xE9A9B3E59B9EE6B58BE8AF95);

-- ----------------------------
-- Table structure for ACT_HI_DETAIL
-- ----------------------------
DROP TABLE IF EXISTS `ACT_HI_DETAIL`;
CREATE TABLE `ACT_HI_DETAIL`  (
  `ID_` varchar(64) CHARACTER SET utf8 COLLATE utf8_bin NOT NULL,
  `TYPE_` varchar(255) CHARACTER SET utf8 COLLATE utf8_bin NOT NULL,
  `PROC_INST_ID_` varchar(64) CHARACTER SET utf8 COLLATE utf8_bin NULL DEFAULT NULL,
  `EXECUTION_ID_` varchar(64) CHARACTER SET utf8 COLLATE utf8_bin NULL DEFAULT NULL,
  `TASK_ID_` varchar(64) CHARACTER SET utf8 COLLATE utf8_bin NULL DEFAULT NULL,
  `ACT_INST_ID_` varchar(64) CHARACTER SET utf8 COLLATE utf8_bin NULL DEFAULT NULL,
  `NAME_` varchar(255) CHARACTER SET utf8 COLLATE utf8_bin NOT NULL,
  `VAR_TYPE_` varchar(255) CHARACTER SET utf8 COLLATE utf8_bin NULL DEFAULT NULL,
  `REV_` int(11) NULL DEFAULT NULL,
  `TIME_` datetime(3) NOT NULL,
  `BYTEARRAY_ID_` varchar(64) CHARACTER SET utf8 COLLATE utf8_bin NULL DEFAULT NULL,
  `DOUBLE_` double NULL DEFAULT NULL,
  `LONG_` bigint(20) NULL DEFAULT NULL,
  `TEXT_` varchar(4000) CHARACTER SET utf8 COLLATE utf8_bin NULL DEFAULT NULL,
  `TEXT2_` varchar(4000) CHARACTER SET utf8 COLLATE utf8_bin NULL DEFAULT NULL,
  PRIMARY KEY (`ID_`) USING BTREE,
  INDEX `ACT_IDX_HI_DETAIL_PROC_INST`(`PROC_INST_ID_`) USING BTREE,
  INDEX `ACT_IDX_HI_DETAIL_ACT_INST`(`ACT_INST_ID_`) USING BTREE,
  INDEX `ACT_IDX_HI_DETAIL_TIME`(`TIME_`) USING BTREE,
  INDEX `ACT_IDX_HI_DETAIL_NAME`(`NAME_`) USING BTREE,
  INDEX `ACT_IDX_HI_DETAIL_TASK_ID`(`TASK_ID_`) USING BTREE
) ENGINE = InnoDB CHARACTER SET = utf8 COLLATE = utf8_bin ROW_FORMAT = Dynamic;

-- ----------------------------
-- Table structure for ACT_HI_IDENTITYLINK
-- ----------------------------
DROP TABLE IF EXISTS `ACT_HI_IDENTITYLINK`;
CREATE TABLE `ACT_HI_IDENTITYLINK`  (
  `ID_` varchar(64) CHARACTER SET utf8 COLLATE utf8_bin NOT NULL,
  `GROUP_ID_` varchar(255) CHARACTER SET utf8 COLLATE utf8_bin NULL DEFAULT NULL,
  `TYPE_` varchar(255) CHARACTER SET utf8 COLLATE utf8_bin NULL DEFAULT NULL,
  `USER_ID_` varchar(255) CHARACTER SET utf8 COLLATE utf8_bin NULL DEFAULT NULL,
  `TASK_ID_` varchar(64) CHARACTER SET utf8 COLLATE utf8_bin NULL DEFAULT NULL,
  `CREATE_TIME_` datetime(3) NULL DEFAULT NULL,
  `PROC_INST_ID_` varchar(64) CHARACTER SET utf8 COLLATE utf8_bin NULL DEFAULT NULL,
  `SCOPE_ID_` varchar(255) CHARACTER SET utf8 COLLATE utf8_bin NULL DEFAULT NULL,
  `SCOPE_TYPE_` varchar(255) CHARACTER SET utf8 COLLATE utf8_bin NULL DEFAULT NULL,
  `SCOPE_DEFINITION_ID_` varchar(255) CHARACTER SET utf8 COLLATE utf8_bin NULL DEFAULT NULL,
  PRIMARY KEY (`ID_`) USING BTREE,
  INDEX `ACT_IDX_HI_IDENT_LNK_USER`(`USER_ID_`) USING BTREE,
  INDEX `ACT_IDX_HI_IDENT_LNK_SCOPE`(`SCOPE_ID_`, `SCOPE_TYPE_`) USING BTREE,
  INDEX `ACT_IDX_HI_IDENT_LNK_SCOPE_DEF`(`SCOPE_DEFINITION_ID_`, `SCOPE_TYPE_`) USING BTREE,
  INDEX `ACT_IDX_HI_IDENT_LNK_TASK`(`TASK_ID_`) USING BTREE,
  INDEX `ACT_IDX_HI_IDENT_LNK_PROCINST`(`PROC_INST_ID_`) USING BTREE
) ENGINE = InnoDB CHARACTER SET = utf8 COLLATE = utf8_bin ROW_FORMAT = Dynamic;

-- ----------------------------
-- Records of ACT_HI_IDENTITYLINK
-- ----------------------------
INSERT INTO `ACT_HI_IDENTITYLINK` VALUES ('006ae1bc-3838-11ea-aa63-00163e2e65eb', NULL, 'starter', 'jsite', NULL, '2020-01-16 16:12:56.455', '006ae1ba-3838-11ea-aa63-00163e2e65eb', NULL, NULL, NULL);
INSERT INTO `ACT_HI_IDENTITYLINK` VALUES ('006b08d3-3838-11ea-aa63-00163e2e65eb', NULL, 'assignee', 'jsitehr', '006ae1c2-3838-11ea-aa63-00163e2e65eb', '2020-01-16 16:12:56.456', NULL, NULL, NULL, NULL);
INSERT INTO `ACT_HI_IDENTITYLINK` VALUES ('006b08d4-3838-11ea-aa63-00163e2e65eb', NULL, 'participant', 'jsitehr', NULL, '2020-01-16 16:12:56.456', '006ae1ba-3838-11ea-aa63-00163e2e65eb', NULL, NULL, NULL);
INSERT INTO `ACT_HI_IDENTITYLINK` VALUES ('084d1222-2df4-11ea-aa23-c85b7643dd9e', NULL, 'assignee', 'jsite', '084d1221-2df4-11ea-aa23-c85b7643dd9e', '2020-01-03 14:41:12.276', NULL, NULL, NULL, NULL);
INSERT INTO `ACT_HI_IDENTITYLINK` VALUES ('0ad9c74e-3223-11ea-aa63-00163e2e65eb', NULL, 'starter', 'jsite', NULL, '2020-01-08 22:27:47.551', '0ad9c74c-3223-11ea-aa63-00163e2e65eb', NULL, NULL, NULL);
INSERT INTO `ACT_HI_IDENTITYLINK` VALUES ('0ad9ee65-3223-11ea-aa63-00163e2e65eb', NULL, 'assignee', 'jsite', '0ad9ee64-3223-11ea-aa63-00163e2e65eb', '2020-01-08 22:27:47.552', NULL, NULL, NULL, NULL);
INSERT INTO `ACT_HI_IDENTITYLINK` VALUES ('0ad9ee66-3223-11ea-aa63-00163e2e65eb', NULL, 'participant', 'jsite', NULL, '2020-01-08 22:27:47.552', '0ad9c74c-3223-11ea-aa63-00163e2e65eb', NULL, NULL, NULL);
INSERT INTO `ACT_HI_IDENTITYLINK` VALUES ('10357d33-31f9-11ea-aa63-00163e2e65eb', NULL, 'starter', 'jsite', NULL, '2020-01-08 17:27:17.679', '1034b9e1-31f9-11ea-aa63-00163e2e65eb', NULL, NULL, NULL);
INSERT INTO `ACT_HI_IDENTITYLINK` VALUES ('1035a7c2-2f8c-11ea-9129-00163e2e65eb', NULL, 'starter', 'jsite', NULL, '2020-01-05 15:22:00.210', '1035a7c0-2f8c-11ea-9129-00163e2e65eb', NULL, NULL, NULL);
INSERT INTO `ACT_HI_IDENTITYLINK` VALUES ('1035ced9-2f8c-11ea-9129-00163e2e65eb', NULL, 'assignee', 'jsite', '1035ced8-2f8c-11ea-9129-00163e2e65eb', '2020-01-05 15:22:00.211', NULL, NULL, NULL, NULL);
INSERT INTO `ACT_HI_IDENTITYLINK` VALUES ('1035ceda-2f8c-11ea-9129-00163e2e65eb', NULL, 'participant', 'jsite', NULL, '2020-01-05 15:22:00.211', '1035a7c0-2f8c-11ea-9129-00163e2e65eb', NULL, NULL, NULL);
INSERT INTO `ACT_HI_IDENTITYLINK` VALUES ('103c5b0a-31f9-11ea-aa63-00163e2e65eb', NULL, 'assignee', 'jsitehr', '103bbec9-31f9-11ea-aa63-00163e2e65eb', '2020-01-08 17:27:17.723', NULL, NULL, NULL, NULL);
INSERT INTO `ACT_HI_IDENTITYLINK` VALUES ('103c5b0b-31f9-11ea-aa63-00163e2e65eb', NULL, 'participant', 'jsitehr', NULL, '2020-01-08 17:27:17.723', '1034b9e1-31f9-11ea-aa63-00163e2e65eb', NULL, NULL, NULL);
INSERT INTO `ACT_HI_IDENTITYLINK` VALUES ('11c47172-672c-11ea-9661-00163e2e65eb', NULL, 'participant', 'jsite', NULL, '2020-03-16 10:15:56.253', '4a4f6710-4e4c-11ea-9661-00163e2e65eb', NULL, NULL, NULL);
INSERT INTO `ACT_HI_IDENTITYLINK` VALUES ('143f81f5-3029-11ea-9129-00163e2e65eb', NULL, 'starter', 'jsite', NULL, '2020-01-06 10:05:57.972', '143f81f3-3029-11ea-9129-00163e2e65eb', NULL, NULL, NULL);
INSERT INTO `ACT_HI_IDENTITYLINK` VALUES ('143fa90c-3029-11ea-9129-00163e2e65eb', NULL, 'assignee', 'jsite', '143fa90b-3029-11ea-9129-00163e2e65eb', '2020-01-06 10:05:57.973', NULL, NULL, NULL, NULL);
INSERT INTO `ACT_HI_IDENTITYLINK` VALUES ('143fa90d-3029-11ea-9129-00163e2e65eb', NULL, 'participant', 'jsite', NULL, '2020-01-06 10:05:57.973', '143f81f3-3029-11ea-9129-00163e2e65eb', NULL, NULL, NULL);
INSERT INTO `ACT_HI_IDENTITYLINK` VALUES ('18a05843-517b-11ea-9661-00163e2e65eb', NULL, 'starter', 'dept', NULL, '2020-02-17 19:46:12.421', '18a05841-517b-11ea-9661-00163e2e65eb', NULL, NULL, NULL);
INSERT INTO `ACT_HI_IDENTITYLINK` VALUES ('18a07f5a-517b-11ea-9661-00163e2e65eb', NULL, 'assignee', 'jsitehr', '18a05849-517b-11ea-9661-00163e2e65eb', '2020-02-17 19:46:12.422', NULL, NULL, NULL, NULL);
INSERT INTO `ACT_HI_IDENTITYLINK` VALUES ('18a07f5b-517b-11ea-9661-00163e2e65eb', NULL, 'participant', 'jsitehr', NULL, '2020-02-17 19:46:12.422', '18a05841-517b-11ea-9661-00163e2e65eb', NULL, NULL, NULL);
INSERT INTO `ACT_HI_IDENTITYLINK` VALUES ('191a7659-38fc-11ea-aa63-00163e2e65eb', NULL, 'participant', 'jsite', NULL, '2020-01-17 15:36:39.230', 'f5d4437e-3733-11ea-aa63-00163e2e65eb', NULL, NULL, NULL);
INSERT INTO `ACT_HI_IDENTITYLINK` VALUES ('1f538bd6-4f9d-11ea-9661-00163e2e65eb', NULL, 'starter', 'jsite', NULL, '2020-02-15 10:44:44.225', '1f538bd4-4f9d-11ea-9661-00163e2e65eb', NULL, NULL, NULL);
INSERT INTO `ACT_HI_IDENTITYLINK` VALUES ('1f53b2ed-4f9d-11ea-9661-00163e2e65eb', NULL, 'assignee', 'jsiteuser', '1f538bdc-4f9d-11ea-9661-00163e2e65eb', '2020-02-15 10:44:44.226', NULL, NULL, NULL, NULL);
INSERT INTO `ACT_HI_IDENTITYLINK` VALUES ('1f53b2ee-4f9d-11ea-9661-00163e2e65eb', NULL, 'participant', 'jsiteuser', NULL, '2020-02-15 10:44:44.226', '1f538bd4-4f9d-11ea-9661-00163e2e65eb', NULL, NULL, NULL);
INSERT INTO `ACT_HI_IDENTITYLINK` VALUES ('2087ab3c-3743-11ea-aa63-00163e2e65eb', NULL, 'participant', 'jsite', NULL, '2020-01-15 11:00:03.632', 'caea8d18-36ae-11ea-aa63-00163e2e65eb', NULL, NULL, NULL);
INSERT INTO `ACT_HI_IDENTITYLINK` VALUES ('264a7338-3678-11ea-aa63-00163e2e65eb', NULL, 'starter', 'jsite', NULL, '2020-01-14 10:47:05.461', '264a7336-3678-11ea-aa63-00163e2e65eb', NULL, NULL, NULL);
INSERT INTO `ACT_HI_IDENTITYLINK` VALUES ('264a9a4f-3678-11ea-aa63-00163e2e65eb', NULL, 'assignee', 'jsite', '264a9a4e-3678-11ea-aa63-00163e2e65eb', '2020-01-14 10:47:05.462', NULL, NULL, NULL, NULL);
INSERT INTO `ACT_HI_IDENTITYLINK` VALUES ('264a9a50-3678-11ea-aa63-00163e2e65eb', NULL, 'participant', 'jsite', NULL, '2020-01-14 10:47:05.462', '264a7336-3678-11ea-aa63-00163e2e65eb', NULL, NULL, NULL);
INSERT INTO `ACT_HI_IDENTITYLINK` VALUES ('2ba1f64d-38fc-11ea-aa63-00163e2e65eb', NULL, 'participant', 'jsite', NULL, '2020-01-17 15:37:10.317', '979e7168-3368-11ea-aa63-00163e2e65eb', NULL, NULL, NULL);
INSERT INTO `ACT_HI_IDENTITYLINK` VALUES ('3414bed6-3046-11ea-9129-00163e2e65eb', NULL, 'starter', 'jsite', NULL, '2020-01-06 13:34:26.784', '3414bed4-3046-11ea-9129-00163e2e65eb', NULL, NULL, NULL);
INSERT INTO `ACT_HI_IDENTITYLINK` VALUES ('3414e5ed-3046-11ea-9129-00163e2e65eb', NULL, 'assignee', 'jsitehr', '3414e5ec-3046-11ea-9129-00163e2e65eb', '2020-01-06 13:34:26.785', NULL, NULL, NULL, NULL);
INSERT INTO `ACT_HI_IDENTITYLINK` VALUES ('3414e5ee-3046-11ea-9129-00163e2e65eb', NULL, 'participant', 'jsitehr', NULL, '2020-01-06 13:34:26.785', '3414bed4-3046-11ea-9129-00163e2e65eb', NULL, NULL, NULL);
INSERT INTO `ACT_HI_IDENTITYLINK` VALUES ('34d01ef2-38fc-11ea-aa63-00163e2e65eb', NULL, 'participant', 'jsite', NULL, '2020-01-17 15:37:25.719', 'a0af89db-2df4-11ea-aa23-c85b7643dd9e', NULL, NULL, NULL);
INSERT INTO `ACT_HI_IDENTITYLINK` VALUES ('351ed4a7-5906-11ea-9661-00163e2e65eb', NULL, 'participant', 'jsite', NULL, '2020-02-27 10:09:38.411', 'def0a034-562d-11ea-9661-00163e2e65eb', NULL, NULL, NULL);
INSERT INTO `ACT_HI_IDENTITYLINK` VALUES ('3a5b8ec4-3694-11ea-aa63-00163e2e65eb', NULL, 'participant', 'jsite', NULL, '2020-01-14 14:08:05.036', '979e7168-3368-11ea-aa63-00163e2e65eb', NULL, NULL, NULL);
INSERT INTO `ACT_HI_IDENTITYLINK` VALUES ('3a5e4de8-3694-11ea-aa63-00163e2e65eb', NULL, 'assignee', 'dept', '3a5e4de7-3694-11ea-aa63-00163e2e65eb', '2020-01-14 14:08:05.054', NULL, NULL, NULL, NULL);
INSERT INTO `ACT_HI_IDENTITYLINK` VALUES ('3d30c520-3029-11ea-9129-00163e2e65eb', NULL, 'starter', 'jsite', NULL, '2020-01-06 10:07:06.662', '3d309e0e-3029-11ea-9129-00163e2e65eb', NULL, NULL, NULL);
INSERT INTO `ACT_HI_IDENTITYLINK` VALUES ('3d30ec37-3029-11ea-9129-00163e2e65eb', NULL, 'assignee', 'jsite', '3d30c526-3029-11ea-9129-00163e2e65eb', '2020-01-06 10:07:06.663', NULL, NULL, NULL, NULL);
INSERT INTO `ACT_HI_IDENTITYLINK` VALUES ('3d30ec38-3029-11ea-9129-00163e2e65eb', NULL, 'participant', 'jsite', NULL, '2020-01-06 10:07:06.663', '3d309e0e-3029-11ea-9129-00163e2e65eb', NULL, NULL, NULL);
INSERT INTO `ACT_HI_IDENTITYLINK` VALUES ('3e495e34-5184-11ea-9661-00163e2e65eb', NULL, 'participant', 'jsite', NULL, '2020-02-17 20:51:41.075', '783cda15-2e95-11ea-9129-00163e2e65eb', NULL, NULL, NULL);
INSERT INTO `ACT_HI_IDENTITYLINK` VALUES ('462a6bf1-58a3-11ea-9661-00163e2e65eb', NULL, 'participant', 'jsite', NULL, '2020-02-26 22:21:26.832', 'def0a034-562d-11ea-9661-00163e2e65eb', NULL, NULL, NULL);
INSERT INTO `ACT_HI_IDENTITYLINK` VALUES ('462d5225-58a3-11ea-9661-00163e2e65eb', NULL, 'assignee', 'jsite', '462d5224-58a3-11ea-9661-00163e2e65eb', '2020-02-26 22:21:26.851', NULL, NULL, NULL, NULL);
INSERT INTO `ACT_HI_IDENTITYLINK` VALUES ('4868dc5c-4f9e-11ea-9661-00163e2e65eb', NULL, 'starter', 'jsite', NULL, '2020-02-15 10:53:02.649', '4868dc5a-4f9e-11ea-9661-00163e2e65eb', NULL, NULL, NULL);
INSERT INTO `ACT_HI_IDENTITYLINK` VALUES ('48690373-4f9e-11ea-9661-00163e2e65eb', NULL, 'assignee', 'jsite', '48690372-4f9e-11ea-9661-00163e2e65eb', '2020-02-15 10:53:02.649', NULL, NULL, NULL, NULL);
INSERT INTO `ACT_HI_IDENTITYLINK` VALUES ('48692a84-4f9e-11ea-9661-00163e2e65eb', NULL, 'participant', 'jsite', NULL, '2020-02-15 10:53:02.650', '4868dc5a-4f9e-11ea-9661-00163e2e65eb', NULL, NULL, NULL);
INSERT INTO `ACT_HI_IDENTITYLINK` VALUES ('4a4f6712-4e4c-11ea-9661-00163e2e65eb', NULL, 'starter', 'dept', NULL, '2020-02-13 18:33:35.942', '4a4f6710-4e4c-11ea-9661-00163e2e65eb', NULL, NULL, NULL);
INSERT INTO `ACT_HI_IDENTITYLINK` VALUES ('4a4f8e29-4e4c-11ea-9661-00163e2e65eb', NULL, 'assignee', 'jsitehr', '4a4f8e28-4e4c-11ea-9661-00163e2e65eb', '2020-02-13 18:33:35.943', NULL, NULL, NULL, NULL);
INSERT INTO `ACT_HI_IDENTITYLINK` VALUES ('4a4f8e2a-4e4c-11ea-9661-00163e2e65eb', NULL, 'participant', 'jsitehr', NULL, '2020-02-13 18:33:35.943', '4a4f6710-4e4c-11ea-9661-00163e2e65eb', NULL, NULL, NULL);
INSERT INTO `ACT_HI_IDENTITYLINK` VALUES ('4f4c2978-4d82-11ea-9b4e-00163e2e65eb', NULL, 'participant', 'jsite', NULL, '2020-02-12 18:27:45.970', 'd698a7fb-4d81-11ea-9b4e-00163e2e65eb', NULL, NULL, NULL);
INSERT INTO `ACT_HI_IDENTITYLINK` VALUES ('5042ba3c-591f-11ea-9661-00163e2e65eb', NULL, 'participant', 'jsite', NULL, '2020-02-27 13:09:21.363', 'af905a8a-56af-11ea-9661-00163e2e65eb', NULL, NULL, NULL);
INSERT INTO `ACT_HI_IDENTITYLINK` VALUES ('50e99771-53c5-11ea-9661-00163e2e65eb', NULL, 'assignee', 'jsite', '50e97060-53c5-11ea-9661-00163e2e65eb', '2020-02-20 17:42:31.937', NULL, NULL, NULL, NULL);
INSERT INTO `ACT_HI_IDENTITYLINK` VALUES ('520e912e-3029-11ea-9129-00163e2e65eb', NULL, 'assignee', 'jsite', '520e912d-3029-11ea-9129-00163e2e65eb', '2020-01-06 10:07:41.670', NULL, NULL, NULL, NULL);
INSERT INTO `ACT_HI_IDENTITYLINK` VALUES ('54600571-4f9d-11ea-9661-00163e2e65eb', NULL, 'starter', 'jsite', NULL, '2020-02-15 10:46:13.227', '5460056f-4f9d-11ea-9661-00163e2e65eb', NULL, NULL, NULL);
INSERT INTO `ACT_HI_IDENTITYLINK` VALUES ('54602c88-4f9d-11ea-9661-00163e2e65eb', NULL, 'assignee', 'jsitehr', '54602c87-4f9d-11ea-9661-00163e2e65eb', '2020-02-15 10:46:13.227', NULL, NULL, NULL, NULL);
INSERT INTO `ACT_HI_IDENTITYLINK` VALUES ('54602c89-4f9d-11ea-9661-00163e2e65eb', NULL, 'participant', 'jsitehr', NULL, '2020-02-15 10:46:13.227', '5460056f-4f9d-11ea-9661-00163e2e65eb', NULL, NULL, NULL);
INSERT INTO `ACT_HI_IDENTITYLINK` VALUES ('54643a37-38fc-11ea-aa63-00163e2e65eb', NULL, 'participant', 'jsite', NULL, '2020-01-17 15:38:18.699', 'ec0a0dfc-38fb-11ea-aa63-00163e2e65eb', NULL, NULL, NULL);
INSERT INTO `ACT_HI_IDENTITYLINK` VALUES ('56631328-383f-11ea-aa63-00163e2e65eb', NULL, 'starter', 'jsite', NULL, '2020-01-16 17:05:27.165', '56631326-383f-11ea-aa63-00163e2e65eb', NULL, NULL, NULL);
INSERT INTO `ACT_HI_IDENTITYLINK` VALUES ('56633a3f-383f-11ea-aa63-00163e2e65eb', NULL, 'assignee', 'jsitehr', '5663132e-383f-11ea-aa63-00163e2e65eb', '2020-01-16 17:05:27.166', NULL, NULL, NULL, NULL);
INSERT INTO `ACT_HI_IDENTITYLINK` VALUES ('56633a40-383f-11ea-aa63-00163e2e65eb', NULL, 'participant', 'jsitehr', NULL, '2020-01-16 17:05:27.166', '56631326-383f-11ea-aa63-00163e2e65eb', NULL, NULL, NULL);
INSERT INTO `ACT_HI_IDENTITYLINK` VALUES ('572c4377-2df4-11ea-aa23-c85b7643dd9e', NULL, 'assignee', 'jsite', '572c4376-2df4-11ea-aa23-c85b7643dd9e', '2020-01-03 14:43:24.601', NULL, NULL, NULL, NULL);
INSERT INTO `ACT_HI_IDENTITYLINK` VALUES ('5da64e49-32b9-11ea-aa63-00163e2e65eb', NULL, 'starter', 'jsite', NULL, '2020-01-09 16:23:50.974', '5da62737-32b9-11ea-aa63-00163e2e65eb', NULL, NULL, NULL);
INSERT INTO `ACT_HI_IDENTITYLINK` VALUES ('5da67560-32b9-11ea-aa63-00163e2e65eb', NULL, 'assignee', 'jsiteuser', '5da64e4f-32b9-11ea-aa63-00163e2e65eb', '2020-01-09 16:23:50.975', NULL, NULL, NULL, NULL);
INSERT INTO `ACT_HI_IDENTITYLINK` VALUES ('5da67561-32b9-11ea-aa63-00163e2e65eb', NULL, 'participant', 'jsiteuser', NULL, '2020-01-09 16:23:50.975', '5da62737-32b9-11ea-aa63-00163e2e65eb', NULL, NULL, NULL);
INSERT INTO `ACT_HI_IDENTITYLINK` VALUES ('615c3d5f-61d3-11ea-9661-00163e2e65eb', NULL, 'participant', 'jsitehr', NULL, '2020-03-09 14:58:28.765', '5460056f-4f9d-11ea-9661-00163e2e65eb', NULL, NULL, NULL);
INSERT INTO `ACT_HI_IDENTITYLINK` VALUES ('6678f1f8-515a-11ea-9661-00163e2e65eb', NULL, 'starter', 'jsite', NULL, '2020-02-17 15:52:09.633', '6678cae6-515a-11ea-9661-00163e2e65eb', NULL, NULL, NULL);
INSERT INTO `ACT_HI_IDENTITYLINK` VALUES ('6678f1ff-515a-11ea-9661-00163e2e65eb', NULL, 'assignee', 'dept', '6678f1fe-515a-11ea-9661-00163e2e65eb', '2020-02-17 15:52:09.633', NULL, NULL, NULL, NULL);
INSERT INTO `ACT_HI_IDENTITYLINK` VALUES ('66791910-515a-11ea-9661-00163e2e65eb', NULL, 'participant', 'dept', NULL, '2020-02-17 15:52:09.634', '6678cae6-515a-11ea-9661-00163e2e65eb', NULL, NULL, NULL);
INSERT INTO `ACT_HI_IDENTITYLINK` VALUES ('66bf8991-3827-11ea-aa63-00163e2e65eb', NULL, 'starter', 'jsite', NULL, '2020-01-16 14:14:06.693', '66bf898f-3827-11ea-aa63-00163e2e65eb', NULL, NULL, NULL);
INSERT INTO `ACT_HI_IDENTITYLINK` VALUES ('66bfb0a8-3827-11ea-aa63-00163e2e65eb', NULL, 'assignee', 'jsitehr', '66bfb0a7-3827-11ea-aa63-00163e2e65eb', '2020-01-16 14:14:06.694', NULL, NULL, NULL, NULL);
INSERT INTO `ACT_HI_IDENTITYLINK` VALUES ('66bfb0a9-3827-11ea-aa63-00163e2e65eb', NULL, 'participant', 'jsitehr', NULL, '2020-01-16 14:14:06.694', '66bf898f-3827-11ea-aa63-00163e2e65eb', NULL, NULL, NULL);
INSERT INTO `ACT_HI_IDENTITYLINK` VALUES ('69041cc7-5c69-11ea-9661-00163e2e65eb', NULL, 'participant', 'jsite', NULL, '2020-03-02 17:37:19.142', '56631326-383f-11ea-aa63-00163e2e65eb', NULL, NULL, NULL);
INSERT INTO `ACT_HI_IDENTITYLINK` VALUES ('6906189b-5c69-11ea-9661-00163e2e65eb', NULL, 'assignee', 'jsite', '6906189a-5c69-11ea-9661-00163e2e65eb', '2020-03-02 17:37:19.155', NULL, NULL, NULL, NULL);
INSERT INTO `ACT_HI_IDENTITYLINK` VALUES ('6a196e40-56a7-11ea-9661-00163e2e65eb', NULL, 'assignee', 'dept', '6a196e3f-56a7-11ea-9661-00163e2e65eb', '2020-02-24 09:46:02.780', NULL, NULL, NULL, NULL);
INSERT INTO `ACT_HI_IDENTITYLINK` VALUES ('6a1a3191-56a7-11ea-9661-00163e2e65eb', NULL, 'participant', 'dept', NULL, '2020-02-24 09:46:02.785', 'def0a034-562d-11ea-9661-00163e2e65eb', NULL, NULL, NULL);
INSERT INTO `ACT_HI_IDENTITYLINK` VALUES ('6a61d403-52f6-11ea-9661-00163e2e65eb', NULL, 'participant', 'jsite', NULL, '2020-02-19 17:01:28.845', 'e521e4ae-52ea-11ea-9661-00163e2e65eb', NULL, NULL, NULL);
INSERT INTO `ACT_HI_IDENTITYLINK` VALUES ('6a63cfd7-52f6-11ea-9661-00163e2e65eb', NULL, 'assignee', 'jsite', '6a63cfd6-52f6-11ea-9661-00163e2e65eb', '2020-02-19 17:01:28.858', NULL, NULL, NULL, NULL);
INSERT INTO `ACT_HI_IDENTITYLINK` VALUES ('6ba49484-5a21-11ea-9661-00163e2e65eb', NULL, 'participant', 'jsite', NULL, '2020-02-28 19:56:57.459', '18a05841-517b-11ea-9661-00163e2e65eb', NULL, NULL, NULL);
INSERT INTO `ACT_HI_IDENTITYLINK` VALUES ('6ba70588-5a21-11ea-9661-00163e2e65eb', NULL, 'assignee', 'jsitehr', '6ba6de77-5a21-11ea-9661-00163e2e65eb', '2020-02-28 19:56:57.475', NULL, NULL, NULL, NULL);
INSERT INTO `ACT_HI_IDENTITYLINK` VALUES ('707da370-337a-11ea-aa63-00163e2e65eb', NULL, 'participant', 'dept', NULL, '2020-01-10 15:25:55.454', 'aa3c297d-3349-11ea-aa63-00163e2e65eb', NULL, NULL, NULL);
INSERT INTO `ACT_HI_IDENTITYLINK` VALUES ('783fe757-2e95-11ea-9129-00163e2e65eb', NULL, 'starter', 'jsite', NULL, '2020-01-04 09:56:49.068', '783cda15-2e95-11ea-9129-00163e2e65eb', NULL, NULL, NULL);
INSERT INTO `ACT_HI_IDENTITYLINK` VALUES ('784df11e-2e95-11ea-9129-00163e2e65eb', NULL, 'assignee', 'dept', '784d2dcd-2e95-11ea-9129-00163e2e65eb', '2020-01-04 09:56:49.159', NULL, NULL, NULL, NULL);
INSERT INTO `ACT_HI_IDENTITYLINK` VALUES ('784df11f-2e95-11ea-9129-00163e2e65eb', NULL, 'participant', 'dept', NULL, '2020-01-04 09:56:49.160', '783cda15-2e95-11ea-9129-00163e2e65eb', NULL, NULL, NULL);
INSERT INTO `ACT_HI_IDENTITYLINK` VALUES ('7874a50d-591f-11ea-9661-00163e2e65eb', NULL, 'participant', 'jsite', NULL, '2020-02-27 13:10:28.799', '56631326-383f-11ea-aa63-00163e2e65eb', NULL, NULL, NULL);
INSERT INTO `ACT_HI_IDENTITYLINK` VALUES ('78778b41-591f-11ea-9661-00163e2e65eb', NULL, 'assignee', 'jsite', '78778b40-591f-11ea-9661-00163e2e65eb', '2020-02-27 13:10:28.818', NULL, NULL, NULL, NULL);
INSERT INTO `ACT_HI_IDENTITYLINK` VALUES ('79cfb6f4-2df3-11ea-aa23-c85b7643dd9e', NULL, 'starter', 'jsite', NULL, '2020-01-03 14:37:13.218', '79cea582-2df3-11ea-aa23-c85b7643dd9e', NULL, NULL, NULL);
INSERT INTO `ACT_HI_IDENTITYLINK` VALUES ('79d81b6b-2df3-11ea-aa23-c85b7643dd9e', NULL, 'assignee', 'jsite', '79d709fa-2df3-11ea-aa23-c85b7643dd9e', '2020-01-03 14:37:13.273', NULL, NULL, NULL, NULL);
INSERT INTO `ACT_HI_IDENTITYLINK` VALUES ('79d81b6c-2df3-11ea-aa23-c85b7643dd9e', NULL, 'participant', 'jsite', NULL, '2020-01-03 14:37:13.273', '79cea582-2df3-11ea-aa23-c85b7643dd9e', NULL, NULL, NULL);
INSERT INTO `ACT_HI_IDENTITYLINK` VALUES ('7c8a32c7-35d1-11ea-aa63-00163e2e65eb', NULL, 'starter', 'jsite', NULL, '2020-01-13 14:54:04.209', '7c8a32c5-35d1-11ea-aa63-00163e2e65eb', NULL, NULL, NULL);
INSERT INTO `ACT_HI_IDENTITYLINK` VALUES ('7c8a59de-35d1-11ea-aa63-00163e2e65eb', NULL, 'assignee', 'jsite', '7c8a59dd-35d1-11ea-aa63-00163e2e65eb', '2020-01-13 14:54:04.210', NULL, NULL, NULL, NULL);
INSERT INTO `ACT_HI_IDENTITYLINK` VALUES ('7c8a59df-35d1-11ea-aa63-00163e2e65eb', NULL, 'participant', 'jsite', NULL, '2020-01-13 14:54:04.210', '7c8a32c5-35d1-11ea-aa63-00163e2e65eb', NULL, NULL, NULL);
INSERT INTO `ACT_HI_IDENTITYLINK` VALUES ('8290f1e5-3387-11ea-aa63-00163e2e65eb', NULL, 'starter', 'jsite', NULL, '2020-01-10 16:59:29.236', '8290f1e3-3387-11ea-aa63-00163e2e65eb', NULL, NULL, NULL);
INSERT INTO `ACT_HI_IDENTITYLINK` VALUES ('829118fc-3387-11ea-aa63-00163e2e65eb', NULL, 'assignee', 'jsitehr', '829118fb-3387-11ea-aa63-00163e2e65eb', '2020-01-10 16:59:29.237', NULL, NULL, NULL, NULL);
INSERT INTO `ACT_HI_IDENTITYLINK` VALUES ('829118fd-3387-11ea-aa63-00163e2e65eb', NULL, 'participant', 'jsitehr', NULL, '2020-01-10 16:59:29.237', '8290f1e3-3387-11ea-aa63-00163e2e65eb', NULL, NULL, NULL);
INSERT INTO `ACT_HI_IDENTITYLINK` VALUES ('8d11d950-3387-11ea-aa63-00163e2e65eb', NULL, 'participant', 'jsite', NULL, '2020-01-10 16:59:46.858', '0ad9c74c-3223-11ea-aa63-00163e2e65eb', NULL, NULL, NULL);
INSERT INTO `ACT_HI_IDENTITYLINK` VALUES ('8d149874-3387-11ea-aa63-00163e2e65eb', NULL, 'assignee', 'jsite', '8d149873-3387-11ea-aa63-00163e2e65eb', '2020-01-10 16:59:46.876', NULL, NULL, NULL, NULL);
INSERT INTO `ACT_HI_IDENTITYLINK` VALUES ('8db9e165-3379-11ea-aa63-00163e2e65eb', NULL, 'starter', 'dept', NULL, '2020-01-10 15:19:35.005', '8db9ba53-3379-11ea-aa63-00163e2e65eb', NULL, NULL, NULL);
INSERT INTO `ACT_HI_IDENTITYLINK` VALUES ('8db9e16c-3379-11ea-aa63-00163e2e65eb', NULL, 'assignee', 'jsitehr', '8db9e16b-3379-11ea-aa63-00163e2e65eb', '2020-01-10 15:19:35.005', NULL, NULL, NULL, NULL);
INSERT INTO `ACT_HI_IDENTITYLINK` VALUES ('8db9e16d-3379-11ea-aa63-00163e2e65eb', NULL, 'participant', 'jsitehr', NULL, '2020-01-10 15:19:35.006', '8db9ba53-3379-11ea-aa63-00163e2e65eb', NULL, NULL, NULL);
INSERT INTO `ACT_HI_IDENTITYLINK` VALUES ('90237412-35d5-11ea-aa63-00163e2e65eb', NULL, 'starter', 'jsite', NULL, '2020-01-13 15:23:15.077', '90237410-35d5-11ea-aa63-00163e2e65eb', NULL, NULL, NULL);
INSERT INTO `ACT_HI_IDENTITYLINK` VALUES ('90239b29-35d5-11ea-aa63-00163e2e65eb', NULL, 'assignee', 'jsite', '90239b28-35d5-11ea-aa63-00163e2e65eb', '2020-01-13 15:23:15.078', NULL, NULL, NULL, NULL);
INSERT INTO `ACT_HI_IDENTITYLINK` VALUES ('90239b2a-35d5-11ea-aa63-00163e2e65eb', NULL, 'participant', 'jsite', NULL, '2020-01-13 15:23:15.078', '90237410-35d5-11ea-aa63-00163e2e65eb', NULL, NULL, NULL);
INSERT INTO `ACT_HI_IDENTITYLINK` VALUES ('917e7356-3678-11ea-aa63-00163e2e65eb', NULL, 'assignee', 'jsite', '917e7355-3678-11ea-aa63-00163e2e65eb', '2020-01-14 10:50:05.318', NULL, NULL, NULL, NULL);
INSERT INTO `ACT_HI_IDENTITYLINK` VALUES ('91802107-3678-11ea-aa63-00163e2e65eb', NULL, 'participant', 'jsite', NULL, '2020-01-14 10:50:05.329', '979e7168-3368-11ea-aa63-00163e2e65eb', NULL, NULL, NULL);
INSERT INTO `ACT_HI_IDENTITYLINK` VALUES ('979e716a-3368-11ea-aa63-00163e2e65eb', NULL, 'starter', 'jsite', NULL, '2020-01-10 13:18:10.158', '979e7168-3368-11ea-aa63-00163e2e65eb', NULL, NULL, NULL);
INSERT INTO `ACT_HI_IDENTITYLINK` VALUES ('979e9881-3368-11ea-aa63-00163e2e65eb', NULL, 'assignee', 'dept', '979e9880-3368-11ea-aa63-00163e2e65eb', '2020-01-10 13:18:10.159', NULL, NULL, NULL, NULL);
INSERT INTO `ACT_HI_IDENTITYLINK` VALUES ('979e9882-3368-11ea-aa63-00163e2e65eb', NULL, 'participant', 'dept', NULL, '2020-01-10 13:18:10.159', '979e7168-3368-11ea-aa63-00163e2e65eb', NULL, NULL, NULL);
INSERT INTO `ACT_HI_IDENTITYLINK` VALUES ('9b700ae1-517b-11ea-9661-00163e2e65eb', NULL, 'assignee', 'dept', '9b700ae0-517b-11ea-9661-00163e2e65eb', '2020-02-17 19:49:51.886', NULL, NULL, NULL, NULL);
INSERT INTO `ACT_HI_IDENTITYLINK` VALUES ('9b70ce32-517b-11ea-9661-00163e2e65eb', NULL, 'participant', 'dept', NULL, '2020-02-17 19:49:51.891', '18a05841-517b-11ea-9661-00163e2e65eb', NULL, NULL, NULL);
INSERT INTO `ACT_HI_IDENTITYLINK` VALUES ('9da8a9a3-3029-11ea-9129-00163e2e65eb', NULL, 'assignee', 'jsite', '9da8a9a2-3029-11ea-9129-00163e2e65eb', '2020-01-06 10:09:48.509', NULL, NULL, NULL, NULL);
INSERT INTO `ACT_HI_IDENTITYLINK` VALUES ('a0af89dd-2df4-11ea-aa23-c85b7643dd9e', NULL, 'starter', 'jsite', NULL, '2020-01-03 14:45:27.935', 'a0af89db-2df4-11ea-aa23-c85b7643dd9e', NULL, NULL, NULL);
INSERT INTO `ACT_HI_IDENTITYLINK` VALUES ('a0afb0f4-2df4-11ea-aa23-c85b7643dd9e', NULL, 'assignee', 'dept', 'a0afb0f3-2df4-11ea-aa23-c85b7643dd9e', '2020-01-03 14:45:27.936', NULL, NULL, NULL, NULL);
INSERT INTO `ACT_HI_IDENTITYLINK` VALUES ('a0afb0f5-2df4-11ea-aa23-c85b7643dd9e', NULL, 'participant', 'dept', NULL, '2020-01-03 14:45:27.936', 'a0af89db-2df4-11ea-aa23-c85b7643dd9e', NULL, NULL, NULL);
INSERT INTO `ACT_HI_IDENTITYLINK` VALUES ('a20aeb34-3051-11ea-9129-00163e2e65eb', NULL, 'assignee', 'jsite', 'a20ac423-3051-11ea-9129-00163e2e65eb', '2020-01-06 14:56:15.733', NULL, NULL, NULL, NULL);
INSERT INTO `ACT_HI_IDENTITYLINK` VALUES ('a20b8775-3051-11ea-9129-00163e2e65eb', NULL, 'participant', 'jsite', NULL, '2020-01-06 14:56:15.737', '783cda15-2e95-11ea-9129-00163e2e65eb', NULL, NULL, NULL);
INSERT INTO `ACT_HI_IDENTITYLINK` VALUES ('a22ff7ac-35d5-11ea-aa63-00163e2e65eb', NULL, 'participant', 'jsite', NULL, '2020-01-13 15:23:45.358', '0ad9c74c-3223-11ea-aa63-00163e2e65eb', NULL, NULL, NULL);
INSERT INTO `ACT_HI_IDENTITYLINK` VALUES ('a232b6d0-35d5-11ea-aa63-00163e2e65eb', NULL, 'assignee', 'jsite', 'a2328fbf-35d5-11ea-aa63-00163e2e65eb', '2020-01-13 15:23:45.375', NULL, NULL, NULL, NULL);
INSERT INTO `ACT_HI_IDENTITYLINK` VALUES ('aa3c297f-3349-11ea-aa63-00163e2e65eb', NULL, 'starter', 'jsite', NULL, '2020-01-10 09:36:46.992', 'aa3c297d-3349-11ea-aa63-00163e2e65eb', NULL, NULL, NULL);
INSERT INTO `ACT_HI_IDENTITYLINK` VALUES ('aa3c5096-3349-11ea-aa63-00163e2e65eb', NULL, 'assignee', 'jsite', 'aa3c5095-3349-11ea-aa63-00163e2e65eb', '2020-01-10 09:36:46.993', NULL, NULL, NULL, NULL);
INSERT INTO `ACT_HI_IDENTITYLINK` VALUES ('aa3c5097-3349-11ea-aa63-00163e2e65eb', NULL, 'participant', 'jsite', NULL, '2020-01-10 09:36:46.993', 'aa3c297d-3349-11ea-aa63-00163e2e65eb', NULL, NULL, NULL);
INSERT INTO `ACT_HI_IDENTITYLINK` VALUES ('ad566de2-35d5-11ea-aa63-00163e2e65eb', NULL, 'participant', 'jsite', NULL, '2020-01-13 15:24:04.065', '0ad9c74c-3223-11ea-aa63-00163e2e65eb', NULL, NULL, NULL);
INSERT INTO `ACT_HI_IDENTITYLINK` VALUES ('aed70d5b-52c7-11ea-8c7c-c85b7643dd9e', NULL, 'starter', 'jsite', NULL, '2020-02-19 11:26:57.353', 'aed40019-52c7-11ea-8c7c-c85b7643dd9e', NULL, NULL, NULL);
INSERT INTO `ACT_HI_IDENTITYLINK` VALUES ('aee2f442-52c7-11ea-8c7c-c85b7643dd9e', NULL, 'assignee', 'dept', 'aee209e1-52c7-11ea-8c7c-c85b7643dd9e', '2020-02-19 11:26:57.430', NULL, NULL, NULL, NULL);
INSERT INTO `ACT_HI_IDENTITYLINK` VALUES ('aee31b53-52c7-11ea-8c7c-c85b7643dd9e', NULL, 'participant', 'dept', NULL, '2020-02-19 11:26:57.431', 'aed40019-52c7-11ea-8c7c-c85b7643dd9e', NULL, NULL, NULL);
INSERT INTO `ACT_HI_IDENTITYLINK` VALUES ('af90819c-56af-11ea-9661-00163e2e65eb', NULL, 'starter', 'jsite', NULL, '2020-02-24 10:45:15.297', 'af905a8a-56af-11ea-9661-00163e2e65eb', NULL, NULL, NULL);
INSERT INTO `ACT_HI_IDENTITYLINK` VALUES ('af9081a3-56af-11ea-9661-00163e2e65eb', NULL, 'assignee', 'jsitehr', 'af9081a2-56af-11ea-9661-00163e2e65eb', '2020-02-24 10:45:15.297', NULL, NULL, NULL, NULL);
INSERT INTO `ACT_HI_IDENTITYLINK` VALUES ('af9081a4-56af-11ea-9661-00163e2e65eb', NULL, 'participant', 'jsitehr', NULL, '2020-02-24 10:45:15.297', 'af905a8a-56af-11ea-9661-00163e2e65eb', NULL, NULL, NULL);
INSERT INTO `ACT_HI_IDENTITYLINK` VALUES ('b1df9f87-35d5-11ea-aa63-00163e2e65eb', NULL, 'participant', 'jsite', NULL, '2020-01-13 15:24:11.675', '90237410-35d5-11ea-aa63-00163e2e65eb', NULL, NULL, NULL);
INSERT INTO `ACT_HI_IDENTITYLINK` VALUES ('b751aa8c-35d5-11ea-aa63-00163e2e65eb', NULL, 'participant', 'jsite', NULL, '2020-01-13 15:24:20.811', '7c8a32c5-35d1-11ea-aa63-00163e2e65eb', NULL, NULL, NULL);
INSERT INTO `ACT_HI_IDENTITYLINK` VALUES ('c0a8e6aa-3051-11ea-9129-00163e2e65eb', NULL, 'assignee', 'dept', 'c0a8e6a9-3051-11ea-9129-00163e2e65eb', '2020-01-06 14:57:07.100', NULL, NULL, NULL, NULL);
INSERT INTO `ACT_HI_IDENTITYLINK` VALUES ('c18ae50f-5d30-11ea-9661-00163e2e65eb', NULL, 'participant', 'jsite', NULL, '2020-03-03 17:24:17.514', '56631326-383f-11ea-aa63-00163e2e65eb', NULL, NULL, NULL);
INSERT INTO `ACT_HI_IDENTITYLINK` VALUES ('c18d2f03-5d30-11ea-9661-00163e2e65eb', NULL, 'assignee', 'jsitehr', 'c18d07f2-5d30-11ea-9661-00163e2e65eb', '2020-03-03 17:24:17.529', NULL, NULL, NULL, NULL);
INSERT INTO `ACT_HI_IDENTITYLINK` VALUES ('c5247236-3156-11ea-9129-00163e2e65eb', NULL, 'starter', 'jsite', NULL, '2020-01-07 22:05:33.267', 'c5247234-3156-11ea-9129-00163e2e65eb', NULL, NULL, NULL);
INSERT INTO `ACT_HI_IDENTITYLINK` VALUES ('c524994d-3156-11ea-9129-00163e2e65eb', NULL, 'assignee', 'dept', 'c524994c-3156-11ea-9129-00163e2e65eb', '2020-01-07 22:05:33.268', NULL, NULL, NULL, NULL);
INSERT INTO `ACT_HI_IDENTITYLINK` VALUES ('c524994e-3156-11ea-9129-00163e2e65eb', NULL, 'participant', 'dept', NULL, '2020-01-07 22:05:33.268', 'c5247234-3156-11ea-9129-00163e2e65eb', NULL, NULL, NULL);
INSERT INTO `ACT_HI_IDENTITYLINK` VALUES ('c81fe555-36b7-11ea-aa63-00163e2e65eb', NULL, 'starter', 'jsite', NULL, '2020-01-14 18:22:35.267', 'c81fe553-36b7-11ea-aa63-00163e2e65eb', NULL, NULL, NULL);
INSERT INTO `ACT_HI_IDENTITYLINK` VALUES ('c8200c6c-36b7-11ea-aa63-00163e2e65eb', NULL, 'assignee', 'jsiteuser', 'c8200c6b-36b7-11ea-aa63-00163e2e65eb', '2020-01-14 18:22:35.268', NULL, NULL, NULL, NULL);
INSERT INTO `ACT_HI_IDENTITYLINK` VALUES ('c8200c6d-36b7-11ea-aa63-00163e2e65eb', NULL, 'participant', 'jsiteuser', NULL, '2020-01-14 18:22:35.268', 'c81fe553-36b7-11ea-aa63-00163e2e65eb', NULL, NULL, NULL);
INSERT INTO `ACT_HI_IDENTITYLINK` VALUES ('c87ffc94-32bd-11ea-aa63-00163e2e65eb', NULL, 'starter', 'jsite', NULL, '2020-01-09 16:55:28.226', 'c87ffc92-32bd-11ea-aa63-00163e2e65eb', NULL, NULL, NULL);
INSERT INTO `ACT_HI_IDENTITYLINK` VALUES ('c88023ab-32bd-11ea-aa63-00163e2e65eb', NULL, 'assignee', 'jsitehr', 'c88023aa-32bd-11ea-aa63-00163e2e65eb', '2020-01-09 16:55:28.227', NULL, NULL, NULL, NULL);
INSERT INTO `ACT_HI_IDENTITYLINK` VALUES ('c88023ac-32bd-11ea-aa63-00163e2e65eb', NULL, 'participant', 'jsitehr', NULL, '2020-01-09 16:55:28.227', 'c87ffc92-32bd-11ea-aa63-00163e2e65eb', NULL, NULL, NULL);
INSERT INTO `ACT_HI_IDENTITYLINK` VALUES ('ca5a65b1-4d6c-11ea-9b4e-00163e2e65eb', NULL, 'starter', 'jsite', NULL, '2020-02-12 15:53:43.495', 'ca5a65af-4d6c-11ea-9b4e-00163e2e65eb', NULL, NULL, NULL);
INSERT INTO `ACT_HI_IDENTITYLINK` VALUES ('ca5a8cc8-4d6c-11ea-9b4e-00163e2e65eb', NULL, 'assignee', 'jsitehr', 'ca5a8cc7-4d6c-11ea-9b4e-00163e2e65eb', '2020-02-12 15:53:43.496', NULL, NULL, NULL, NULL);
INSERT INTO `ACT_HI_IDENTITYLINK` VALUES ('ca5a8cc9-4d6c-11ea-9b4e-00163e2e65eb', NULL, 'participant', 'jsitehr', NULL, '2020-02-12 15:53:43.496', 'ca5a65af-4d6c-11ea-9b4e-00163e2e65eb', NULL, NULL, NULL);
INSERT INTO `ACT_HI_IDENTITYLINK` VALUES ('caea8d1a-36ae-11ea-aa63-00163e2e65eb', NULL, 'starter', 'jsite', NULL, '2020-01-14 17:18:14.480', 'caea8d18-36ae-11ea-aa63-00163e2e65eb', NULL, NULL, NULL);
INSERT INTO `ACT_HI_IDENTITYLINK` VALUES ('caeab431-36ae-11ea-aa63-00163e2e65eb', NULL, 'assignee', 'jsitehr', 'caeab430-36ae-11ea-aa63-00163e2e65eb', '2020-01-14 17:18:14.481', NULL, NULL, NULL, NULL);
INSERT INTO `ACT_HI_IDENTITYLINK` VALUES ('caeab432-36ae-11ea-aa63-00163e2e65eb', NULL, 'participant', 'jsitehr', NULL, '2020-01-14 17:18:14.481', 'caea8d18-36ae-11ea-aa63-00163e2e65eb', NULL, NULL, NULL);
INSERT INTO `ACT_HI_IDENTITYLINK` VALUES ('d18a6a09-52c7-11ea-8c7c-c85b7643dd9e', NULL, 'assignee', 'jsite', 'd18a42f8-52c7-11ea-8c7c-c85b7643dd9e', '2020-02-19 11:27:55.570', NULL, NULL, NULL, NULL);
INSERT INTO `ACT_HI_IDENTITYLINK` VALUES ('d18dc56a-52c7-11ea-8c7c-c85b7643dd9e', NULL, 'participant', 'jsite', NULL, '2020-02-19 11:27:55.592', 'aed40019-52c7-11ea-8c7c-c85b7643dd9e', NULL, NULL, NULL);
INSERT INTO `ACT_HI_IDENTITYLINK` VALUES ('d20d9980-5c5a-11ea-9661-00163e2e65eb', NULL, 'participant', 'jsite', NULL, '2020-03-02 15:52:52.914', 'ca5a65af-4d6c-11ea-9b4e-00163e2e65eb', NULL, NULL, NULL);
INSERT INTO `ACT_HI_IDENTITYLINK` VALUES ('d698cf0d-4d81-11ea-9b4e-00163e2e65eb', NULL, 'starter', 'jsite', NULL, '2020-02-12 18:24:23.468', 'd698a7fb-4d81-11ea-9b4e-00163e2e65eb', NULL, NULL, NULL);
INSERT INTO `ACT_HI_IDENTITYLINK` VALUES ('d698cf14-4d81-11ea-9b4e-00163e2e65eb', NULL, 'assignee', 'dept', 'd698cf13-4d81-11ea-9b4e-00163e2e65eb', '2020-02-12 18:24:23.468', NULL, NULL, NULL, NULL);
INSERT INTO `ACT_HI_IDENTITYLINK` VALUES ('d698f625-4d81-11ea-9b4e-00163e2e65eb', NULL, 'participant', 'dept', NULL, '2020-02-12 18:24:23.469', 'd698a7fb-4d81-11ea-9b4e-00163e2e65eb', NULL, NULL, NULL);
INSERT INTO `ACT_HI_IDENTITYLINK` VALUES ('dafeba3a-367d-11ea-aa63-00163e2e65eb', NULL, 'starter', 'jsite', NULL, '2020-01-14 11:27:56.116', 'dafeba38-367d-11ea-aa63-00163e2e65eb', NULL, NULL, NULL);
INSERT INTO `ACT_HI_IDENTITYLINK` VALUES ('dafee151-367d-11ea-aa63-00163e2e65eb', NULL, 'assignee', 'dept', 'dafee150-367d-11ea-aa63-00163e2e65eb', '2020-01-14 11:27:56.117', NULL, NULL, NULL, NULL);
INSERT INTO `ACT_HI_IDENTITYLINK` VALUES ('dafee152-367d-11ea-aa63-00163e2e65eb', NULL, 'participant', 'dept', NULL, '2020-01-14 11:27:56.117', 'dafeba38-367d-11ea-aa63-00163e2e65eb', NULL, NULL, NULL);
INSERT INTO `ACT_HI_IDENTITYLINK` VALUES ('dca5b367-4e48-11ea-9661-00163e2e65eb', NULL, 'starter', 'jsite', NULL, '2020-02-13 18:09:03.468', 'dca4f015-4e48-11ea-9661-00163e2e65eb', NULL, NULL, NULL);
INSERT INTO `ACT_HI_IDENTITYLINK` VALUES ('dcac6a2e-4e48-11ea-9661-00163e2e65eb', NULL, 'assignee', 'jsiteuser', 'dcab7fcd-4e48-11ea-9661-00163e2e65eb', '2020-02-13 18:09:03.512', NULL, NULL, NULL, NULL);
INSERT INTO `ACT_HI_IDENTITYLINK` VALUES ('dcac6a2f-4e48-11ea-9661-00163e2e65eb', NULL, 'participant', 'jsiteuser', NULL, '2020-02-13 18:09:03.512', 'dca4f015-4e48-11ea-9661-00163e2e65eb', NULL, NULL, NULL);
INSERT INTO `ACT_HI_IDENTITYLINK` VALUES ('dd697d9d-59cc-11ea-9661-00163e2e65eb', NULL, 'participant', 'jsitehr', NULL, '2020-02-28 09:51:41.110', '56631326-383f-11ea-aa63-00163e2e65eb', NULL, NULL, NULL);
INSERT INTO `ACT_HI_IDENTITYLINK` VALUES ('dd6b2b51-59cc-11ea-9661-00163e2e65eb', NULL, 'assignee', 'jsitehr', 'dd6b2b50-59cc-11ea-9661-00163e2e65eb', '2020-02-28 09:51:41.121', NULL, NULL, NULL, NULL);
INSERT INTO `ACT_HI_IDENTITYLINK` VALUES ('de645934-4bdf-11ea-9b4e-00163e2e65eb', NULL, 'starter', 'dept', NULL, '2020-02-10 16:32:26.913', 'de63bcf2-4bdf-11ea-9b4e-00163e2e65eb', NULL, NULL, NULL);
INSERT INTO `ACT_HI_IDENTITYLINK` VALUES ('de6e1d3b-4bdf-11ea-9b4e-00163e2e65eb', NULL, 'assignee', 'jsitehr', 'de6d80fa-4bdf-11ea-9b4e-00163e2e65eb', '2020-02-10 16:32:26.977', NULL, NULL, NULL, NULL);
INSERT INTO `ACT_HI_IDENTITYLINK` VALUES ('de6e444c-4bdf-11ea-9b4e-00163e2e65eb', NULL, 'participant', 'jsitehr', NULL, '2020-02-10 16:32:26.978', 'de63bcf2-4bdf-11ea-9b4e-00163e2e65eb', NULL, NULL, NULL);
INSERT INTO `ACT_HI_IDENTITYLINK` VALUES ('def0a036-562d-11ea-9661-00163e2e65eb', NULL, 'starter', 'dept', NULL, '2020-02-23 19:16:00.205', 'def0a034-562d-11ea-9661-00163e2e65eb', NULL, NULL, NULL);
INSERT INTO `ACT_HI_IDENTITYLINK` VALUES ('def0c74d-562d-11ea-9661-00163e2e65eb', NULL, 'assignee', 'jsite', 'def0c74c-562d-11ea-9661-00163e2e65eb', '2020-02-23 19:16:00.206', NULL, NULL, NULL, NULL);
INSERT INTO `ACT_HI_IDENTITYLINK` VALUES ('def0c74e-562d-11ea-9661-00163e2e65eb', NULL, 'participant', 'jsite', NULL, '2020-02-23 19:16:00.206', 'def0a034-562d-11ea-9661-00163e2e65eb', NULL, NULL, NULL);
INSERT INTO `ACT_HI_IDENTITYLINK` VALUES ('e08f1ee1-4c97-11ea-9b4e-00163e2e65eb', NULL, 'starter', 'dept', NULL, '2020-02-11 14:29:37.947', 'e08f1edf-4c97-11ea-9b4e-00163e2e65eb', NULL, NULL, NULL);
INSERT INTO `ACT_HI_IDENTITYLINK` VALUES ('e08f45f8-4c97-11ea-9b4e-00163e2e65eb', NULL, 'assignee', 'dept', 'e08f45f7-4c97-11ea-9b4e-00163e2e65eb', '2020-02-11 14:29:37.948', NULL, NULL, NULL, NULL);
INSERT INTO `ACT_HI_IDENTITYLINK` VALUES ('e08f6d09-4c97-11ea-9b4e-00163e2e65eb', NULL, 'participant', 'dept', NULL, '2020-02-11 14:29:37.949', 'e08f1edf-4c97-11ea-9b4e-00163e2e65eb', NULL, NULL, NULL);
INSERT INTO `ACT_HI_IDENTITYLINK` VALUES ('e318ed2e-305b-11ea-9129-00163e2e65eb', NULL, 'starter', 'dept', NULL, '2020-01-06 16:09:39.844', 'e318c61c-305b-11ea-9129-00163e2e65eb', NULL, NULL, NULL);
INSERT INTO `ACT_HI_IDENTITYLINK` VALUES ('e318ed35-305b-11ea-9129-00163e2e65eb', NULL, 'assignee', 'dept', 'e318ed34-305b-11ea-9129-00163e2e65eb', '2020-01-06 16:09:39.844', NULL, NULL, NULL, NULL);
INSERT INTO `ACT_HI_IDENTITYLINK` VALUES ('e318ed36-305b-11ea-9129-00163e2e65eb', NULL, 'participant', 'dept', NULL, '2020-01-06 16:09:39.844', 'e318c61c-305b-11ea-9129-00163e2e65eb', NULL, NULL, NULL);
INSERT INTO `ACT_HI_IDENTITYLINK` VALUES ('e5220bc0-52ea-11ea-9661-00163e2e65eb', NULL, 'starter', 'jsite', NULL, '2020-02-19 15:39:00.826', 'e521e4ae-52ea-11ea-9661-00163e2e65eb', NULL, NULL, NULL);
INSERT INTO `ACT_HI_IDENTITYLINK` VALUES ('e52232d7-52ea-11ea-9661-00163e2e65eb', NULL, 'assignee', 'jsite', 'e5220bc6-52ea-11ea-9661-00163e2e65eb', '2020-02-19 15:39:00.827', NULL, NULL, NULL, NULL);
INSERT INTO `ACT_HI_IDENTITYLINK` VALUES ('e52232d8-52ea-11ea-9661-00163e2e65eb', NULL, 'participant', 'jsite', NULL, '2020-02-19 15:39:00.827', 'e521e4ae-52ea-11ea-9661-00163e2e65eb', NULL, NULL, NULL);
INSERT INTO `ACT_HI_IDENTITYLINK` VALUES ('ec0a0dfe-38fb-11ea-aa63-00163e2e65eb', NULL, 'starter', 'jsite', NULL, '2020-01-17 15:35:23.625', 'ec0a0dfc-38fb-11ea-aa63-00163e2e65eb', NULL, NULL, NULL);
INSERT INTO `ACT_HI_IDENTITYLINK` VALUES ('ec0a0e05-38fb-11ea-aa63-00163e2e65eb', NULL, 'assignee', 'jsitehr', 'ec0a0e04-38fb-11ea-aa63-00163e2e65eb', '2020-01-17 15:35:23.625', NULL, NULL, NULL, NULL);
INSERT INTO `ACT_HI_IDENTITYLINK` VALUES ('ec0a3516-38fb-11ea-aa63-00163e2e65eb', NULL, 'participant', 'jsitehr', NULL, '2020-01-17 15:35:23.626', 'ec0a0dfc-38fb-11ea-aa63-00163e2e65eb', NULL, NULL, NULL);
INSERT INTO `ACT_HI_IDENTITYLINK` VALUES ('f4e21cff-52c7-11ea-8c7c-c85b7643dd9e', NULL, 'assignee', 'dept', 'f4e21cfe-52c7-11ea-8c7c-c85b7643dd9e', '2020-02-19 11:28:54.865', NULL, NULL, NULL, NULL);
INSERT INTO `ACT_HI_IDENTITYLINK` VALUES ('f5d44380-3733-11ea-aa63-00163e2e65eb', NULL, 'starter', 'jsite', NULL, '2020-01-15 09:11:29.541', 'f5d4437e-3733-11ea-aa63-00163e2e65eb', NULL, NULL, NULL);
INSERT INTO `ACT_HI_IDENTITYLINK` VALUES ('f5d46a97-3733-11ea-aa63-00163e2e65eb', NULL, 'assignee', 'dept', 'f5d44386-3733-11ea-aa63-00163e2e65eb', '2020-01-15 09:11:29.542', NULL, NULL, NULL, NULL);
INSERT INTO `ACT_HI_IDENTITYLINK` VALUES ('f5d46a98-3733-11ea-aa63-00163e2e65eb', NULL, 'participant', 'dept', NULL, '2020-01-15 09:11:29.542', 'f5d4437e-3733-11ea-aa63-00163e2e65eb', NULL, NULL, NULL);
INSERT INTO `ACT_HI_IDENTITYLINK` VALUES ('f9e02283-38f5-11ea-aa63-00163e2e65eb', NULL, 'starter', 'jsite', NULL, '2020-01-17 14:52:49.858', 'f9e02281-38f5-11ea-aa63-00163e2e65eb', NULL, NULL, NULL);
INSERT INTO `ACT_HI_IDENTITYLINK` VALUES ('f9e0499a-38f5-11ea-aa63-00163e2e65eb', NULL, 'assignee', 'jsitehr', 'f9e04999-38f5-11ea-aa63-00163e2e65eb', '2020-01-17 14:52:49.859', NULL, NULL, NULL, NULL);
INSERT INTO `ACT_HI_IDENTITYLINK` VALUES ('f9e0499b-38f5-11ea-aa63-00163e2e65eb', NULL, 'participant', 'jsitehr', NULL, '2020-01-17 14:52:49.859', 'f9e02281-38f5-11ea-aa63-00163e2e65eb', NULL, NULL, NULL);
INSERT INTO `ACT_HI_IDENTITYLINK` VALUES ('fc715bef-36a6-11ea-aa63-00163e2e65eb', NULL, 'starter', 'jsite', NULL, '2020-01-14 16:22:21.598', 'fc715bed-36a6-11ea-aa63-00163e2e65eb', NULL, NULL, NULL);
INSERT INTO `ACT_HI_IDENTITYLINK` VALUES ('fc718306-36a6-11ea-aa63-00163e2e65eb', NULL, 'assignee', 'jsitehr', 'fc718305-36a6-11ea-aa63-00163e2e65eb', '2020-01-14 16:22:21.599', NULL, NULL, NULL, NULL);
INSERT INTO `ACT_HI_IDENTITYLINK` VALUES ('fc718307-36a6-11ea-aa63-00163e2e65eb', NULL, 'participant', 'jsitehr', NULL, '2020-01-14 16:22:21.599', 'fc715bed-36a6-11ea-aa63-00163e2e65eb', NULL, NULL, NULL);

-- ----------------------------
-- Table structure for ACT_HI_PROCINST
-- ----------------------------
DROP TABLE IF EXISTS `ACT_HI_PROCINST`;
CREATE TABLE `ACT_HI_PROCINST`  (
  `ID_` varchar(64) CHARACTER SET utf8 COLLATE utf8_bin NOT NULL,
  `REV_` int(11) NULL DEFAULT 1,
  `PROC_INST_ID_` varchar(64) CHARACTER SET utf8 COLLATE utf8_bin NOT NULL,
  `BUSINESS_KEY_` varchar(255) CHARACTER SET utf8 COLLATE utf8_bin NULL DEFAULT NULL,
  `PROC_DEF_ID_` varchar(64) CHARACTER SET utf8 COLLATE utf8_bin NOT NULL,
  `START_TIME_` datetime(3) NOT NULL,
  `END_TIME_` datetime(3) NULL DEFAULT NULL,
  `DURATION_` bigint(20) NULL DEFAULT NULL,
  `START_USER_ID_` varchar(255) CHARACTER SET utf8 COLLATE utf8_bin NULL DEFAULT NULL,
  `START_ACT_ID_` varchar(255) CHARACTER SET utf8 COLLATE utf8_bin NULL DEFAULT NULL,
  `END_ACT_ID_` varchar(255) CHARACTER SET utf8 COLLATE utf8_bin NULL DEFAULT NULL,
  `SUPER_PROCESS_INSTANCE_ID_` varchar(64) CHARACTER SET utf8 COLLATE utf8_bin NULL DEFAULT NULL,
  `DELETE_REASON_` varchar(4000) CHARACTER SET utf8 COLLATE utf8_bin NULL DEFAULT NULL,
  `TENANT_ID_` varchar(255) CHARACTER SET utf8 COLLATE utf8_bin NULL DEFAULT '',
  `NAME_` varchar(255) CHARACTER SET utf8 COLLATE utf8_bin NULL DEFAULT NULL,
  `CALLBACK_ID_` varchar(255) CHARACTER SET utf8 COLLATE utf8_bin NULL DEFAULT NULL,
  `CALLBACK_TYPE_` varchar(255) CHARACTER SET utf8 COLLATE utf8_bin NULL DEFAULT NULL,
  PRIMARY KEY (`ID_`) USING BTREE,
  UNIQUE INDEX `PROC_INST_ID_`(`PROC_INST_ID_`) USING BTREE,
  INDEX `ACT_IDX_HI_PRO_INST_END`(`END_TIME_`) USING BTREE,
  INDEX `ACT_IDX_HI_PRO_I_BUSKEY`(`BUSINESS_KEY_`) USING BTREE
) ENGINE = InnoDB CHARACTER SET = utf8 COLLATE = utf8_bin ROW_FORMAT = Dynamic;

-- ----------------------------
-- Records of ACT_HI_PROCINST
-- ----------------------------
INSERT INTO `ACT_HI_PROCINST` VALUES ('006ae1ba-3838-11ea-aa63-00163e2e65eb', 1, '006ae1ba-3838-11ea-aa63-00163e2e65eb', '627901d2c68e469189224b66471c9676', 'jsite_leave:1:4f0c4be1-2df3-11ea-aa23-c85b7643dd9e', '2020-01-16 16:12:56.455', NULL, NULL, 'jsite', 'startevent1', NULL, NULL, NULL, '', NULL, NULL, NULL);
INSERT INTO `ACT_HI_PROCINST` VALUES ('0ad9c74c-3223-11ea-aa63-00163e2e65eb', 2, '0ad9c74c-3223-11ea-aa63-00163e2e65eb', '5ea728e17994433aac9a509ac9944ed0', 'jsite_leave:1:4f0c4be1-2df3-11ea-aa23-c85b7643dd9e', '2020-01-08 22:27:47.550', '2020-01-13 15:24:04.124', 406576574, 'jsite', 'startevent1', 'end', NULL, NULL, '', NULL, NULL, NULL);
INSERT INTO `ACT_HI_PROCINST` VALUES ('1034b9e1-31f9-11ea-aa63-00163e2e65eb', 1, '1034b9e1-31f9-11ea-aa63-00163e2e65eb', '190b101831714360a8385c1d46a84df3', 'jsite_leave:1:4f0c4be1-2df3-11ea-aa23-c85b7643dd9e', '2020-01-08 17:27:17.673', NULL, NULL, 'jsite', 'startevent1', NULL, NULL, NULL, '', NULL, NULL, NULL);
INSERT INTO `ACT_HI_PROCINST` VALUES ('1035a7c0-2f8c-11ea-9129-00163e2e65eb', 2, '1035a7c0-2f8c-11ea-9129-00163e2e65eb', '54546dadb08e4dcbbc3c90ba739fcd91', 'jsite_leave:1:4f0c4be1-2df3-11ea-aa23-c85b7643dd9e', '2020-01-05 15:22:00.210', '2020-01-05 15:22:17.843', 17633, 'jsite', 'startevent1', 'end', NULL, NULL, '', NULL, NULL, NULL);
INSERT INTO `ACT_HI_PROCINST` VALUES ('143f81f3-3029-11ea-9129-00163e2e65eb', 2, '143f81f3-3029-11ea-9129-00163e2e65eb', '81eb2f7819294ad6a5e065c42b1d0236', 'jsite_leave:1:4f0c4be1-2df3-11ea-aa23-c85b7643dd9e', '2020-01-06 10:05:57.972', '2020-01-08 11:12:24.954', 176786982, 'jsite', 'startevent1', 'end', NULL, NULL, '', NULL, NULL, NULL);
INSERT INTO `ACT_HI_PROCINST` VALUES ('18a05841-517b-11ea-9661-00163e2e65eb', 2, '18a05841-517b-11ea-9661-00163e2e65eb', '08b3f8483184489192676c4a0fc7a74f', 'jsite_leave:1:4f0c4be1-2df3-11ea-aa23-c85b7643dd9e', '2020-02-17 19:46:12.421', '2020-03-02 17:37:10.395', 1201857974, 'dept', 'startevent1', 'end', NULL, NULL, '', NULL, NULL, NULL);
INSERT INTO `ACT_HI_PROCINST` VALUES ('1f538bd4-4f9d-11ea-9661-00163e2e65eb', 2, '1f538bd4-4f9d-11ea-9661-00163e2e65eb', '2554ba5658d64d79ae6f085e2d4d51cb', 'jsite_leave:1:4f0c4be1-2df3-11ea-aa23-c85b7643dd9e', '2020-02-15 10:44:44.225', '2020-02-19 14:18:10.702', 358406477, 'jsite', 'startevent1', 'end', NULL, NULL, '', NULL, NULL, NULL);
INSERT INTO `ACT_HI_PROCINST` VALUES ('264a7336-3678-11ea-aa63-00163e2e65eb', 2, '264a7336-3678-11ea-aa63-00163e2e65eb', '20d017eef151490e86afa85894aa23c6', 'jsite_leave:1:4f0c4be1-2df3-11ea-aa23-c85b7643dd9e', '2020-01-14 10:47:05.461', '2020-01-14 14:08:19.347', 12073886, 'jsite', 'startevent1', 'end', NULL, NULL, '', NULL, NULL, NULL);
INSERT INTO `ACT_HI_PROCINST` VALUES ('3414bed4-3046-11ea-9129-00163e2e65eb', 2, '3414bed4-3046-11ea-9129-00163e2e65eb', '16957f196e45430982cf67f4c07586d2', 'jsite_leave:1:4f0c4be1-2df3-11ea-aa23-c85b7643dd9e', '2020-01-06 13:34:26.784', '2020-01-07 16:49:14.599', 98087815, 'jsite', 'startevent1', 'end', NULL, NULL, '', NULL, NULL, NULL);
INSERT INTO `ACT_HI_PROCINST` VALUES ('3d309e0e-3029-11ea-9129-00163e2e65eb', 2, '3d309e0e-3029-11ea-9129-00163e2e65eb', 'a9e2126951284868bceb43e81caca869', 'jsite_leave:1:4f0c4be1-2df3-11ea-aa23-c85b7643dd9e', '2020-01-06 10:07:06.661', '2020-01-07 14:48:24.548', 103277887, 'jsite', 'startevent1', 'end', NULL, NULL, '', NULL, NULL, NULL);
INSERT INTO `ACT_HI_PROCINST` VALUES ('4868dc5a-4f9e-11ea-9661-00163e2e65eb', 2, '4868dc5a-4f9e-11ea-9661-00163e2e65eb', '3893a63eadb34a56beaa6d56451b198c', 'jsite_leave:1:4f0c4be1-2df3-11ea-aa23-c85b7643dd9e', '2020-02-15 10:53:02.648', '2020-02-18 17:27:55.041', 282892393, 'jsite', 'startevent1', 'end', NULL, NULL, '', NULL, NULL, NULL);
INSERT INTO `ACT_HI_PROCINST` VALUES ('4a4f6710-4e4c-11ea-9661-00163e2e65eb', 2, '4a4f6710-4e4c-11ea-9661-00163e2e65eb', '4c7cfcb86d1d4b81843618b51b7186db', 'jsite_leave:1:4f0c4be1-2df3-11ea-aa23-c85b7643dd9e', '2020-02-13 18:33:35.942', '2020-03-16 10:15:56.302', 2734940360, 'dept', 'startevent1', 'end', NULL, NULL, '', NULL, NULL, NULL);
INSERT INTO `ACT_HI_PROCINST` VALUES ('5460056f-4f9d-11ea-9661-00163e2e65eb', 2, '5460056f-4f9d-11ea-9661-00163e2e65eb', 'd2eded0dfea948caa0433105525803c3', 'jsite_leave:1:4f0c4be1-2df3-11ea-aa23-c85b7643dd9e', '2020-02-15 10:46:13.226', '2020-03-09 14:58:28.815', 2002335589, 'jsite', 'startevent1', 'end', NULL, NULL, '', NULL, NULL, NULL);
INSERT INTO `ACT_HI_PROCINST` VALUES ('56631326-383f-11ea-aa63-00163e2e65eb', 2, '56631326-383f-11ea-aa63-00163e2e65eb', '699ddfb824f04d96b76c42354dc2964f', 'jsite_leave:1:4f0c4be1-2df3-11ea-aa23-c85b7643dd9e', '2020-01-16 17:05:27.165', '2020-03-04 13:35:15.017', 4134587852, 'jsite', 'startevent1', 'end', NULL, NULL, '', NULL, NULL, NULL);
INSERT INTO `ACT_HI_PROCINST` VALUES ('5da62737-32b9-11ea-aa63-00163e2e65eb', 1, '5da62737-32b9-11ea-aa63-00163e2e65eb', '346fbb981ff44d0eb231846927c61715', 'jsite_leave:1:4f0c4be1-2df3-11ea-aa23-c85b7643dd9e', '2020-01-09 16:23:50.973', NULL, NULL, 'jsite', 'startevent1', NULL, NULL, NULL, '', NULL, NULL, NULL);
INSERT INTO `ACT_HI_PROCINST` VALUES ('6678cae6-515a-11ea-9661-00163e2e65eb', 2, '6678cae6-515a-11ea-9661-00163e2e65eb', '2ded58de3ff34ed4953a92498672883e', 'jsite_leave:1:4f0c4be1-2df3-11ea-aa23-c85b7643dd9e', '2020-02-17 15:52:09.632', '2020-02-18 13:28:31.430', 77781798, 'jsite', 'startevent1', 'end', NULL, NULL, '', NULL, NULL, NULL);
INSERT INTO `ACT_HI_PROCINST` VALUES ('66bf898f-3827-11ea-aa63-00163e2e65eb', 1, '66bf898f-3827-11ea-aa63-00163e2e65eb', '2d498acf528f46b395a00fcdf93b5c54', 'jsite_leave:1:4f0c4be1-2df3-11ea-aa23-c85b7643dd9e', '2020-01-16 14:14:06.693', NULL, NULL, 'jsite', 'startevent1', NULL, NULL, NULL, '', NULL, NULL, NULL);
INSERT INTO `ACT_HI_PROCINST` VALUES ('783cda15-2e95-11ea-9129-00163e2e65eb', 2, '783cda15-2e95-11ea-9129-00163e2e65eb', '6dac5249254843e2a25d59de898686b9', 'jsite_leave:1:4f0c4be1-2df3-11ea-aa23-c85b7643dd9e', '2020-01-04 09:56:49.048', '2020-02-17 20:51:41.127', 3840892079, 'jsite', 'startevent1', 'end', NULL, NULL, '', NULL, NULL, NULL);
INSERT INTO `ACT_HI_PROCINST` VALUES ('79cea582-2df3-11ea-aa23-c85b7643dd9e', 2, '79cea582-2df3-11ea-aa23-c85b7643dd9e', 'bd03bf2b04664b51884db6b5a85b8abb', 'jsite_leave:1:4f0c4be1-2df3-11ea-aa23-c85b7643dd9e', '2020-01-03 14:37:13.211', '2020-01-03 14:44:02.441', 409230, 'jsite', 'startevent1', 'end', NULL, NULL, '', NULL, NULL, NULL);
INSERT INTO `ACT_HI_PROCINST` VALUES ('7c8a32c5-35d1-11ea-aa63-00163e2e65eb', 2, '7c8a32c5-35d1-11ea-aa63-00163e2e65eb', 'f89ed621413846589bd433fee03826c5', 'jsite_leave:1:4f0c4be1-2df3-11ea-aa23-c85b7643dd9e', '2020-01-13 14:54:04.209', '2020-01-13 15:24:20.867', 1816658, 'jsite', 'startevent1', 'end', NULL, NULL, '', NULL, NULL, NULL);
INSERT INTO `ACT_HI_PROCINST` VALUES ('8290f1e3-3387-11ea-aa63-00163e2e65eb', 1, '8290f1e3-3387-11ea-aa63-00163e2e65eb', '797aa0d32095404f9c5796fd3bb69545', 'jsite_leave:1:4f0c4be1-2df3-11ea-aa23-c85b7643dd9e', '2020-01-10 16:59:29.236', NULL, NULL, 'jsite', 'startevent1', NULL, NULL, NULL, '', NULL, NULL, NULL);
INSERT INTO `ACT_HI_PROCINST` VALUES ('8db9ba53-3379-11ea-aa63-00163e2e65eb', 1, '8db9ba53-3379-11ea-aa63-00163e2e65eb', '1a801d4529984f36998d9ac51851c353', 'jsite_leave:1:4f0c4be1-2df3-11ea-aa23-c85b7643dd9e', '2020-01-10 15:19:35.004', NULL, NULL, 'dept', 'startevent1', NULL, NULL, NULL, '', NULL, NULL, NULL);
INSERT INTO `ACT_HI_PROCINST` VALUES ('90237410-35d5-11ea-aa63-00163e2e65eb', 2, '90237410-35d5-11ea-aa63-00163e2e65eb', 'ef2d9d44ab6e4c89a379f5b8c71d1f73', 'jsite_leave:1:4f0c4be1-2df3-11ea-aa23-c85b7643dd9e', '2020-01-13 15:23:15.077', '2020-01-13 15:24:11.754', 56677, 'jsite', 'startevent1', 'end', NULL, NULL, '', NULL, NULL, NULL);
INSERT INTO `ACT_HI_PROCINST` VALUES ('979e7168-3368-11ea-aa63-00163e2e65eb', 2, '979e7168-3368-11ea-aa63-00163e2e65eb', '0bcda03d39e843088a4c3d6fab230dab', 'jsite_leave:1:4f0c4be1-2df3-11ea-aa23-c85b7643dd9e', '2020-01-10 13:18:10.158', '2020-01-17 15:37:10.376', 613140218, 'jsite', 'startevent1', 'end', NULL, NULL, '', NULL, NULL, NULL);
INSERT INTO `ACT_HI_PROCINST` VALUES ('a0af89db-2df4-11ea-aa23-c85b7643dd9e', 2, 'a0af89db-2df4-11ea-aa23-c85b7643dd9e', '75294dca525741a480260d8820a46953', 'jsite_leave:1:4f0c4be1-2df3-11ea-aa23-c85b7643dd9e', '2020-01-03 14:45:27.935', '2020-01-17 15:37:25.777', 1212717842, 'jsite', 'startevent1', 'end', NULL, NULL, '', NULL, NULL, NULL);
INSERT INTO `ACT_HI_PROCINST` VALUES ('aa3c297d-3349-11ea-aa63-00163e2e65eb', 2, 'aa3c297d-3349-11ea-aa63-00163e2e65eb', '621b45fe147b4e1291d5acd272ba2f2e', 'jsite_leave:1:4f0c4be1-2df3-11ea-aa23-c85b7643dd9e', '2020-01-10 09:36:46.992', '2020-01-10 15:25:55.512', 20948520, 'jsite', 'startevent1', 'end', NULL, NULL, '', NULL, NULL, NULL);
INSERT INTO `ACT_HI_PROCINST` VALUES ('aed40019-52c7-11ea-8c7c-c85b7643dd9e', 2, 'aed40019-52c7-11ea-8c7c-c85b7643dd9e', '2b1caea87ec94bb29b6175834331ea9b', 'jsite_leave:2:be76cc18-52c6-11ea-8c7c-c85b7643dd9e', '2020-02-19 11:26:57.332', '2020-02-24 09:42:42.595', 425745263, 'jsite', 'startevent1', 'end', NULL, NULL, '', NULL, NULL, NULL);
INSERT INTO `ACT_HI_PROCINST` VALUES ('af905a8a-56af-11ea-9661-00163e2e65eb', 2, 'af905a8a-56af-11ea-9661-00163e2e65eb', '6f79af673ab940c3b42b69c7fda7ffec', 'jsite_leave:2:be76cc18-52c6-11ea-8c7c-c85b7643dd9e', '2020-02-24 10:45:15.296', '2020-02-27 13:09:21.430', 267846134, 'jsite', 'startevent1', 'end', NULL, NULL, '', NULL, NULL, NULL);
INSERT INTO `ACT_HI_PROCINST` VALUES ('c5247234-3156-11ea-9129-00163e2e65eb', 2, 'c5247234-3156-11ea-9129-00163e2e65eb', '815a7d8c847946a59dd4dcef7427fd2f', 'jsite_leave:1:4f0c4be1-2df3-11ea-aa23-c85b7643dd9e', '2020-01-07 22:05:33.267', '2020-02-13 18:34:11.506', 3184118239, 'jsite', 'startevent1', 'end', NULL, NULL, '', NULL, NULL, NULL);
INSERT INTO `ACT_HI_PROCINST` VALUES ('c81fe553-36b7-11ea-aa63-00163e2e65eb', 1, 'c81fe553-36b7-11ea-aa63-00163e2e65eb', 'b393f21fd12648bb9c7cf79241e30b40', 'jsite_leave:1:4f0c4be1-2df3-11ea-aa23-c85b7643dd9e', '2020-01-14 18:22:35.267', NULL, NULL, 'jsite', 'startevent1', NULL, NULL, NULL, '', NULL, NULL, NULL);
INSERT INTO `ACT_HI_PROCINST` VALUES ('c87ffc92-32bd-11ea-aa63-00163e2e65eb', 1, 'c87ffc92-32bd-11ea-aa63-00163e2e65eb', 'dc37012c6fc649c3a82868288c8b5bd4', 'jsite_leave:1:4f0c4be1-2df3-11ea-aa23-c85b7643dd9e', '2020-01-09 16:55:28.226', NULL, NULL, 'jsite', 'startevent1', NULL, NULL, NULL, '', NULL, NULL, NULL);
INSERT INTO `ACT_HI_PROCINST` VALUES ('ca5a65af-4d6c-11ea-9b4e-00163e2e65eb', 2, 'ca5a65af-4d6c-11ea-9b4e-00163e2e65eb', '6bcbe514462a45ff8778f010595169ef', 'jsite_leave:1:4f0c4be1-2df3-11ea-aa23-c85b7643dd9e', '2020-02-12 15:53:43.495', '2020-03-02 15:52:52.958', 1641549463, 'jsite', 'startevent1', 'end', NULL, NULL, '', NULL, NULL, NULL);
INSERT INTO `ACT_HI_PROCINST` VALUES ('caea8d18-36ae-11ea-aa63-00163e2e65eb', 2, 'caea8d18-36ae-11ea-aa63-00163e2e65eb', '785f9f3ba20d443091c3969187f9b9a0', 'jsite_leave:1:4f0c4be1-2df3-11ea-aa23-c85b7643dd9e', '2020-01-14 17:18:14.480', '2020-01-15 11:00:03.690', 63709210, 'jsite', 'startevent1', 'end', NULL, NULL, '', NULL, NULL, NULL);
INSERT INTO `ACT_HI_PROCINST` VALUES ('d698a7fb-4d81-11ea-9b4e-00163e2e65eb', 2, 'd698a7fb-4d81-11ea-9b4e-00163e2e65eb', 'd40bdbaf8d9e426885097b21f390293a', 'jsite_leave:1:4f0c4be1-2df3-11ea-aa23-c85b7643dd9e', '2020-02-12 18:24:23.467', '2020-02-12 18:27:46.018', 202551, 'jsite', 'startevent1', 'end', NULL, NULL, '', NULL, NULL, NULL);
INSERT INTO `ACT_HI_PROCINST` VALUES ('dafeba38-367d-11ea-aa63-00163e2e65eb', 2, 'dafeba38-367d-11ea-aa63-00163e2e65eb', '352b30c8d8e14b3592244daeca9a4a11', 'jsite_leave:1:4f0c4be1-2df3-11ea-aa23-c85b7643dd9e', '2020-01-14 11:27:56.116', '2020-02-11 14:29:46.338', 2430110222, 'jsite', 'startevent1', 'end', NULL, NULL, '', NULL, NULL, NULL);
INSERT INTO `ACT_HI_PROCINST` VALUES ('dca4f015-4e48-11ea-9661-00163e2e65eb', 1, 'dca4f015-4e48-11ea-9661-00163e2e65eb', '8f483ff0ce954f8e83957de684124c36', 'jsite_leave:1:4f0c4be1-2df3-11ea-aa23-c85b7643dd9e', '2020-02-13 18:09:03.463', NULL, NULL, 'jsite', 'startevent1', NULL, NULL, NULL, '', NULL, NULL, NULL);
INSERT INTO `ACT_HI_PROCINST` VALUES ('de63bcf2-4bdf-11ea-9b4e-00163e2e65eb', 1, 'de63bcf2-4bdf-11ea-9b4e-00163e2e65eb', '42d4054b569745f181d2d369703e5998', 'jsite_leave:1:4f0c4be1-2df3-11ea-aa23-c85b7643dd9e', '2020-02-10 16:32:26.908', NULL, NULL, 'dept', 'startevent1', NULL, NULL, NULL, '', NULL, NULL, NULL);
INSERT INTO `ACT_HI_PROCINST` VALUES ('def0a034-562d-11ea-9661-00163e2e65eb', 2, 'def0a034-562d-11ea-9661-00163e2e65eb', '8e80a78718e84192a03f7279dd945c42', 'jsite_leave:2:be76cc18-52c6-11ea-8c7c-c85b7643dd9e', '2020-02-23 19:16:00.205', '2020-02-27 10:09:39.100', 312818895, 'dept', 'startevent1', 'end', NULL, NULL, '', NULL, NULL, NULL);
INSERT INTO `ACT_HI_PROCINST` VALUES ('e08f1edf-4c97-11ea-9b4e-00163e2e65eb', 2, 'e08f1edf-4c97-11ea-9b4e-00163e2e65eb', '1ca7c4347a9349d1aeec97e9bf828091', 'jsite_leave:1:4f0c4be1-2df3-11ea-aa23-c85b7643dd9e', '2020-02-11 14:29:37.947', '2020-02-13 18:34:05.103', 187467156, 'dept', 'startevent1', 'end', NULL, NULL, '', NULL, NULL, NULL);
INSERT INTO `ACT_HI_PROCINST` VALUES ('e318c61c-305b-11ea-9129-00163e2e65eb', 2, 'e318c61c-305b-11ea-9129-00163e2e65eb', 'fc8a20a02b1d4b15a8bab8e2ee0efde9', 'jsite_leave:1:4f0c4be1-2df3-11ea-aa23-c85b7643dd9e', '2020-01-06 16:09:39.843', '2020-01-06 16:10:38.561', 58718, 'dept', 'startevent1', 'end', NULL, NULL, '', NULL, NULL, NULL);
INSERT INTO `ACT_HI_PROCINST` VALUES ('e521e4ae-52ea-11ea-9661-00163e2e65eb', 2, 'e521e4ae-52ea-11ea-9661-00163e2e65eb', '9d34ff062ae44a8e88220a2c2a397743', 'jsite_leave:2:be76cc18-52c6-11ea-8c7c-c85b7643dd9e', '2020-02-19 15:39:00.825', '2020-02-24 12:31:59.593', 420778768, 'jsite', 'startevent1', 'end', NULL, NULL, '', NULL, NULL, NULL);
INSERT INTO `ACT_HI_PROCINST` VALUES ('ec0a0dfc-38fb-11ea-aa63-00163e2e65eb', 2, 'ec0a0dfc-38fb-11ea-aa63-00163e2e65eb', '9ea6742d060140979d2fa6309d8d8fe1', 'jsite_leave:1:4f0c4be1-2df3-11ea-aa23-c85b7643dd9e', '2020-01-17 15:35:23.625', '2020-01-17 15:38:18.757', 175132, 'jsite', 'startevent1', 'end', NULL, NULL, '', NULL, NULL, NULL);
INSERT INTO `ACT_HI_PROCINST` VALUES ('f5d4437e-3733-11ea-aa63-00163e2e65eb', 2, 'f5d4437e-3733-11ea-aa63-00163e2e65eb', '0150e3a778874b609905ba4f3c05aa14', 'jsite_leave:1:4f0c4be1-2df3-11ea-aa23-c85b7643dd9e', '2020-01-15 09:11:29.541', '2020-01-17 15:36:39.297', 195909756, 'jsite', 'startevent1', 'end', NULL, NULL, '', NULL, NULL, NULL);
INSERT INTO `ACT_HI_PROCINST` VALUES ('f9e02281-38f5-11ea-aa63-00163e2e65eb', 2, 'f9e02281-38f5-11ea-aa63-00163e2e65eb', '38bc9bbdfcf14f09a9b8f3fdc50409ff', 'jsite_leave:1:4f0c4be1-2df3-11ea-aa23-c85b7643dd9e', '2020-01-17 14:52:49.858', '2020-02-27 13:09:28.452', 3536198594, 'jsite', 'startevent1', 'end', NULL, NULL, '', NULL, NULL, NULL);
INSERT INTO `ACT_HI_PROCINST` VALUES ('fc715bed-36a6-11ea-aa63-00163e2e65eb', 1, 'fc715bed-36a6-11ea-aa63-00163e2e65eb', 'eed2fae2591d46b3917cd0980e6c76a6', 'jsite_leave:1:4f0c4be1-2df3-11ea-aa23-c85b7643dd9e', '2020-01-14 16:22:21.598', NULL, NULL, 'jsite', 'startevent1', NULL, NULL, NULL, '', NULL, NULL, NULL);

-- ----------------------------
-- Table structure for ACT_HI_TASKINST
-- ----------------------------
DROP TABLE IF EXISTS `ACT_HI_TASKINST`;
CREATE TABLE `ACT_HI_TASKINST`  (
  `ID_` varchar(64) CHARACTER SET utf8 COLLATE utf8_bin NOT NULL,
  `REV_` int(11) NULL DEFAULT 1,
  `PROC_DEF_ID_` varchar(64) CHARACTER SET utf8 COLLATE utf8_bin NULL DEFAULT NULL,
  `TASK_DEF_ID_` varchar(64) CHARACTER SET utf8 COLLATE utf8_bin NULL DEFAULT NULL,
  `TASK_DEF_KEY_` varchar(255) CHARACTER SET utf8 COLLATE utf8_bin NULL DEFAULT NULL,
  `PROC_INST_ID_` varchar(64) CHARACTER SET utf8 COLLATE utf8_bin NULL DEFAULT NULL,
  `EXECUTION_ID_` varchar(64) CHARACTER SET utf8 COLLATE utf8_bin NULL DEFAULT NULL,
  `SCOPE_ID_` varchar(255) CHARACTER SET utf8 COLLATE utf8_bin NULL DEFAULT NULL,
  `SUB_SCOPE_ID_` varchar(255) CHARACTER SET utf8 COLLATE utf8_bin NULL DEFAULT NULL,
  `SCOPE_TYPE_` varchar(255) CHARACTER SET utf8 COLLATE utf8_bin NULL DEFAULT NULL,
  `SCOPE_DEFINITION_ID_` varchar(255) CHARACTER SET utf8 COLLATE utf8_bin NULL DEFAULT NULL,
  `NAME_` varchar(255) CHARACTER SET utf8 COLLATE utf8_bin NULL DEFAULT NULL,
  `PARENT_TASK_ID_` varchar(64) CHARACTER SET utf8 COLLATE utf8_bin NULL DEFAULT NULL,
  `DESCRIPTION_` varchar(4000) CHARACTER SET utf8 COLLATE utf8_bin NULL DEFAULT NULL,
  `OWNER_` varchar(255) CHARACTER SET utf8 COLLATE utf8_bin NULL DEFAULT NULL,
  `ASSIGNEE_` varchar(255) CHARACTER SET utf8 COLLATE utf8_bin NULL DEFAULT NULL,
  `START_TIME_` datetime(3) NOT NULL,
  `CLAIM_TIME_` datetime(3) NULL DEFAULT NULL,
  `END_TIME_` datetime(3) NULL DEFAULT NULL,
  `DURATION_` bigint(20) NULL DEFAULT NULL,
  `DELETE_REASON_` varchar(4000) CHARACTER SET utf8 COLLATE utf8_bin NULL DEFAULT NULL,
  `PRIORITY_` int(11) NULL DEFAULT NULL,
  `DUE_DATE_` datetime(3) NULL DEFAULT NULL,
  `FORM_KEY_` varchar(255) CHARACTER SET utf8 COLLATE utf8_bin NULL DEFAULT NULL,
  `CATEGORY_` varchar(255) CHARACTER SET utf8 COLLATE utf8_bin NULL DEFAULT NULL,
  `TENANT_ID_` varchar(255) CHARACTER SET utf8 COLLATE utf8_bin NULL DEFAULT '',
  `LAST_UPDATED_TIME_` datetime(3) NULL DEFAULT NULL,
  PRIMARY KEY (`ID_`) USING BTREE,
  INDEX `ACT_IDX_HI_TASK_SCOPE`(`SCOPE_ID_`, `SCOPE_TYPE_`) USING BTREE,
  INDEX `ACT_IDX_HI_TASK_SUB_SCOPE`(`SUB_SCOPE_ID_`, `SCOPE_TYPE_`) USING BTREE,
  INDEX `ACT_IDX_HI_TASK_SCOPE_DEF`(`SCOPE_DEFINITION_ID_`, `SCOPE_TYPE_`) USING BTREE,
  INDEX `ACT_IDX_HI_TASK_INST_PROCINST`(`PROC_INST_ID_`) USING BTREE
) ENGINE = InnoDB CHARACTER SET = utf8 COLLATE = utf8_bin ROW_FORMAT = Dynamic;

-- ----------------------------
-- Records of ACT_HI_TASKINST
-- ----------------------------
INSERT INTO `ACT_HI_TASKINST` VALUES ('006ae1c2-3838-11ea-aa63-00163e2e65eb', 1, 'jsite_leave:1:4f0c4be1-2df3-11ea-aa23-c85b7643dd9e', NULL, 'leave_leader_audit', '006ae1ba-3838-11ea-aa63-00163e2e65eb', '006ae1bf-3838-11ea-aa63-00163e2e65eb', NULL, NULL, NULL, NULL, '领导审批', NULL, NULL, NULL, 'jsitehr', '2020-01-16 16:12:56.455', NULL, NULL, NULL, NULL, 50, NULL, 'leave_leader_audit', NULL, '', '2020-01-16 16:12:56.456');
INSERT INTO `ACT_HI_TASKINST` VALUES ('084d1221-2df4-11ea-aa23-c85b7643dd9e', 2, 'jsite_leave:1:4f0c4be1-2df3-11ea-aa23-c85b7643dd9e', NULL, 'adjustApply', '79cea582-2df3-11ea-aa23-c85b7643dd9e', '79d02c27-2df3-11ea-aa23-c85b7643dd9e', NULL, NULL, NULL, NULL, '调整申请', NULL, NULL, NULL, 'jsite', '2020-01-03 14:41:12.276', NULL, '2020-01-03 14:43:24.487', 132211, NULL, 50, NULL, NULL, NULL, '', '2020-01-03 14:43:24.487');
INSERT INTO `ACT_HI_TASKINST` VALUES ('0ad9ee64-3223-11ea-aa63-00163e2e65eb', 2, 'jsite_leave:1:4f0c4be1-2df3-11ea-aa23-c85b7643dd9e', NULL, 'leave_leader_audit', '0ad9c74c-3223-11ea-aa63-00163e2e65eb', '0ad9c751-3223-11ea-aa63-00163e2e65eb', NULL, NULL, NULL, NULL, '领导审批', NULL, NULL, NULL, 'jsite', '2020-01-08 22:27:47.552', NULL, '2020-01-10 16:59:46.866', 153119314, NULL, 50, NULL, 'leave_leader_audit', NULL, '', '2020-01-10 16:59:46.866');
INSERT INTO `ACT_HI_TASKINST` VALUES ('1035ced8-2f8c-11ea-9129-00163e2e65eb', 2, 'jsite_leave:1:4f0c4be1-2df3-11ea-aa23-c85b7643dd9e', NULL, 'leave_leader_audit', '1035a7c0-2f8c-11ea-9129-00163e2e65eb', '1035a7c5-2f8c-11ea-9129-00163e2e65eb', NULL, NULL, NULL, NULL, '领导审批', NULL, NULL, NULL, 'jsite', '2020-01-05 15:22:00.211', NULL, '2020-01-05 15:22:17.757', 17546, NULL, 50, NULL, 'leave_leader_audit', NULL, '', '2020-01-05 15:22:17.757');
INSERT INTO `ACT_HI_TASKINST` VALUES ('103bbec9-31f9-11ea-aa63-00163e2e65eb', 1, 'jsite_leave:1:4f0c4be1-2df3-11ea-aa23-c85b7643dd9e', NULL, 'leave_leader_audit', '1034b9e1-31f9-11ea-aa63-00163e2e65eb', '1035cb56-31f9-11ea-aa63-00163e2e65eb', NULL, NULL, NULL, NULL, '领导审批', NULL, NULL, NULL, 'jsitehr', '2020-01-08 17:27:17.720', NULL, NULL, NULL, NULL, 50, NULL, 'leave_leader_audit', NULL, '', '2020-01-08 17:27:17.723');
INSERT INTO `ACT_HI_TASKINST` VALUES ('143fa90b-3029-11ea-9129-00163e2e65eb', 2, 'jsite_leave:1:4f0c4be1-2df3-11ea-aa23-c85b7643dd9e', NULL, 'leave_leader_audit', '143f81f3-3029-11ea-9129-00163e2e65eb', '143fa908-3029-11ea-9129-00163e2e65eb', NULL, NULL, NULL, NULL, '领导审批', NULL, NULL, NULL, 'jsite', '2020-01-06 10:05:57.973', NULL, '2020-01-08 11:12:24.910', 176786937, NULL, 50, NULL, 'leave_leader_audit', NULL, '', '2020-01-08 11:12:24.910');
INSERT INTO `ACT_HI_TASKINST` VALUES ('18a05849-517b-11ea-9661-00163e2e65eb', 2, 'jsite_leave:1:4f0c4be1-2df3-11ea-aa23-c85b7643dd9e', NULL, 'leave_leader_audit', '18a05841-517b-11ea-9661-00163e2e65eb', '18a05846-517b-11ea-9661-00163e2e65eb', NULL, NULL, NULL, NULL, '领导审批', NULL, NULL, NULL, 'jsitehr', '2020-02-17 19:46:12.421', NULL, '2020-02-17 19:49:51.875', 219454, NULL, 50, NULL, 'leave_leader_audit', NULL, '', '2020-02-17 19:49:51.875');
INSERT INTO `ACT_HI_TASKINST` VALUES ('1f538bdc-4f9d-11ea-9661-00163e2e65eb', 2, 'jsite_leave:1:4f0c4be1-2df3-11ea-aa23-c85b7643dd9e', NULL, 'leave_leader_audit', '1f538bd4-4f9d-11ea-9661-00163e2e65eb', '1f538bd9-4f9d-11ea-9661-00163e2e65eb', NULL, NULL, NULL, NULL, '领导审批', NULL, NULL, NULL, 'jsiteuser', '2020-02-15 10:44:44.226', NULL, '2020-02-19 14:18:10.649', 358406423, NULL, 50, NULL, 'leave_leader_audit', NULL, '', '2020-02-19 14:18:10.649');
INSERT INTO `ACT_HI_TASKINST` VALUES ('264a9a4e-3678-11ea-aa63-00163e2e65eb', 2, 'jsite_leave:1:4f0c4be1-2df3-11ea-aa23-c85b7643dd9e', NULL, 'leave_leader_audit', '264a7336-3678-11ea-aa63-00163e2e65eb', '264a733b-3678-11ea-aa63-00163e2e65eb', NULL, NULL, NULL, NULL, '领导审批', NULL, NULL, NULL, 'jsite', '2020-01-14 10:47:05.462', NULL, '2020-01-14 14:08:19.292', 12073830, NULL, 50, NULL, 'leave_leader_audit', NULL, '', '2020-01-14 14:08:19.292');
INSERT INTO `ACT_HI_TASKINST` VALUES ('3414e5ec-3046-11ea-9129-00163e2e65eb', 2, 'jsite_leave:1:4f0c4be1-2df3-11ea-aa23-c85b7643dd9e', NULL, 'leave_leader_audit', '3414bed4-3046-11ea-9129-00163e2e65eb', '3414bed9-3046-11ea-9129-00163e2e65eb', NULL, NULL, NULL, NULL, '领导审批', NULL, NULL, NULL, 'jsitehr', '2020-01-06 13:34:26.785', NULL, '2020-01-07 16:49:14.547', 98087762, NULL, 50, NULL, 'leave_leader_audit', NULL, '', '2020-01-07 16:49:14.547');
INSERT INTO `ACT_HI_TASKINST` VALUES ('3a5e4de7-3694-11ea-aa63-00163e2e65eb', 2, 'jsite_leave:1:4f0c4be1-2df3-11ea-aa23-c85b7643dd9e', NULL, 'leave_leader_audit', '979e7168-3368-11ea-aa63-00163e2e65eb', '979e716d-3368-11ea-aa63-00163e2e65eb', NULL, NULL, NULL, NULL, '领导审批', NULL, NULL, NULL, 'dept', '2020-01-14 14:08:05.054', NULL, '2020-01-17 15:37:10.326', 264545272, NULL, 50, NULL, 'leave_leader_audit', NULL, '', '2020-01-17 15:37:10.326');
INSERT INTO `ACT_HI_TASKINST` VALUES ('3d30c526-3029-11ea-9129-00163e2e65eb', 2, 'jsite_leave:1:4f0c4be1-2df3-11ea-aa23-c85b7643dd9e', NULL, 'leave_leader_audit', '3d309e0e-3029-11ea-9129-00163e2e65eb', '3d30c523-3029-11ea-9129-00163e2e65eb', NULL, NULL, NULL, NULL, '领导审批', NULL, NULL, NULL, 'jsite', '2020-01-06 10:07:06.662', NULL, '2020-01-06 10:07:41.456', 34794, NULL, 50, NULL, 'leave_leader_audit', NULL, '', '2020-01-06 10:07:41.456');
INSERT INTO `ACT_HI_TASKINST` VALUES ('462d5224-58a3-11ea-9661-00163e2e65eb', 2, 'jsite_leave:2:be76cc18-52c6-11ea-8c7c-c85b7643dd9e', NULL, 'leave_leader_audit', 'def0a034-562d-11ea-9661-00163e2e65eb', 'def0a039-562d-11ea-9661-00163e2e65eb', NULL, NULL, NULL, NULL, '领导审批', NULL, NULL, NULL, 'jsite', '2020-02-26 22:21:26.851', NULL, '2020-02-27 10:09:38.623', 42491772, NULL, 50, NULL, 'leave_leader_audit', NULL, '', '2020-02-27 10:09:38.623');
INSERT INTO `ACT_HI_TASKINST` VALUES ('48690372-4f9e-11ea-9661-00163e2e65eb', 2, 'jsite_leave:1:4f0c4be1-2df3-11ea-aa23-c85b7643dd9e', NULL, 'leave_leader_audit', '4868dc5a-4f9e-11ea-9661-00163e2e65eb', '4869036f-4f9e-11ea-9661-00163e2e65eb', NULL, NULL, NULL, NULL, '领导审批', NULL, NULL, NULL, 'jsite', '2020-02-15 10:53:02.649', NULL, '2020-02-18 17:27:55.001', 282892352, NULL, 50, NULL, 'leave_leader_audit', NULL, '', '2020-02-18 17:27:55.001');
INSERT INTO `ACT_HI_TASKINST` VALUES ('4a4f8e28-4e4c-11ea-9661-00163e2e65eb', 2, 'jsite_leave:1:4f0c4be1-2df3-11ea-aa23-c85b7643dd9e', NULL, 'leave_leader_audit', '4a4f6710-4e4c-11ea-9661-00163e2e65eb', '4a4f8e25-4e4c-11ea-9661-00163e2e65eb', NULL, NULL, NULL, NULL, '领导审批', NULL, NULL, NULL, 'jsitehr', '2020-02-13 18:33:35.943', NULL, '2020-03-16 10:15:56.259', 2734940316, NULL, 50, NULL, 'leave_leader_audit', NULL, '', '2020-03-16 10:15:56.259');
INSERT INTO `ACT_HI_TASKINST` VALUES ('50e97060-53c5-11ea-9661-00163e2e65eb', 2, 'jsite_leave:2:be76cc18-52c6-11ea-8c7c-c85b7643dd9e', NULL, 'leave_leader_audit', 'e521e4ae-52ea-11ea-9661-00163e2e65eb', 'e5220bc3-52ea-11ea-9661-00163e2e65eb', NULL, NULL, NULL, NULL, '领导审批', NULL, NULL, NULL, 'jsite', '2020-02-20 17:42:31.936', NULL, '2020-02-24 12:31:59.541', 326967605, NULL, 50, NULL, 'leave_leader_audit', NULL, '', '2020-02-24 12:31:59.541');
INSERT INTO `ACT_HI_TASKINST` VALUES ('520e912d-3029-11ea-9129-00163e2e65eb', 2, 'jsite_leave:1:4f0c4be1-2df3-11ea-aa23-c85b7643dd9e', NULL, 'adjustApply', '3d309e0e-3029-11ea-9129-00163e2e65eb', '3d30c523-3029-11ea-9129-00163e2e65eb', NULL, NULL, NULL, NULL, '调整申请', NULL, NULL, NULL, 'jsite', '2020-01-06 10:07:41.670', NULL, '2020-01-06 10:09:48.498', 126828, NULL, 50, NULL, NULL, NULL, '', '2020-01-06 10:09:48.498');
INSERT INTO `ACT_HI_TASKINST` VALUES ('54602c87-4f9d-11ea-9661-00163e2e65eb', 2, 'jsite_leave:1:4f0c4be1-2df3-11ea-aa23-c85b7643dd9e', NULL, 'leave_leader_audit', '5460056f-4f9d-11ea-9661-00163e2e65eb', '54602c84-4f9d-11ea-9661-00163e2e65eb', NULL, NULL, NULL, NULL, '领导审批', NULL, NULL, NULL, 'jsitehr', '2020-02-15 10:46:13.227', NULL, '2020-03-09 14:58:28.772', 2002335545, NULL, 50, NULL, 'leave_leader_audit', NULL, '', '2020-03-09 14:58:28.772');
INSERT INTO `ACT_HI_TASKINST` VALUES ('5663132e-383f-11ea-aa63-00163e2e65eb', 2, 'jsite_leave:1:4f0c4be1-2df3-11ea-aa23-c85b7643dd9e', NULL, 'leave_leader_audit', '56631326-383f-11ea-aa63-00163e2e65eb', '5663132b-383f-11ea-aa63-00163e2e65eb', NULL, NULL, NULL, NULL, '领导审批', NULL, NULL, NULL, 'jsitehr', '2020-01-16 17:05:27.165', NULL, '2020-02-27 13:10:28.808', 3614701643, NULL, 50, NULL, 'leave_leader_audit', NULL, '', '2020-02-27 13:10:28.808');
INSERT INTO `ACT_HI_TASKINST` VALUES ('572c4376-2df4-11ea-aa23-c85b7643dd9e', 2, 'jsite_leave:1:4f0c4be1-2df3-11ea-aa23-c85b7643dd9e', NULL, 'leave_leader_audit', '79cea582-2df3-11ea-aa23-c85b7643dd9e', '79d02c27-2df3-11ea-aa23-c85b7643dd9e', NULL, NULL, NULL, NULL, '领导审批', NULL, NULL, NULL, 'jsite', '2020-01-03 14:43:24.601', NULL, '2020-01-03 14:44:01.925', 37324, NULL, 50, NULL, 'leave_leader_audit', NULL, '', '2020-01-03 14:44:01.925');
INSERT INTO `ACT_HI_TASKINST` VALUES ('5da64e4f-32b9-11ea-aa63-00163e2e65eb', 1, 'jsite_leave:1:4f0c4be1-2df3-11ea-aa23-c85b7643dd9e', NULL, 'leave_leader_audit', '5da62737-32b9-11ea-aa63-00163e2e65eb', '5da64e4c-32b9-11ea-aa63-00163e2e65eb', NULL, NULL, NULL, NULL, '领导审批', NULL, NULL, NULL, 'jsiteuser', '2020-01-09 16:23:50.974', NULL, NULL, NULL, NULL, 50, NULL, 'leave_leader_audit', NULL, '', '2020-01-09 16:23:50.975');
INSERT INTO `ACT_HI_TASKINST` VALUES ('6678f1fe-515a-11ea-9661-00163e2e65eb', 2, 'jsite_leave:1:4f0c4be1-2df3-11ea-aa23-c85b7643dd9e', NULL, 'leave_leader_audit', '6678cae6-515a-11ea-9661-00163e2e65eb', '6678f1fb-515a-11ea-9661-00163e2e65eb', NULL, NULL, NULL, NULL, '领导审批', NULL, NULL, NULL, 'dept', '2020-02-17 15:52:09.633', NULL, '2020-02-18 13:28:31.378', 77781745, NULL, 50, NULL, 'leave_leader_audit', NULL, '', '2020-02-18 13:28:31.378');
INSERT INTO `ACT_HI_TASKINST` VALUES ('66bfb0a7-3827-11ea-aa63-00163e2e65eb', 1, 'jsite_leave:1:4f0c4be1-2df3-11ea-aa23-c85b7643dd9e', NULL, 'leave_leader_audit', '66bf898f-3827-11ea-aa63-00163e2e65eb', '66bf8994-3827-11ea-aa63-00163e2e65eb', NULL, NULL, NULL, NULL, '领导审批', NULL, NULL, NULL, 'jsitehr', '2020-01-16 14:14:06.694', NULL, NULL, NULL, NULL, 50, NULL, 'leave_leader_audit', NULL, '', '2020-01-16 14:14:06.694');
INSERT INTO `ACT_HI_TASKINST` VALUES ('6906189a-5c69-11ea-9661-00163e2e65eb', 2, 'jsite_leave:1:4f0c4be1-2df3-11ea-aa23-c85b7643dd9e', NULL, 'adjustApply', '56631326-383f-11ea-aa63-00163e2e65eb', '5663132b-383f-11ea-aa63-00163e2e65eb', NULL, NULL, NULL, NULL, '调整申请', NULL, NULL, NULL, 'jsite', '2020-03-02 17:37:19.155', NULL, '2020-03-03 17:24:17.521', 85618366, NULL, 50, NULL, NULL, NULL, '', '2020-03-03 17:24:17.521');
INSERT INTO `ACT_HI_TASKINST` VALUES ('6a196e3f-56a7-11ea-9661-00163e2e65eb', 2, 'jsite_leave:2:be76cc18-52c6-11ea-8c7c-c85b7643dd9e', NULL, 'adjustApply', 'def0a034-562d-11ea-9661-00163e2e65eb', 'def0a039-562d-11ea-9661-00163e2e65eb', NULL, NULL, NULL, NULL, '调整申请', NULL, NULL, NULL, 'dept', '2020-02-24 09:46:02.780', NULL, '2020-02-26 22:21:26.841', 218124061, NULL, 50, NULL, NULL, NULL, '', '2020-02-26 22:21:26.841');
INSERT INTO `ACT_HI_TASKINST` VALUES ('6a63cfd6-52f6-11ea-9661-00163e2e65eb', 2, 'jsite_leave:2:be76cc18-52c6-11ea-8c7c-c85b7643dd9e', NULL, 'adjustApply', 'e521e4ae-52ea-11ea-9661-00163e2e65eb', 'e5220bc3-52ea-11ea-9661-00163e2e65eb', NULL, NULL, NULL, NULL, '调整申请', NULL, NULL, NULL, 'jsite', '2020-02-19 17:01:28.858', NULL, '2020-02-20 17:42:31.928', 88863070, NULL, 50, NULL, NULL, NULL, '', '2020-02-20 17:42:31.928');
INSERT INTO `ACT_HI_TASKINST` VALUES ('6ba6de77-5a21-11ea-9661-00163e2e65eb', 2, 'jsite_leave:1:4f0c4be1-2df3-11ea-aa23-c85b7643dd9e', NULL, 'leave_leader_audit', '18a05841-517b-11ea-9661-00163e2e65eb', '18a05846-517b-11ea-9661-00163e2e65eb', NULL, NULL, NULL, NULL, '领导审批', NULL, NULL, NULL, 'jsitehr', '2020-02-28 19:56:57.474', NULL, '2020-03-02 17:37:10.349', 250812875, NULL, 50, NULL, 'leave_leader_audit', NULL, '', '2020-03-02 17:37:10.349');
INSERT INTO `ACT_HI_TASKINST` VALUES ('784d2dcd-2e95-11ea-9129-00163e2e65eb', 2, 'jsite_leave:1:4f0c4be1-2df3-11ea-aa23-c85b7643dd9e', NULL, 'leave_leader_audit', '783cda15-2e95-11ea-9129-00163e2e65eb', '78400e6a-2e95-11ea-9129-00163e2e65eb', NULL, NULL, NULL, NULL, '领导审批', NULL, NULL, NULL, 'dept', '2020-01-04 09:56:49.156', NULL, '2020-01-06 14:56:15.725', 190766569, NULL, 50, NULL, 'leave_leader_audit', NULL, '', '2020-01-06 14:56:15.725');
INSERT INTO `ACT_HI_TASKINST` VALUES ('78778b40-591f-11ea-9661-00163e2e65eb', 2, 'jsite_leave:1:4f0c4be1-2df3-11ea-aa23-c85b7643dd9e', NULL, 'adjustApply', '56631326-383f-11ea-aa63-00163e2e65eb', '5663132b-383f-11ea-aa63-00163e2e65eb', NULL, NULL, NULL, NULL, '调整申请', NULL, NULL, NULL, 'jsite', '2020-02-27 13:10:28.818', NULL, '2020-02-28 09:51:41.115', 74472297, NULL, 50, NULL, NULL, NULL, '', '2020-02-28 09:51:41.115');
INSERT INTO `ACT_HI_TASKINST` VALUES ('79d709fa-2df3-11ea-aa23-c85b7643dd9e', 2, 'jsite_leave:1:4f0c4be1-2df3-11ea-aa23-c85b7643dd9e', NULL, 'leave_leader_audit', '79cea582-2df3-11ea-aa23-c85b7643dd9e', '79d02c27-2df3-11ea-aa23-c85b7643dd9e', NULL, NULL, NULL, NULL, '领导审批', NULL, NULL, NULL, 'jsite', '2020-01-03 14:37:13.268', NULL, '2020-01-03 14:41:12.205', 238937, NULL, 50, NULL, 'leave_leader_audit', NULL, '', '2020-01-03 14:41:12.205');
INSERT INTO `ACT_HI_TASKINST` VALUES ('7c8a59dd-35d1-11ea-aa63-00163e2e65eb', 2, 'jsite_leave:1:4f0c4be1-2df3-11ea-aa23-c85b7643dd9e', NULL, 'leave_leader_audit', '7c8a32c5-35d1-11ea-aa63-00163e2e65eb', '7c8a32ca-35d1-11ea-aa63-00163e2e65eb', NULL, NULL, NULL, NULL, '领导审批', NULL, NULL, NULL, 'jsite', '2020-01-13 14:54:04.210', NULL, '2020-01-13 15:24:20.819', 1816609, NULL, 50, NULL, 'leave_leader_audit', NULL, '', '2020-01-13 15:24:20.819');
INSERT INTO `ACT_HI_TASKINST` VALUES ('829118fb-3387-11ea-aa63-00163e2e65eb', 1, 'jsite_leave:1:4f0c4be1-2df3-11ea-aa23-c85b7643dd9e', NULL, 'leave_leader_audit', '8290f1e3-3387-11ea-aa63-00163e2e65eb', '829118f8-3387-11ea-aa63-00163e2e65eb', NULL, NULL, NULL, NULL, '领导审批', NULL, NULL, NULL, 'jsitehr', '2020-01-10 16:59:29.237', NULL, NULL, NULL, NULL, 50, NULL, 'leave_leader_audit', NULL, '', '2020-01-10 16:59:29.237');
INSERT INTO `ACT_HI_TASKINST` VALUES ('8d149873-3387-11ea-aa63-00163e2e65eb', 2, 'jsite_leave:1:4f0c4be1-2df3-11ea-aa23-c85b7643dd9e', NULL, 'adjustApply', '0ad9c74c-3223-11ea-aa63-00163e2e65eb', '0ad9c751-3223-11ea-aa63-00163e2e65eb', NULL, NULL, NULL, NULL, '调整申请', NULL, NULL, NULL, 'jsite', '2020-01-10 16:59:46.876', NULL, '2020-01-13 15:23:45.366', 253438490, NULL, 50, NULL, NULL, NULL, '', '2020-01-13 15:23:45.366');
INSERT INTO `ACT_HI_TASKINST` VALUES ('8db9e16b-3379-11ea-aa63-00163e2e65eb', 1, 'jsite_leave:1:4f0c4be1-2df3-11ea-aa23-c85b7643dd9e', NULL, 'leave_leader_audit', '8db9ba53-3379-11ea-aa63-00163e2e65eb', '8db9e168-3379-11ea-aa63-00163e2e65eb', NULL, NULL, NULL, NULL, '领导审批', NULL, NULL, NULL, 'jsitehr', '2020-01-10 15:19:35.005', NULL, NULL, NULL, NULL, 50, NULL, 'leave_leader_audit', NULL, '', '2020-01-10 15:19:35.005');
INSERT INTO `ACT_HI_TASKINST` VALUES ('90239b28-35d5-11ea-aa63-00163e2e65eb', 2, 'jsite_leave:1:4f0c4be1-2df3-11ea-aa23-c85b7643dd9e', NULL, 'leave_leader_audit', '90237410-35d5-11ea-aa63-00163e2e65eb', '90237415-35d5-11ea-aa63-00163e2e65eb', NULL, NULL, NULL, NULL, '领导审批', NULL, NULL, NULL, 'jsite', '2020-01-13 15:23:15.078', NULL, '2020-01-13 15:24:11.683', 56605, NULL, 50, NULL, 'leave_leader_audit', NULL, '', '2020-01-13 15:24:11.683');
INSERT INTO `ACT_HI_TASKINST` VALUES ('917e7355-3678-11ea-aa63-00163e2e65eb', 2, 'jsite_leave:1:4f0c4be1-2df3-11ea-aa23-c85b7643dd9e', NULL, 'adjustApply', '979e7168-3368-11ea-aa63-00163e2e65eb', '979e716d-3368-11ea-aa63-00163e2e65eb', NULL, NULL, NULL, NULL, '调整申请', NULL, NULL, NULL, 'jsite', '2020-01-14 10:50:05.318', NULL, '2020-01-14 14:08:05.045', 11879727, NULL, 50, NULL, NULL, NULL, '', '2020-01-14 14:08:05.045');
INSERT INTO `ACT_HI_TASKINST` VALUES ('979e9880-3368-11ea-aa63-00163e2e65eb', 2, 'jsite_leave:1:4f0c4be1-2df3-11ea-aa23-c85b7643dd9e', NULL, 'leave_leader_audit', '979e7168-3368-11ea-aa63-00163e2e65eb', '979e716d-3368-11ea-aa63-00163e2e65eb', NULL, NULL, NULL, NULL, '领导审批', NULL, NULL, NULL, 'dept', '2020-01-10 13:18:10.159', NULL, '2020-01-14 10:50:05.310', 336715151, NULL, 50, NULL, 'leave_leader_audit', NULL, '', '2020-01-14 10:50:05.310');
INSERT INTO `ACT_HI_TASKINST` VALUES ('9b700ae0-517b-11ea-9661-00163e2e65eb', 2, 'jsite_leave:1:4f0c4be1-2df3-11ea-aa23-c85b7643dd9e', NULL, 'adjustApply', '18a05841-517b-11ea-9661-00163e2e65eb', '18a05846-517b-11ea-9661-00163e2e65eb', NULL, NULL, NULL, NULL, '调整申请', NULL, NULL, NULL, 'dept', '2020-02-17 19:49:51.886', NULL, '2020-02-28 19:56:57.466', 950825580, NULL, 50, NULL, NULL, NULL, '', '2020-02-28 19:56:57.466');
INSERT INTO `ACT_HI_TASKINST` VALUES ('9da8a9a2-3029-11ea-9129-00163e2e65eb', 2, 'jsite_leave:1:4f0c4be1-2df3-11ea-aa23-c85b7643dd9e', NULL, 'leave_leader_audit', '3d309e0e-3029-11ea-9129-00163e2e65eb', '3d30c523-3029-11ea-9129-00163e2e65eb', NULL, NULL, NULL, NULL, '领导审批', NULL, NULL, NULL, 'jsite', '2020-01-06 10:09:48.509', NULL, '2020-01-07 14:48:24.514', 103116005, NULL, 50, NULL, 'leave_leader_audit', NULL, '', '2020-01-07 14:48:24.514');
INSERT INTO `ACT_HI_TASKINST` VALUES ('a0afb0f3-2df4-11ea-aa23-c85b7643dd9e', 2, 'jsite_leave:1:4f0c4be1-2df3-11ea-aa23-c85b7643dd9e', NULL, 'leave_leader_audit', 'a0af89db-2df4-11ea-aa23-c85b7643dd9e', 'a0af89e0-2df4-11ea-aa23-c85b7643dd9e', NULL, NULL, NULL, NULL, '领导审批', NULL, NULL, NULL, 'dept', '2020-01-03 14:45:27.936', NULL, '2020-01-17 15:37:25.730', 1212717794, NULL, 50, NULL, 'leave_leader_audit', NULL, '', '2020-01-17 15:37:25.730');
INSERT INTO `ACT_HI_TASKINST` VALUES ('a20ac423-3051-11ea-9129-00163e2e65eb', 2, 'jsite_leave:1:4f0c4be1-2df3-11ea-aa23-c85b7643dd9e', NULL, 'adjustApply', '783cda15-2e95-11ea-9129-00163e2e65eb', '78400e6a-2e95-11ea-9129-00163e2e65eb', NULL, NULL, NULL, NULL, '调整申请', NULL, NULL, NULL, 'jsite', '2020-01-06 14:56:15.733', NULL, '2020-01-06 14:57:07.092', 51359, NULL, 50, NULL, NULL, NULL, '', '2020-01-06 14:57:07.092');
INSERT INTO `ACT_HI_TASKINST` VALUES ('a2328fbf-35d5-11ea-aa63-00163e2e65eb', 2, 'jsite_leave:1:4f0c4be1-2df3-11ea-aa23-c85b7643dd9e', NULL, 'leave_leader_audit', '0ad9c74c-3223-11ea-aa63-00163e2e65eb', '0ad9c751-3223-11ea-aa63-00163e2e65eb', NULL, NULL, NULL, NULL, '领导审批', NULL, NULL, NULL, 'jsite', '2020-01-13 15:23:45.375', NULL, '2020-01-13 15:24:04.073', 18698, NULL, 50, NULL, 'leave_leader_audit', NULL, '', '2020-01-13 15:24:04.073');
INSERT INTO `ACT_HI_TASKINST` VALUES ('aa3c5095-3349-11ea-aa63-00163e2e65eb', 2, 'jsite_leave:1:4f0c4be1-2df3-11ea-aa23-c85b7643dd9e', NULL, 'leave_leader_audit', 'aa3c297d-3349-11ea-aa63-00163e2e65eb', 'aa3c2982-3349-11ea-aa63-00163e2e65eb', NULL, NULL, NULL, NULL, '领导审批', NULL, NULL, NULL, 'jsite', '2020-01-10 09:36:46.993', NULL, '2020-01-10 15:25:55.461', 20948468, NULL, 50, NULL, 'leave_leader_audit', NULL, '', '2020-01-10 15:25:55.461');
INSERT INTO `ACT_HI_TASKINST` VALUES ('aee209e1-52c7-11ea-8c7c-c85b7643dd9e', 2, 'jsite_leave:2:be76cc18-52c6-11ea-8c7c-c85b7643dd9e', NULL, 'leave_leader_audit', 'aed40019-52c7-11ea-8c7c-c85b7643dd9e', 'aed81ece-52c7-11ea-8c7c-c85b7643dd9e', NULL, NULL, NULL, NULL, '领导审批', NULL, NULL, NULL, 'dept', '2020-02-19 11:26:57.426', NULL, '2020-02-19 11:27:55.517', 58091, NULL, 50, NULL, 'leave_leader_audit', NULL, '', '2020-02-19 11:27:55.517');
INSERT INTO `ACT_HI_TASKINST` VALUES ('af9081a2-56af-11ea-9661-00163e2e65eb', 2, 'jsite_leave:2:be76cc18-52c6-11ea-8c7c-c85b7643dd9e', NULL, 'leave_leader_audit', 'af905a8a-56af-11ea-9661-00163e2e65eb', 'af90819f-56af-11ea-9661-00163e2e65eb', NULL, NULL, NULL, NULL, '领导审批', NULL, NULL, NULL, 'jsitehr', '2020-02-24 10:45:15.297', NULL, '2020-02-27 13:09:21.372', 267846075, NULL, 50, NULL, 'leave_leader_audit', NULL, '', '2020-02-27 13:09:21.372');
INSERT INTO `ACT_HI_TASKINST` VALUES ('c0a8e6a9-3051-11ea-9129-00163e2e65eb', 2, 'jsite_leave:1:4f0c4be1-2df3-11ea-aa23-c85b7643dd9e', NULL, 'leave_leader_audit', '783cda15-2e95-11ea-9129-00163e2e65eb', '78400e6a-2e95-11ea-9129-00163e2e65eb', NULL, NULL, NULL, NULL, '领导审批', NULL, NULL, NULL, 'dept', '2020-01-06 14:57:07.100', NULL, '2020-02-17 20:51:41.084', 3650073984, NULL, 50, NULL, 'leave_leader_audit', NULL, '', '2020-02-17 20:51:41.084');
INSERT INTO `ACT_HI_TASKINST` VALUES ('c18d07f2-5d30-11ea-9661-00163e2e65eb', 2, 'jsite_leave:1:4f0c4be1-2df3-11ea-aa23-c85b7643dd9e', NULL, 'leave_leader_audit', '56631326-383f-11ea-aa63-00163e2e65eb', '5663132b-383f-11ea-aa63-00163e2e65eb', NULL, NULL, NULL, NULL, '领导审批', NULL, NULL, NULL, 'jsitehr', '2020-03-03 17:24:17.529', NULL, '2020-03-04 13:35:14.849', 72657320, NULL, 50, NULL, 'leave_leader_audit', NULL, '', '2020-03-04 13:35:14.849');
INSERT INTO `ACT_HI_TASKINST` VALUES ('c524994c-3156-11ea-9129-00163e2e65eb', 2, 'jsite_leave:1:4f0c4be1-2df3-11ea-aa23-c85b7643dd9e', NULL, 'leave_leader_audit', 'c5247234-3156-11ea-9129-00163e2e65eb', 'c5247239-3156-11ea-9129-00163e2e65eb', NULL, NULL, NULL, NULL, '领导审批', NULL, NULL, NULL, 'dept', '2020-01-07 22:05:33.268', NULL, '2020-02-13 18:34:11.436', 3184118168, NULL, 50, NULL, 'leave_leader_audit', NULL, '', '2020-02-13 18:34:11.436');
INSERT INTO `ACT_HI_TASKINST` VALUES ('c8200c6b-36b7-11ea-aa63-00163e2e65eb', 1, 'jsite_leave:1:4f0c4be1-2df3-11ea-aa23-c85b7643dd9e', NULL, 'leave_leader_audit', 'c81fe553-36b7-11ea-aa63-00163e2e65eb', 'c81fe558-36b7-11ea-aa63-00163e2e65eb', NULL, NULL, NULL, NULL, '领导审批', NULL, NULL, NULL, 'jsiteuser', '2020-01-14 18:22:35.268', NULL, NULL, NULL, NULL, 50, NULL, 'leave_leader_audit', NULL, '', '2020-01-14 18:22:35.268');
INSERT INTO `ACT_HI_TASKINST` VALUES ('c88023aa-32bd-11ea-aa63-00163e2e65eb', 1, 'jsite_leave:1:4f0c4be1-2df3-11ea-aa23-c85b7643dd9e', NULL, 'leave_leader_audit', 'c87ffc92-32bd-11ea-aa63-00163e2e65eb', 'c87ffc97-32bd-11ea-aa63-00163e2e65eb', NULL, NULL, NULL, NULL, '领导审批', NULL, NULL, NULL, 'jsitehr', '2020-01-09 16:55:28.227', NULL, NULL, NULL, NULL, 50, NULL, 'leave_leader_audit', NULL, '', '2020-01-09 16:55:28.227');
INSERT INTO `ACT_HI_TASKINST` VALUES ('ca5a8cc7-4d6c-11ea-9b4e-00163e2e65eb', 2, 'jsite_leave:1:4f0c4be1-2df3-11ea-aa23-c85b7643dd9e', NULL, 'leave_leader_audit', 'ca5a65af-4d6c-11ea-9b4e-00163e2e65eb', 'ca5a8cc4-4d6c-11ea-9b4e-00163e2e65eb', NULL, NULL, NULL, NULL, '领导审批', NULL, NULL, NULL, 'jsitehr', '2020-02-12 15:53:43.496', NULL, '2020-03-02 15:52:52.920', 1641549424, NULL, 50, NULL, 'leave_leader_audit', NULL, '', '2020-03-02 15:52:52.920');
INSERT INTO `ACT_HI_TASKINST` VALUES ('caeab430-36ae-11ea-aa63-00163e2e65eb', 2, 'jsite_leave:1:4f0c4be1-2df3-11ea-aa23-c85b7643dd9e', NULL, 'leave_leader_audit', 'caea8d18-36ae-11ea-aa63-00163e2e65eb', 'caeab42d-36ae-11ea-aa63-00163e2e65eb', NULL, NULL, NULL, NULL, '领导审批', NULL, NULL, NULL, 'jsitehr', '2020-01-14 17:18:14.481', NULL, '2020-01-15 11:00:03.640', 63709159, NULL, 50, NULL, 'leave_leader_audit', NULL, '', '2020-01-15 11:00:03.640');
INSERT INTO `ACT_HI_TASKINST` VALUES ('d18a42f8-52c7-11ea-8c7c-c85b7643dd9e', 2, 'jsite_leave:2:be76cc18-52c6-11ea-8c7c-c85b7643dd9e', NULL, 'adjustApply', 'aed40019-52c7-11ea-8c7c-c85b7643dd9e', 'aed81ece-52c7-11ea-8c7c-c85b7643dd9e', NULL, NULL, NULL, NULL, '调整申请', NULL, NULL, NULL, 'jsite', '2020-02-19 11:27:55.569', NULL, '2020-02-19 11:28:54.822', 59253, NULL, 50, NULL, NULL, NULL, '', '2020-02-19 11:28:54.822');
INSERT INTO `ACT_HI_TASKINST` VALUES ('d698cf13-4d81-11ea-9b4e-00163e2e65eb', 2, 'jsite_leave:1:4f0c4be1-2df3-11ea-aa23-c85b7643dd9e', NULL, 'leave_leader_audit', 'd698a7fb-4d81-11ea-9b4e-00163e2e65eb', 'd698cf10-4d81-11ea-9b4e-00163e2e65eb', NULL, NULL, NULL, NULL, '领导审批', NULL, NULL, NULL, 'dept', '2020-02-12 18:24:23.468', NULL, '2020-02-12 18:27:45.977', 202509, NULL, 50, NULL, 'leave_leader_audit', NULL, '', '2020-02-12 18:27:45.977');
INSERT INTO `ACT_HI_TASKINST` VALUES ('dafee150-367d-11ea-aa63-00163e2e65eb', 2, 'jsite_leave:1:4f0c4be1-2df3-11ea-aa23-c85b7643dd9e', NULL, 'leave_leader_audit', 'dafeba38-367d-11ea-aa63-00163e2e65eb', 'dafee14d-367d-11ea-aa63-00163e2e65eb', NULL, NULL, NULL, NULL, '领导审批', NULL, NULL, NULL, 'dept', '2020-01-14 11:27:56.117', NULL, '2020-02-11 14:29:46.268', 2430110151, NULL, 50, NULL, 'leave_leader_audit', NULL, '', '2020-02-11 14:29:46.268');
INSERT INTO `ACT_HI_TASKINST` VALUES ('dcab7fcd-4e48-11ea-9661-00163e2e65eb', 1, 'jsite_leave:1:4f0c4be1-2df3-11ea-aa23-c85b7643dd9e', NULL, 'leave_leader_audit', 'dca4f015-4e48-11ea-9661-00163e2e65eb', 'dca5da7a-4e48-11ea-9661-00163e2e65eb', NULL, NULL, NULL, NULL, '领导审批', NULL, NULL, NULL, 'jsiteuser', '2020-02-13 18:09:03.507', NULL, NULL, NULL, NULL, 50, NULL, 'leave_leader_audit', NULL, '', '2020-02-13 18:09:03.512');
INSERT INTO `ACT_HI_TASKINST` VALUES ('dd6b2b50-59cc-11ea-9661-00163e2e65eb', 2, 'jsite_leave:1:4f0c4be1-2df3-11ea-aa23-c85b7643dd9e', NULL, 'leave_leader_audit', '56631326-383f-11ea-aa63-00163e2e65eb', '5663132b-383f-11ea-aa63-00163e2e65eb', NULL, NULL, NULL, NULL, '领导审批', NULL, NULL, NULL, 'jsitehr', '2020-02-28 09:51:41.121', NULL, '2020-03-02 17:37:19.148', 287138027, NULL, 50, NULL, 'leave_leader_audit', NULL, '', '2020-03-02 17:37:19.148');
INSERT INTO `ACT_HI_TASKINST` VALUES ('de6d80fa-4bdf-11ea-9b4e-00163e2e65eb', 1, 'jsite_leave:1:4f0c4be1-2df3-11ea-aa23-c85b7643dd9e', NULL, 'leave_leader_audit', 'de63bcf2-4bdf-11ea-9b4e-00163e2e65eb', 'de648047-4bdf-11ea-9b4e-00163e2e65eb', NULL, NULL, NULL, NULL, '领导审批', NULL, NULL, NULL, 'jsitehr', '2020-02-10 16:32:26.974', NULL, NULL, NULL, NULL, 50, NULL, 'leave_leader_audit', NULL, '', '2020-02-10 16:32:26.977');
INSERT INTO `ACT_HI_TASKINST` VALUES ('def0c74c-562d-11ea-9661-00163e2e65eb', 2, 'jsite_leave:2:be76cc18-52c6-11ea-8c7c-c85b7643dd9e', NULL, 'leave_leader_audit', 'def0a034-562d-11ea-9661-00163e2e65eb', 'def0a039-562d-11ea-9661-00163e2e65eb', NULL, NULL, NULL, NULL, '领导审批', NULL, NULL, NULL, 'jsite', '2020-02-23 19:16:00.206', NULL, '2020-02-24 09:46:02.773', 52202567, NULL, 50, NULL, 'leave_leader_audit', NULL, '', '2020-02-24 09:46:02.773');
INSERT INTO `ACT_HI_TASKINST` VALUES ('e08f45f7-4c97-11ea-9b4e-00163e2e65eb', 2, 'jsite_leave:1:4f0c4be1-2df3-11ea-aa23-c85b7643dd9e', NULL, 'leave_leader_audit', 'e08f1edf-4c97-11ea-9b4e-00163e2e65eb', 'e08f45f4-4c97-11ea-9b4e-00163e2e65eb', NULL, NULL, NULL, NULL, '领导审批', NULL, NULL, NULL, 'dept', '2020-02-11 14:29:37.948', NULL, '2020-02-13 18:34:05.004', 187467056, NULL, 50, NULL, 'leave_leader_audit', NULL, '', '2020-02-13 18:34:05.004');
INSERT INTO `ACT_HI_TASKINST` VALUES ('e318ed34-305b-11ea-9129-00163e2e65eb', 2, 'jsite_leave:1:4f0c4be1-2df3-11ea-aa23-c85b7643dd9e', NULL, 'leave_leader_audit', 'e318c61c-305b-11ea-9129-00163e2e65eb', 'e318ed31-305b-11ea-9129-00163e2e65eb', NULL, NULL, NULL, NULL, '领导审批', NULL, NULL, NULL, 'dept', '2020-01-06 16:09:39.844', NULL, '2020-01-06 16:10:38.498', 58654, NULL, 50, NULL, 'leave_leader_audit', NULL, '', '2020-01-06 16:10:38.498');
INSERT INTO `ACT_HI_TASKINST` VALUES ('e5220bc6-52ea-11ea-9661-00163e2e65eb', 2, 'jsite_leave:2:be76cc18-52c6-11ea-8c7c-c85b7643dd9e', NULL, 'leave_leader_audit', 'e521e4ae-52ea-11ea-9661-00163e2e65eb', 'e5220bc3-52ea-11ea-9661-00163e2e65eb', NULL, NULL, NULL, NULL, '领导审批', NULL, NULL, NULL, 'jsite', '2020-02-19 15:39:00.826', NULL, '2020-02-19 17:01:28.851', 4948025, NULL, 50, NULL, 'leave_leader_audit', NULL, '', '2020-02-19 17:01:28.851');
INSERT INTO `ACT_HI_TASKINST` VALUES ('ec0a0e04-38fb-11ea-aa63-00163e2e65eb', 2, 'jsite_leave:1:4f0c4be1-2df3-11ea-aa23-c85b7643dd9e', NULL, 'leave_leader_audit', 'ec0a0dfc-38fb-11ea-aa63-00163e2e65eb', 'ec0a0e01-38fb-11ea-aa63-00163e2e65eb', NULL, NULL, NULL, NULL, '领导审批', NULL, NULL, NULL, 'jsitehr', '2020-01-17 15:35:23.625', NULL, '2020-01-17 15:38:18.707', 175082, NULL, 50, NULL, 'leave_leader_audit', NULL, '', '2020-01-17 15:38:18.707');
INSERT INTO `ACT_HI_TASKINST` VALUES ('f4e21cfe-52c7-11ea-8c7c-c85b7643dd9e', 2, 'jsite_leave:2:be76cc18-52c6-11ea-8c7c-c85b7643dd9e', NULL, 'leave_leader_audit', 'aed40019-52c7-11ea-8c7c-c85b7643dd9e', 'aed81ece-52c7-11ea-8c7c-c85b7643dd9e', NULL, NULL, NULL, NULL, '领导审批', NULL, NULL, NULL, 'dept', '2020-02-19 11:28:54.865', NULL, '2020-02-24 09:42:42.545', 425627680, NULL, 50, NULL, 'leave_leader_audit', NULL, '', '2020-02-24 09:42:42.545');
INSERT INTO `ACT_HI_TASKINST` VALUES ('f5d44386-3733-11ea-aa63-00163e2e65eb', 2, 'jsite_leave:1:4f0c4be1-2df3-11ea-aa23-c85b7643dd9e', NULL, 'leave_leader_audit', 'f5d4437e-3733-11ea-aa63-00163e2e65eb', 'f5d44383-3733-11ea-aa63-00163e2e65eb', NULL, NULL, NULL, NULL, '领导审批', NULL, NULL, NULL, 'dept', '2020-01-15 09:11:29.542', NULL, '2020-01-17 15:36:39.238', 195909696, NULL, 50, NULL, 'leave_leader_audit', NULL, '', '2020-01-17 15:36:39.238');
INSERT INTO `ACT_HI_TASKINST` VALUES ('f9e04999-38f5-11ea-aa63-00163e2e65eb', 2, 'jsite_leave:1:4f0c4be1-2df3-11ea-aa23-c85b7643dd9e', NULL, 'leave_leader_audit', 'f9e02281-38f5-11ea-aa63-00163e2e65eb', 'f9e02286-38f5-11ea-aa63-00163e2e65eb', NULL, NULL, NULL, NULL, '领导审批', NULL, NULL, NULL, 'jsitehr', '2020-01-17 14:52:49.859', NULL, '2020-02-27 13:09:28.393', 3536198534, NULL, 50, NULL, 'leave_leader_audit', NULL, '', '2020-02-27 13:09:28.393');
INSERT INTO `ACT_HI_TASKINST` VALUES ('fc718305-36a6-11ea-aa63-00163e2e65eb', 1, 'jsite_leave:1:4f0c4be1-2df3-11ea-aa23-c85b7643dd9e', NULL, 'leave_leader_audit', 'fc715bed-36a6-11ea-aa63-00163e2e65eb', 'fc718302-36a6-11ea-aa63-00163e2e65eb', NULL, NULL, NULL, NULL, '领导审批', NULL, NULL, NULL, 'jsitehr', '2020-01-14 16:22:21.599', NULL, NULL, NULL, NULL, 50, NULL, 'leave_leader_audit', NULL, '', '2020-01-14 16:22:21.599');

-- ----------------------------
-- Table structure for ACT_HI_VARINST
-- ----------------------------
DROP TABLE IF EXISTS `ACT_HI_VARINST`;
CREATE TABLE `ACT_HI_VARINST`  (
  `ID_` varchar(64) CHARACTER SET utf8 COLLATE utf8_bin NOT NULL,
  `REV_` int(11) NULL DEFAULT 1,
  `PROC_INST_ID_` varchar(64) CHARACTER SET utf8 COLLATE utf8_bin NULL DEFAULT NULL,
  `EXECUTION_ID_` varchar(64) CHARACTER SET utf8 COLLATE utf8_bin NULL DEFAULT NULL,
  `TASK_ID_` varchar(64) CHARACTER SET utf8 COLLATE utf8_bin NULL DEFAULT NULL,
  `NAME_` varchar(255) CHARACTER SET utf8 COLLATE utf8_bin NOT NULL,
  `VAR_TYPE_` varchar(100) CHARACTER SET utf8 COLLATE utf8_bin NULL DEFAULT NULL,
  `SCOPE_ID_` varchar(255) CHARACTER SET utf8 COLLATE utf8_bin NULL DEFAULT NULL,
  `SUB_SCOPE_ID_` varchar(255) CHARACTER SET utf8 COLLATE utf8_bin NULL DEFAULT NULL,
  `SCOPE_TYPE_` varchar(255) CHARACTER SET utf8 COLLATE utf8_bin NULL DEFAULT NULL,
  `BYTEARRAY_ID_` varchar(64) CHARACTER SET utf8 COLLATE utf8_bin NULL DEFAULT NULL,
  `DOUBLE_` double NULL DEFAULT NULL,
  `LONG_` bigint(20) NULL DEFAULT NULL,
  `TEXT_` varchar(4000) CHARACTER SET utf8 COLLATE utf8_bin NULL DEFAULT NULL,
  `TEXT2_` varchar(4000) CHARACTER SET utf8 COLLATE utf8_bin NULL DEFAULT NULL,
  `CREATE_TIME_` datetime(3) NULL DEFAULT NULL,
  `LAST_UPDATED_TIME_` datetime(3) NULL DEFAULT NULL,
  PRIMARY KEY (`ID_`) USING BTREE,
  INDEX `ACT_IDX_HI_PROCVAR_NAME_TYPE`(`NAME_`, `VAR_TYPE_`) USING BTREE,
  INDEX `ACT_IDX_HI_VAR_SCOPE_ID_TYPE`(`SCOPE_ID_`, `SCOPE_TYPE_`) USING BTREE,
  INDEX `ACT_IDX_HI_VAR_SUB_ID_TYPE`(`SUB_SCOPE_ID_`, `SCOPE_TYPE_`) USING BTREE,
  INDEX `ACT_IDX_HI_PROCVAR_PROC_INST`(`PROC_INST_ID_`) USING BTREE,
  INDEX `ACT_IDX_HI_PROCVAR_TASK_ID`(`TASK_ID_`) USING BTREE,
  INDEX `ACT_IDX_HI_PROCVAR_EXE`(`EXECUTION_ID_`) USING BTREE
) ENGINE = InnoDB CHARACTER SET = utf8 COLLATE = utf8_bin ROW_FORMAT = Dynamic;

-- ----------------------------
-- Records of ACT_HI_VARINST
-- ----------------------------
INSERT INTO `ACT_HI_VARINST` VALUES ('006ae1bb-3838-11ea-aa63-00163e2e65eb', 0, '006ae1ba-3838-11ea-aa63-00163e2e65eb', '006ae1ba-3838-11ea-aa63-00163e2e65eb', NULL, 'applyUserId', 'string', NULL, NULL, NULL, NULL, NULL, NULL, 'jsite', NULL, '2020-01-16 16:12:56.455', '2020-01-16 16:12:56.455');
INSERT INTO `ACT_HI_VARINST` VALUES ('006ae1bd-3838-11ea-aa63-00163e2e65eb', 0, '006ae1ba-3838-11ea-aa63-00163e2e65eb', '006ae1ba-3838-11ea-aa63-00163e2e65eb', NULL, 'auditPass', 'boolean', NULL, NULL, NULL, NULL, NULL, 1, NULL, NULL, '2020-01-16 16:12:56.455', '2020-01-16 16:12:56.455');
INSERT INTO `ACT_HI_VARINST` VALUES ('006ae1be-3838-11ea-aa63-00163e2e65eb', 0, '006ae1ba-3838-11ea-aa63-00163e2e65eb', '006ae1ba-3838-11ea-aa63-00163e2e65eb', NULL, 'leaderName', 'string', NULL, NULL, NULL, NULL, NULL, NULL, 'jsitehr', NULL, '2020-01-16 16:12:56.455', '2020-01-16 16:12:56.455');
INSERT INTO `ACT_HI_VARINST` VALUES ('060cfc58-305c-11ea-9129-00163e2e65eb', 0, 'e318c61c-305b-11ea-9129-00163e2e65eb', 'e318c61c-305b-11ea-9129-00163e2e65eb', NULL, 'leave_leader_audit', 'string', NULL, NULL, NULL, NULL, NULL, NULL, 'dept', NULL, '2020-01-06 16:10:38.487', '2020-01-06 16:10:38.487');
INSERT INTO `ACT_HI_VARINST` VALUES ('0837b55e-2df4-11ea-aa23-c85b7643dd9e', 1, '79cea582-2df3-11ea-aa23-c85b7643dd9e', '79cea582-2df3-11ea-aa23-c85b7643dd9e', NULL, 'leave_leader_audit', 'string', NULL, NULL, NULL, NULL, NULL, NULL, 'jsite', NULL, '2020-01-03 14:41:12.137', '2020-01-03 14:44:01.846');
INSERT INTO `ACT_HI_VARINST` VALUES ('0ad9c74d-3223-11ea-aa63-00163e2e65eb', 2, '0ad9c74c-3223-11ea-aa63-00163e2e65eb', '0ad9c74c-3223-11ea-aa63-00163e2e65eb', NULL, 'applyUserId', 'string', NULL, NULL, NULL, NULL, NULL, NULL, 'jsite', NULL, '2020-01-08 22:27:47.551', '2020-01-13 15:24:04.064');
INSERT INTO `ACT_HI_VARINST` VALUES ('0ad9c74f-3223-11ea-aa63-00163e2e65eb', 3, '0ad9c74c-3223-11ea-aa63-00163e2e65eb', '0ad9c74c-3223-11ea-aa63-00163e2e65eb', NULL, 'auditPass', 'boolean', NULL, NULL, NULL, NULL, NULL, 1, NULL, NULL, '2020-01-08 22:27:47.551', '2020-01-13 15:24:04.055');
INSERT INTO `ACT_HI_VARINST` VALUES ('0ad9c750-3223-11ea-aa63-00163e2e65eb', 3, '0ad9c74c-3223-11ea-aa63-00163e2e65eb', '0ad9c74c-3223-11ea-aa63-00163e2e65eb', NULL, 'leaderName', 'string', NULL, NULL, NULL, NULL, NULL, NULL, 'end', NULL, '2020-01-08 22:27:47.551', '2020-01-13 15:24:04.055');
INSERT INTO `ACT_HI_VARINST` VALUES ('10350802-31f9-11ea-aa63-00163e2e65eb', 0, '1034b9e1-31f9-11ea-aa63-00163e2e65eb', '1034b9e1-31f9-11ea-aa63-00163e2e65eb', NULL, 'applyUserId', 'string', NULL, NULL, NULL, NULL, NULL, NULL, 'jsite', NULL, '2020-01-08 17:27:17.677', '2020-01-08 17:27:17.677');
INSERT INTO `ACT_HI_VARINST` VALUES ('1035a444-31f9-11ea-aa63-00163e2e65eb', 0, '1034b9e1-31f9-11ea-aa63-00163e2e65eb', '1034b9e1-31f9-11ea-aa63-00163e2e65eb', NULL, 'auditPass', 'boolean', NULL, NULL, NULL, NULL, NULL, 1, NULL, NULL, '2020-01-08 17:27:17.679', '2020-01-08 17:27:17.679');
INSERT INTO `ACT_HI_VARINST` VALUES ('1035a445-31f9-11ea-aa63-00163e2e65eb', 0, '1034b9e1-31f9-11ea-aa63-00163e2e65eb', '1034b9e1-31f9-11ea-aa63-00163e2e65eb', NULL, 'leaderName', 'string', NULL, NULL, NULL, NULL, NULL, NULL, 'jsitehr', NULL, '2020-01-08 17:27:17.679', '2020-01-08 17:27:17.679');
INSERT INTO `ACT_HI_VARINST` VALUES ('1035a7c1-2f8c-11ea-9129-00163e2e65eb', 1, '1035a7c0-2f8c-11ea-9129-00163e2e65eb', '1035a7c0-2f8c-11ea-9129-00163e2e65eb', NULL, 'applyUserId', 'string', NULL, NULL, NULL, NULL, NULL, NULL, 'jsite', NULL, '2020-01-05 15:22:00.210', '2020-01-05 15:22:17.752');
INSERT INTO `ACT_HI_VARINST` VALUES ('1035a7c3-2f8c-11ea-9129-00163e2e65eb', 1, '1035a7c0-2f8c-11ea-9129-00163e2e65eb', '1035a7c0-2f8c-11ea-9129-00163e2e65eb', NULL, 'auditPass', 'boolean', NULL, NULL, NULL, NULL, NULL, 1, NULL, NULL, '2020-01-05 15:22:00.210', '2020-01-05 15:22:17.744');
INSERT INTO `ACT_HI_VARINST` VALUES ('1035a7c4-2f8c-11ea-9129-00163e2e65eb', 1, '1035a7c0-2f8c-11ea-9129-00163e2e65eb', '1035a7c0-2f8c-11ea-9129-00163e2e65eb', NULL, 'leaderName', 'string', NULL, NULL, NULL, NULL, NULL, NULL, 'end', NULL, '2020-01-05 15:22:00.210', '2020-01-05 15:22:17.744');
INSERT INTO `ACT_HI_VARINST` VALUES ('11c3fc41-672c-11ea-9661-00163e2e65eb', 0, '4a4f6710-4e4c-11ea-9661-00163e2e65eb', '4a4f6710-4e4c-11ea-9661-00163e2e65eb', NULL, 'leave_leader_audit', 'string', NULL, NULL, NULL, NULL, NULL, NULL, 'jsitehr', NULL, '2020-03-16 10:15:56.250', '2020-03-16 10:15:56.250');
INSERT INTO `ACT_HI_VARINST` VALUES ('143f81f4-3029-11ea-9129-00163e2e65eb', 1, '143f81f3-3029-11ea-9129-00163e2e65eb', '143f81f3-3029-11ea-9129-00163e2e65eb', NULL, 'applyUserId', 'string', NULL, NULL, NULL, NULL, NULL, NULL, 'jsite', NULL, '2020-01-06 10:05:57.972', '2020-01-08 11:12:24.905');
INSERT INTO `ACT_HI_VARINST` VALUES ('143f81f6-3029-11ea-9129-00163e2e65eb', 1, '143f81f3-3029-11ea-9129-00163e2e65eb', '143f81f3-3029-11ea-9129-00163e2e65eb', NULL, 'auditPass', 'boolean', NULL, NULL, NULL, NULL, NULL, 1, NULL, NULL, '2020-01-06 10:05:57.972', '2020-01-08 11:12:24.898');
INSERT INTO `ACT_HI_VARINST` VALUES ('143f81f7-3029-11ea-9129-00163e2e65eb', 1, '143f81f3-3029-11ea-9129-00163e2e65eb', '143f81f3-3029-11ea-9129-00163e2e65eb', NULL, 'leaderName', 'string', NULL, NULL, NULL, NULL, NULL, NULL, 'end', NULL, '2020-01-06 10:05:57.972', '2020-01-08 11:12:24.898');
INSERT INTO `ACT_HI_VARINST` VALUES ('18a05842-517b-11ea-9661-00163e2e65eb', 2, '18a05841-517b-11ea-9661-00163e2e65eb', '18a05841-517b-11ea-9661-00163e2e65eb', NULL, 'applyUserId', 'string', NULL, NULL, NULL, NULL, NULL, NULL, 'dept', NULL, '2020-02-17 19:46:12.421', '2020-03-02 17:37:10.346');
INSERT INTO `ACT_HI_VARINST` VALUES ('18a05844-517b-11ea-9661-00163e2e65eb', 3, '18a05841-517b-11ea-9661-00163e2e65eb', '18a05841-517b-11ea-9661-00163e2e65eb', NULL, 'auditPass', 'boolean', NULL, NULL, NULL, NULL, NULL, 1, NULL, NULL, '2020-02-17 19:46:12.421', '2020-03-02 17:37:10.339');
INSERT INTO `ACT_HI_VARINST` VALUES ('18a05845-517b-11ea-9661-00163e2e65eb', 3, '18a05841-517b-11ea-9661-00163e2e65eb', '18a05841-517b-11ea-9661-00163e2e65eb', NULL, 'leaderName', 'string', NULL, NULL, NULL, NULL, NULL, NULL, 'end', NULL, '2020-02-17 19:46:12.421', '2020-03-02 17:37:10.339');
INSERT INTO `ACT_HI_VARINST` VALUES ('1919b308-38fc-11ea-aa63-00163e2e65eb', 0, 'f5d4437e-3733-11ea-aa63-00163e2e65eb', 'f5d4437e-3733-11ea-aa63-00163e2e65eb', NULL, 'leave_leader_audit', 'string', NULL, NULL, NULL, NULL, NULL, NULL, 'dept', NULL, '2020-01-17 15:36:39.225', '2020-01-17 15:36:39.225');
INSERT INTO `ACT_HI_VARINST` VALUES ('1aa9bdec-2f8c-11ea-9129-00163e2e65eb', 0, '1035a7c0-2f8c-11ea-9129-00163e2e65eb', '1035a7c0-2f8c-11ea-9129-00163e2e65eb', NULL, 'leave_leader_audit', 'string', NULL, NULL, NULL, NULL, NULL, NULL, 'jsite', NULL, '2020-01-05 15:22:17.748', '2020-01-05 15:22:17.748');
INSERT INTO `ACT_HI_VARINST` VALUES ('1f538bd5-4f9d-11ea-9661-00163e2e65eb', 1, '1f538bd4-4f9d-11ea-9661-00163e2e65eb', '1f538bd4-4f9d-11ea-9661-00163e2e65eb', NULL, 'applyUserId', 'string', NULL, NULL, NULL, NULL, NULL, NULL, 'jsite', NULL, '2020-02-15 10:44:44.225', '2020-02-19 14:18:10.645');
INSERT INTO `ACT_HI_VARINST` VALUES ('1f538bd7-4f9d-11ea-9661-00163e2e65eb', 1, '1f538bd4-4f9d-11ea-9661-00163e2e65eb', '1f538bd4-4f9d-11ea-9661-00163e2e65eb', NULL, 'auditPass', 'boolean', NULL, NULL, NULL, NULL, NULL, 1, NULL, NULL, '2020-02-15 10:44:44.225', '2020-02-19 14:18:10.637');
INSERT INTO `ACT_HI_VARINST` VALUES ('1f538bd8-4f9d-11ea-9661-00163e2e65eb', 1, '1f538bd4-4f9d-11ea-9661-00163e2e65eb', '1f538bd4-4f9d-11ea-9661-00163e2e65eb', NULL, 'leaderName', 'string', NULL, NULL, NULL, NULL, NULL, NULL, 'end', NULL, '2020-02-15 10:44:44.225', '2020-02-19 14:18:10.637');
INSERT INTO `ACT_HI_VARINST` VALUES ('2086c0db-3743-11ea-aa63-00163e2e65eb', 0, 'caea8d18-36ae-11ea-aa63-00163e2e65eb', 'caea8d18-36ae-11ea-aa63-00163e2e65eb', NULL, 'leave_leader_audit', 'string', NULL, NULL, NULL, NULL, NULL, NULL, 'jsitehr', NULL, '2020-01-15 11:00:03.627', '2020-01-15 11:00:03.627');
INSERT INTO `ACT_HI_VARINST` VALUES ('264a7337-3678-11ea-aa63-00163e2e65eb', 1, '264a7336-3678-11ea-aa63-00163e2e65eb', '264a7336-3678-11ea-aa63-00163e2e65eb', NULL, 'applyUserId', 'string', NULL, NULL, NULL, NULL, NULL, NULL, 'jsite', NULL, '2020-01-14 10:47:05.461', '2020-01-14 14:08:19.285');
INSERT INTO `ACT_HI_VARINST` VALUES ('264a7339-3678-11ea-aa63-00163e2e65eb', 1, '264a7336-3678-11ea-aa63-00163e2e65eb', '264a7336-3678-11ea-aa63-00163e2e65eb', NULL, 'auditPass', 'boolean', NULL, NULL, NULL, NULL, NULL, 1, NULL, NULL, '2020-01-14 10:47:05.461', '2020-01-14 14:08:19.277');
INSERT INTO `ACT_HI_VARINST` VALUES ('264a733a-3678-11ea-aa63-00163e2e65eb', 1, '264a7336-3678-11ea-aa63-00163e2e65eb', '264a7336-3678-11ea-aa63-00163e2e65eb', NULL, 'leaderName', 'string', NULL, NULL, NULL, NULL, NULL, NULL, 'end', NULL, '2020-01-14 10:47:05.461', '2020-01-14 14:08:19.277');
INSERT INTO `ACT_HI_VARINST` VALUES ('3414bed5-3046-11ea-9129-00163e2e65eb', 1, '3414bed4-3046-11ea-9129-00163e2e65eb', '3414bed4-3046-11ea-9129-00163e2e65eb', NULL, 'applyUserId', 'string', NULL, NULL, NULL, NULL, NULL, NULL, 'jsite', NULL, '2020-01-06 13:34:26.784', '2020-01-07 16:49:14.543');
INSERT INTO `ACT_HI_VARINST` VALUES ('3414bed7-3046-11ea-9129-00163e2e65eb', 1, '3414bed4-3046-11ea-9129-00163e2e65eb', '3414bed4-3046-11ea-9129-00163e2e65eb', NULL, 'auditPass', 'boolean', NULL, NULL, NULL, NULL, NULL, 1, NULL, NULL, '2020-01-06 13:34:26.784', '2020-01-07 16:49:14.537');
INSERT INTO `ACT_HI_VARINST` VALUES ('3414bed8-3046-11ea-9129-00163e2e65eb', 1, '3414bed4-3046-11ea-9129-00163e2e65eb', '3414bed4-3046-11ea-9129-00163e2e65eb', NULL, 'leaderName', 'string', NULL, NULL, NULL, NULL, NULL, NULL, 'end', NULL, '2020-01-06 13:34:26.784', '2020-01-07 16:49:14.537');
INSERT INTO `ACT_HI_VARINST` VALUES ('34cf0d81-38fc-11ea-aa63-00163e2e65eb', 0, 'a0af89db-2df4-11ea-aa23-c85b7643dd9e', 'a0af89db-2df4-11ea-aa23-c85b7643dd9e', NULL, 'leave_leader_audit', 'string', NULL, NULL, NULL, NULL, NULL, NULL, 'dept', NULL, '2020-01-17 15:37:25.712', '2020-01-17 15:37:25.712');
INSERT INTO `ACT_HI_VARINST` VALUES ('3d309e0f-3029-11ea-9129-00163e2e65eb', 2, '3d309e0e-3029-11ea-9129-00163e2e65eb', '3d309e0e-3029-11ea-9129-00163e2e65eb', NULL, 'applyUserId', 'string', NULL, NULL, NULL, NULL, NULL, NULL, 'jsite', NULL, '2020-01-06 10:07:06.662', '2020-01-07 14:48:24.510');
INSERT INTO `ACT_HI_VARINST` VALUES ('3d30c521-3029-11ea-9129-00163e2e65eb', 3, '3d309e0e-3029-11ea-9129-00163e2e65eb', '3d309e0e-3029-11ea-9129-00163e2e65eb', NULL, 'auditPass', 'boolean', NULL, NULL, NULL, NULL, NULL, 1, NULL, NULL, '2020-01-06 10:07:06.662', '2020-01-07 14:48:24.505');
INSERT INTO `ACT_HI_VARINST` VALUES ('3d30c522-3029-11ea-9129-00163e2e65eb', 3, '3d309e0e-3029-11ea-9129-00163e2e65eb', '3d309e0e-3029-11ea-9129-00163e2e65eb', NULL, 'leaderName', 'string', NULL, NULL, NULL, NULL, NULL, NULL, 'end', NULL, '2020-01-06 10:07:06.662', '2020-01-07 14:48:24.505');
INSERT INTO `ACT_HI_VARINST` VALUES ('42d92c1a-3694-11ea-aa63-00163e2e65eb', 0, '264a7336-3678-11ea-aa63-00163e2e65eb', '264a7336-3678-11ea-aa63-00163e2e65eb', NULL, 'leave_leader_audit', 'string', NULL, NULL, NULL, NULL, NULL, NULL, 'jsite', NULL, '2020-01-14 14:08:19.281', '2020-01-14 14:08:19.281');
INSERT INTO `ACT_HI_VARINST` VALUES ('4868dc5b-4f9e-11ea-9661-00163e2e65eb', 1, '4868dc5a-4f9e-11ea-9661-00163e2e65eb', '4868dc5a-4f9e-11ea-9661-00163e2e65eb', NULL, 'applyUserId', 'string', NULL, NULL, NULL, NULL, NULL, NULL, 'jsite', NULL, '2020-02-15 10:53:02.648', '2020-02-18 17:27:54.997');
INSERT INTO `ACT_HI_VARINST` VALUES ('4869036d-4f9e-11ea-9661-00163e2e65eb', 1, '4868dc5a-4f9e-11ea-9661-00163e2e65eb', '4868dc5a-4f9e-11ea-9661-00163e2e65eb', NULL, 'auditPass', 'boolean', NULL, NULL, NULL, NULL, NULL, 1, NULL, NULL, '2020-02-15 10:53:02.649', '2020-02-18 17:27:54.991');
INSERT INTO `ACT_HI_VARINST` VALUES ('4869036e-4f9e-11ea-9661-00163e2e65eb', 1, '4868dc5a-4f9e-11ea-9661-00163e2e65eb', '4868dc5a-4f9e-11ea-9661-00163e2e65eb', NULL, 'leaderName', 'string', NULL, NULL, NULL, NULL, NULL, NULL, 'end', NULL, '2020-02-15 10:53:02.649', '2020-02-18 17:27:54.991');
INSERT INTO `ACT_HI_VARINST` VALUES ('4a4f6711-4e4c-11ea-9661-00163e2e65eb', 1, '4a4f6710-4e4c-11ea-9661-00163e2e65eb', '4a4f6710-4e4c-11ea-9661-00163e2e65eb', NULL, 'applyUserId', 'string', NULL, NULL, NULL, NULL, NULL, NULL, 'dept', NULL, '2020-02-13 18:33:35.942', '2020-03-16 10:15:56.253');
INSERT INTO `ACT_HI_VARINST` VALUES ('4a4f8e23-4e4c-11ea-9661-00163e2e65eb', 1, '4a4f6710-4e4c-11ea-9661-00163e2e65eb', '4a4f6710-4e4c-11ea-9661-00163e2e65eb', NULL, 'auditPass', 'boolean', NULL, NULL, NULL, NULL, NULL, 1, NULL, NULL, '2020-02-13 18:33:35.943', '2020-03-16 10:15:56.247');
INSERT INTO `ACT_HI_VARINST` VALUES ('4a4f8e24-4e4c-11ea-9661-00163e2e65eb', 1, '4a4f6710-4e4c-11ea-9661-00163e2e65eb', '4a4f6710-4e4c-11ea-9661-00163e2e65eb', NULL, 'leaderName', 'string', NULL, NULL, NULL, NULL, NULL, NULL, 'end', NULL, '2020-02-13 18:33:35.943', '2020-03-16 10:15:56.247');
INSERT INTO `ACT_HI_VARINST` VALUES ('4f4b8d37-4d82-11ea-9b4e-00163e2e65eb', 0, 'd698a7fb-4d81-11ea-9b4e-00163e2e65eb', 'd698a7fb-4d81-11ea-9b4e-00163e2e65eb', NULL, 'leave_leader_audit', 'string', NULL, NULL, NULL, NULL, NULL, NULL, 'dept', NULL, '2020-02-12 18:27:45.966', '2020-02-12 18:27:45.966');
INSERT INTO `ACT_HI_VARINST` VALUES ('5041cfdb-591f-11ea-9661-00163e2e65eb', 0, 'af905a8a-56af-11ea-9661-00163e2e65eb', 'af905a8a-56af-11ea-9661-00163e2e65eb', NULL, 'leave_leader_audit', 'string', NULL, NULL, NULL, NULL, NULL, NULL, 'jsitehr', NULL, '2020-02-27 13:09:21.358', '2020-02-27 13:09:21.358');
INSERT INTO `ACT_HI_VARINST` VALUES ('51e9f22a-3029-11ea-9129-00163e2e65eb', 1, '3d309e0e-3029-11ea-9129-00163e2e65eb', '3d309e0e-3029-11ea-9129-00163e2e65eb', NULL, 'leave_leader_audit', 'string', NULL, NULL, NULL, NULL, NULL, NULL, 'jsite', NULL, '2020-01-06 10:07:41.430', '2020-01-07 14:48:24.507');
INSERT INTO `ACT_HI_VARINST` VALUES ('54600570-4f9d-11ea-9661-00163e2e65eb', 1, '5460056f-4f9d-11ea-9661-00163e2e65eb', '5460056f-4f9d-11ea-9661-00163e2e65eb', NULL, 'applyUserId', 'string', NULL, NULL, NULL, NULL, NULL, NULL, 'jsite', NULL, '2020-02-15 10:46:13.226', '2020-03-09 14:58:28.764');
INSERT INTO `ACT_HI_VARINST` VALUES ('54602c82-4f9d-11ea-9661-00163e2e65eb', 1, '5460056f-4f9d-11ea-9661-00163e2e65eb', '5460056f-4f9d-11ea-9661-00163e2e65eb', NULL, 'auditPass', 'boolean', NULL, NULL, NULL, NULL, NULL, 1, NULL, NULL, '2020-02-15 10:46:13.227', '2020-03-09 14:58:28.758');
INSERT INTO `ACT_HI_VARINST` VALUES ('54602c83-4f9d-11ea-9661-00163e2e65eb', 1, '5460056f-4f9d-11ea-9661-00163e2e65eb', '5460056f-4f9d-11ea-9661-00163e2e65eb', NULL, 'leaderName', 'string', NULL, NULL, NULL, NULL, NULL, NULL, 'end', NULL, '2020-02-15 10:46:13.227', '2020-03-09 14:58:28.758');
INSERT INTO `ACT_HI_VARINST` VALUES ('546376e6-38fc-11ea-aa63-00163e2e65eb', 0, 'ec0a0dfc-38fb-11ea-aa63-00163e2e65eb', 'ec0a0dfc-38fb-11ea-aa63-00163e2e65eb', NULL, 'leave_leader_audit', 'string', NULL, NULL, NULL, NULL, NULL, NULL, 'jsitehr', NULL, '2020-01-17 15:38:18.694', '2020-01-17 15:38:18.694');
INSERT INTO `ACT_HI_VARINST` VALUES ('5471e500-591f-11ea-9661-00163e2e65eb', 0, 'f9e02281-38f5-11ea-aa63-00163e2e65eb', 'f9e02281-38f5-11ea-aa63-00163e2e65eb', NULL, 'leave_leader_audit', 'string', NULL, NULL, NULL, NULL, NULL, NULL, 'jsitehr', NULL, '2020-02-27 13:09:28.383', '2020-02-27 13:09:28.383');
INSERT INTO `ACT_HI_VARINST` VALUES ('56631327-383f-11ea-aa63-00163e2e65eb', 3, '56631326-383f-11ea-aa63-00163e2e65eb', '56631326-383f-11ea-aa63-00163e2e65eb', NULL, 'applyUserId', 'string', NULL, NULL, NULL, NULL, NULL, NULL, 'jsite', NULL, '2020-01-16 17:05:27.165', '2020-03-04 13:35:14.846');
INSERT INTO `ACT_HI_VARINST` VALUES ('56631329-383f-11ea-aa63-00163e2e65eb', 5, '56631326-383f-11ea-aa63-00163e2e65eb', '56631326-383f-11ea-aa63-00163e2e65eb', NULL, 'auditPass', 'boolean', NULL, NULL, NULL, NULL, NULL, 1, NULL, NULL, '2020-01-16 17:05:27.165', '2020-03-04 13:35:14.839');
INSERT INTO `ACT_HI_VARINST` VALUES ('5663132a-383f-11ea-aa63-00163e2e65eb', 5, '56631326-383f-11ea-aa63-00163e2e65eb', '56631326-383f-11ea-aa63-00163e2e65eb', NULL, 'leaderName', 'string', NULL, NULL, NULL, NULL, NULL, NULL, 'end', NULL, '2020-01-16 17:05:27.165', '2020-03-04 13:35:14.839');
INSERT INTO `ACT_HI_VARINST` VALUES ('5ba014bc-4e4c-11ea-9661-00163e2e65eb', 0, 'e08f1edf-4c97-11ea-9b4e-00163e2e65eb', 'e08f1edf-4c97-11ea-9b4e-00163e2e65eb', NULL, 'leave_leader_audit', 'string', NULL, NULL, NULL, NULL, NULL, NULL, 'dept', NULL, '2020-02-13 18:34:04.992', '2020-02-13 18:34:04.992');
INSERT INTO `ACT_HI_VARINST` VALUES ('5da62738-32b9-11ea-aa63-00163e2e65eb', 0, '5da62737-32b9-11ea-aa63-00163e2e65eb', '5da62737-32b9-11ea-aa63-00163e2e65eb', NULL, 'applyUserId', 'string', NULL, NULL, NULL, NULL, NULL, NULL, 'jsite', NULL, '2020-01-09 16:23:50.974', '2020-01-09 16:23:50.974');
INSERT INTO `ACT_HI_VARINST` VALUES ('5da64e4a-32b9-11ea-aa63-00163e2e65eb', 0, '5da62737-32b9-11ea-aa63-00163e2e65eb', '5da62737-32b9-11ea-aa63-00163e2e65eb', NULL, 'auditPass', 'boolean', NULL, NULL, NULL, NULL, NULL, 1, NULL, NULL, '2020-01-09 16:23:50.974', '2020-01-09 16:23:50.974');
INSERT INTO `ACT_HI_VARINST` VALUES ('5da64e4b-32b9-11ea-aa63-00163e2e65eb', 0, '5da62737-32b9-11ea-aa63-00163e2e65eb', '5da62737-32b9-11ea-aa63-00163e2e65eb', NULL, 'leaderName', 'string', NULL, NULL, NULL, NULL, NULL, NULL, 'jsiteuser', NULL, '2020-01-09 16:23:50.974', '2020-01-09 16:23:50.974');
INSERT INTO `ACT_HI_VARINST` VALUES ('5f75add0-4e4c-11ea-9661-00163e2e65eb', 0, 'c5247234-3156-11ea-9129-00163e2e65eb', 'c5247234-3156-11ea-9129-00163e2e65eb', NULL, 'leave_leader_audit', 'string', NULL, NULL, NULL, NULL, NULL, NULL, 'dept', NULL, '2020-02-13 18:34:11.425', '2020-02-13 18:34:11.425');
INSERT INTO `ACT_HI_VARINST` VALUES ('615ba11e-61d3-11ea-9661-00163e2e65eb', 0, '5460056f-4f9d-11ea-9661-00163e2e65eb', '5460056f-4f9d-11ea-9661-00163e2e65eb', NULL, 'leave_leader_audit', 'string', NULL, NULL, NULL, NULL, NULL, NULL, 'jsitehr', NULL, '2020-03-09 14:58:28.761', '2020-03-09 14:58:28.761');
INSERT INTO `ACT_HI_VARINST` VALUES ('6678f1f7-515a-11ea-9661-00163e2e65eb', 1, '6678cae6-515a-11ea-9661-00163e2e65eb', '6678cae6-515a-11ea-9661-00163e2e65eb', NULL, 'applyUserId', 'string', NULL, NULL, NULL, NULL, NULL, NULL, 'jsite', NULL, '2020-02-17 15:52:09.633', '2020-02-18 13:28:31.372');
INSERT INTO `ACT_HI_VARINST` VALUES ('6678f1f9-515a-11ea-9661-00163e2e65eb', 1, '6678cae6-515a-11ea-9661-00163e2e65eb', '6678cae6-515a-11ea-9661-00163e2e65eb', NULL, 'auditPass', 'boolean', NULL, NULL, NULL, NULL, NULL, 1, NULL, NULL, '2020-02-17 15:52:09.633', '2020-02-18 13:28:31.364');
INSERT INTO `ACT_HI_VARINST` VALUES ('6678f1fa-515a-11ea-9661-00163e2e65eb', 1, '6678cae6-515a-11ea-9661-00163e2e65eb', '6678cae6-515a-11ea-9661-00163e2e65eb', NULL, 'leaderName', 'string', NULL, NULL, NULL, NULL, NULL, NULL, 'end', NULL, '2020-02-17 15:52:09.633', '2020-02-18 13:28:31.364');
INSERT INTO `ACT_HI_VARINST` VALUES ('66bf8990-3827-11ea-aa63-00163e2e65eb', 0, '66bf898f-3827-11ea-aa63-00163e2e65eb', '66bf898f-3827-11ea-aa63-00163e2e65eb', NULL, 'applyUserId', 'string', NULL, NULL, NULL, NULL, NULL, NULL, 'jsite', NULL, '2020-01-16 14:14:06.693', '2020-01-16 14:14:06.693');
INSERT INTO `ACT_HI_VARINST` VALUES ('66bf8992-3827-11ea-aa63-00163e2e65eb', 0, '66bf898f-3827-11ea-aa63-00163e2e65eb', '66bf898f-3827-11ea-aa63-00163e2e65eb', NULL, 'auditPass', 'boolean', NULL, NULL, NULL, NULL, NULL, 1, NULL, NULL, '2020-01-16 14:14:06.693', '2020-01-16 14:14:06.693');
INSERT INTO `ACT_HI_VARINST` VALUES ('66bf8993-3827-11ea-aa63-00163e2e65eb', 0, '66bf898f-3827-11ea-aa63-00163e2e65eb', '66bf898f-3827-11ea-aa63-00163e2e65eb', NULL, 'leaderName', 'string', NULL, NULL, NULL, NULL, NULL, NULL, 'jsitehr', NULL, '2020-01-16 14:14:06.693', '2020-01-16 14:14:06.693');
INSERT INTO `ACT_HI_VARINST` VALUES ('6a174b5c-56a7-11ea-9661-00163e2e65eb', 1, 'def0a034-562d-11ea-9661-00163e2e65eb', 'def0a034-562d-11ea-9661-00163e2e65eb', NULL, 'leave_leader_audit', 'string', NULL, NULL, NULL, NULL, NULL, NULL, 'jsite', NULL, '2020-02-24 09:46:02.766', '2020-02-27 10:09:38.391');
INSERT INTO `ACT_HI_VARINST` VALUES ('6a6137c2-52f6-11ea-9661-00163e2e65eb', 1, 'e521e4ae-52ea-11ea-9661-00163e2e65eb', 'e521e4ae-52ea-11ea-9661-00163e2e65eb', NULL, 'leave_leader_audit', 'string', NULL, NULL, NULL, NULL, NULL, NULL, 'jsite', NULL, '2020-02-19 17:01:28.841', '2020-02-24 12:31:59.532');
INSERT INTO `ACT_HI_VARINST` VALUES ('707d072f-337a-11ea-aa63-00163e2e65eb', 0, 'aa3c297d-3349-11ea-aa63-00163e2e65eb', 'aa3c297d-3349-11ea-aa63-00163e2e65eb', NULL, 'leave_leader_audit', 'string', NULL, NULL, NULL, NULL, NULL, NULL, 'jsite', NULL, '2020-01-10 15:25:55.449', '2020-01-10 15:25:55.449');
INSERT INTO `ACT_HI_VARINST` VALUES ('783d0126-2e95-11ea-9129-00163e2e65eb', 2, '783cda15-2e95-11ea-9129-00163e2e65eb', '783cda15-2e95-11ea-9129-00163e2e65eb', NULL, 'applyUserId', 'string', NULL, NULL, NULL, NULL, NULL, NULL, 'jsite', NULL, '2020-01-04 09:56:49.052', '2020-02-17 20:51:41.074');
INSERT INTO `ACT_HI_VARINST` VALUES ('78400e68-2e95-11ea-9129-00163e2e65eb', 3, '783cda15-2e95-11ea-9129-00163e2e65eb', '783cda15-2e95-11ea-9129-00163e2e65eb', NULL, 'auditPass', 'boolean', NULL, NULL, NULL, NULL, NULL, 1, NULL, NULL, '2020-01-04 09:56:49.069', '2020-02-17 20:51:41.067');
INSERT INTO `ACT_HI_VARINST` VALUES ('78400e69-2e95-11ea-9129-00163e2e65eb', 3, '783cda15-2e95-11ea-9129-00163e2e65eb', '783cda15-2e95-11ea-9129-00163e2e65eb', NULL, 'leaderName', 'string', NULL, NULL, NULL, NULL, NULL, NULL, 'end', NULL, '2020-01-04 09:56:49.069', '2020-02-17 20:51:41.067');
INSERT INTO `ACT_HI_VARINST` VALUES ('7873baac-591f-11ea-9661-00163e2e65eb', 2, '56631326-383f-11ea-aa63-00163e2e65eb', '56631326-383f-11ea-aa63-00163e2e65eb', NULL, 'leave_leader_audit', 'string', NULL, NULL, NULL, NULL, NULL, NULL, 'jsitehr', NULL, '2020-02-27 13:10:28.793', '2020-03-04 13:35:14.843');
INSERT INTO `ACT_HI_VARINST` VALUES ('79cef3a3-2df3-11ea-aa23-c85b7643dd9e', 2, '79cea582-2df3-11ea-aa23-c85b7643dd9e', '79cea582-2df3-11ea-aa23-c85b7643dd9e', NULL, 'applyUserId', 'string', NULL, NULL, NULL, NULL, NULL, NULL, 'jsite', NULL, '2020-01-03 14:37:13.216', '2020-01-03 14:44:01.886');
INSERT INTO `ACT_HI_VARINST` VALUES ('79cfde05-2df3-11ea-aa23-c85b7643dd9e', 3, '79cea582-2df3-11ea-aa23-c85b7643dd9e', '79cea582-2df3-11ea-aa23-c85b7643dd9e', NULL, 'auditPass', 'boolean', NULL, NULL, NULL, NULL, NULL, 1, NULL, NULL, '2020-01-03 14:37:13.219', '2020-01-03 14:44:01.809');
INSERT INTO `ACT_HI_VARINST` VALUES ('79cfde06-2df3-11ea-aa23-c85b7643dd9e', 3, '79cea582-2df3-11ea-aa23-c85b7643dd9e', '79cea582-2df3-11ea-aa23-c85b7643dd9e', NULL, 'leaderName', 'string', NULL, NULL, NULL, NULL, NULL, NULL, 'end', NULL, '2020-01-03 14:37:13.219', '2020-01-03 14:44:01.809');
INSERT INTO `ACT_HI_VARINST` VALUES ('7c8a32c6-35d1-11ea-aa63-00163e2e65eb', 1, '7c8a32c5-35d1-11ea-aa63-00163e2e65eb', '7c8a32c5-35d1-11ea-aa63-00163e2e65eb', NULL, 'applyUserId', 'string', NULL, NULL, NULL, NULL, NULL, NULL, 'jsite', NULL, '2020-01-13 14:54:04.209', '2020-01-13 15:24:20.810');
INSERT INTO `ACT_HI_VARINST` VALUES ('7c8a32c8-35d1-11ea-aa63-00163e2e65eb', 1, '7c8a32c5-35d1-11ea-aa63-00163e2e65eb', '7c8a32c5-35d1-11ea-aa63-00163e2e65eb', NULL, 'auditPass', 'boolean', NULL, NULL, NULL, NULL, NULL, 1, NULL, NULL, '2020-01-13 14:54:04.209', '2020-01-13 15:24:20.802');
INSERT INTO `ACT_HI_VARINST` VALUES ('7c8a32c9-35d1-11ea-aa63-00163e2e65eb', 1, '7c8a32c5-35d1-11ea-aa63-00163e2e65eb', '7c8a32c5-35d1-11ea-aa63-00163e2e65eb', NULL, 'leaderName', 'string', NULL, NULL, NULL, NULL, NULL, NULL, 'end', NULL, '2020-01-13 14:54:04.209', '2020-01-13 15:24:20.802');
INSERT INTO `ACT_HI_VARINST` VALUES ('7fffd088-520f-11ea-9661-00163e2e65eb', 0, '6678cae6-515a-11ea-9661-00163e2e65eb', '6678cae6-515a-11ea-9661-00163e2e65eb', NULL, 'leave_leader_audit', 'string', NULL, NULL, NULL, NULL, NULL, NULL, 'dept', NULL, '2020-02-18 13:28:31.368', '2020-02-18 13:28:31.368');
INSERT INTO `ACT_HI_VARINST` VALUES ('8290f1e4-3387-11ea-aa63-00163e2e65eb', 0, '8290f1e3-3387-11ea-aa63-00163e2e65eb', '8290f1e3-3387-11ea-aa63-00163e2e65eb', NULL, 'applyUserId', 'string', NULL, NULL, NULL, NULL, NULL, NULL, 'jsite', NULL, '2020-01-10 16:59:29.236', '2020-01-10 16:59:29.236');
INSERT INTO `ACT_HI_VARINST` VALUES ('829118f6-3387-11ea-aa63-00163e2e65eb', 0, '8290f1e3-3387-11ea-aa63-00163e2e65eb', '8290f1e3-3387-11ea-aa63-00163e2e65eb', NULL, 'auditPass', 'boolean', NULL, NULL, NULL, NULL, NULL, 1, NULL, NULL, '2020-01-10 16:59:29.237', '2020-01-10 16:59:29.237');
INSERT INTO `ACT_HI_VARINST` VALUES ('829118f7-3387-11ea-aa63-00163e2e65eb', 0, '8290f1e3-3387-11ea-aa63-00163e2e65eb', '8290f1e3-3387-11ea-aa63-00163e2e65eb', NULL, 'leaderName', 'string', NULL, NULL, NULL, NULL, NULL, NULL, 'jsitehr', NULL, '2020-01-10 16:59:29.237', '2020-01-10 16:59:29.237');
INSERT INTO `ACT_HI_VARINST` VALUES ('8d10eeef-3387-11ea-aa63-00163e2e65eb', 1, '0ad9c74c-3223-11ea-aa63-00163e2e65eb', '0ad9c74c-3223-11ea-aa63-00163e2e65eb', NULL, 'leave_leader_audit', 'string', NULL, NULL, NULL, NULL, NULL, NULL, 'jsite', NULL, '2020-01-10 16:59:46.852', '2020-01-13 15:24:04.059');
INSERT INTO `ACT_HI_VARINST` VALUES ('8db9ba54-3379-11ea-aa63-00163e2e65eb', 0, '8db9ba53-3379-11ea-aa63-00163e2e65eb', '8db9ba53-3379-11ea-aa63-00163e2e65eb', NULL, 'applyUserId', 'string', NULL, NULL, NULL, NULL, NULL, NULL, 'dept', NULL, '2020-01-10 15:19:35.005', '2020-01-10 15:19:35.005');
INSERT INTO `ACT_HI_VARINST` VALUES ('8db9e166-3379-11ea-aa63-00163e2e65eb', 0, '8db9ba53-3379-11ea-aa63-00163e2e65eb', '8db9ba53-3379-11ea-aa63-00163e2e65eb', NULL, 'auditPass', 'boolean', NULL, NULL, NULL, NULL, NULL, 1, NULL, NULL, '2020-01-10 15:19:35.005', '2020-01-10 15:19:35.005');
INSERT INTO `ACT_HI_VARINST` VALUES ('8db9e167-3379-11ea-aa63-00163e2e65eb', 0, '8db9ba53-3379-11ea-aa63-00163e2e65eb', '8db9ba53-3379-11ea-aa63-00163e2e65eb', NULL, 'leaderName', 'string', NULL, NULL, NULL, NULL, NULL, NULL, 'jsitehr', NULL, '2020-01-10 15:19:35.005', '2020-01-10 15:19:35.005');
INSERT INTO `ACT_HI_VARINST` VALUES ('90237411-35d5-11ea-aa63-00163e2e65eb', 1, '90237410-35d5-11ea-aa63-00163e2e65eb', '90237410-35d5-11ea-aa63-00163e2e65eb', NULL, 'applyUserId', 'string', NULL, NULL, NULL, NULL, NULL, NULL, 'jsite', NULL, '2020-01-13 15:23:15.077', '2020-01-13 15:24:11.674');
INSERT INTO `ACT_HI_VARINST` VALUES ('90237413-35d5-11ea-aa63-00163e2e65eb', 1, '90237410-35d5-11ea-aa63-00163e2e65eb', '90237410-35d5-11ea-aa63-00163e2e65eb', NULL, 'auditPass', 'boolean', NULL, NULL, NULL, NULL, NULL, 1, NULL, NULL, '2020-01-13 15:23:15.077', '2020-01-13 15:24:11.665');
INSERT INTO `ACT_HI_VARINST` VALUES ('90237414-35d5-11ea-aa63-00163e2e65eb', 1, '90237410-35d5-11ea-aa63-00163e2e65eb', '90237410-35d5-11ea-aa63-00163e2e65eb', NULL, 'leaderName', 'string', NULL, NULL, NULL, NULL, NULL, NULL, 'end', NULL, '2020-01-13 15:23:15.077', '2020-01-13 15:24:11.665');
INSERT INTO `ACT_HI_VARINST` VALUES ('917bdb42-3678-11ea-aa63-00163e2e65eb', 1, '979e7168-3368-11ea-aa63-00163e2e65eb', '979e7168-3368-11ea-aa63-00163e2e65eb', NULL, 'leave_leader_audit', 'string', NULL, NULL, NULL, NULL, NULL, NULL, 'dept', NULL, '2020-01-14 10:50:05.301', '2020-01-17 15:37:10.312');
INSERT INTO `ACT_HI_VARINST` VALUES ('94f086c1-312a-11ea-9129-00163e2e65eb', 0, '3414bed4-3046-11ea-9129-00163e2e65eb', '3414bed4-3046-11ea-9129-00163e2e65eb', NULL, 'leave_leader_audit', 'string', NULL, NULL, NULL, NULL, NULL, NULL, 'jsitehr', NULL, '2020-01-07 16:49:14.540', '2020-01-07 16:49:14.540');
INSERT INTO `ACT_HI_VARINST` VALUES ('979e7169-3368-11ea-aa63-00163e2e65eb', 2, '979e7168-3368-11ea-aa63-00163e2e65eb', '979e7168-3368-11ea-aa63-00163e2e65eb', NULL, 'applyUserId', 'string', NULL, NULL, NULL, NULL, NULL, NULL, 'jsite', NULL, '2020-01-10 13:18:10.158', '2020-01-17 15:37:10.316');
INSERT INTO `ACT_HI_VARINST` VALUES ('979e716b-3368-11ea-aa63-00163e2e65eb', 3, '979e7168-3368-11ea-aa63-00163e2e65eb', '979e7168-3368-11ea-aa63-00163e2e65eb', NULL, 'auditPass', 'boolean', NULL, NULL, NULL, NULL, NULL, 1, NULL, NULL, '2020-01-10 13:18:10.158', '2020-01-17 15:37:10.308');
INSERT INTO `ACT_HI_VARINST` VALUES ('979e716c-3368-11ea-aa63-00163e2e65eb', 3, '979e7168-3368-11ea-aa63-00163e2e65eb', '979e7168-3368-11ea-aa63-00163e2e65eb', NULL, 'leaderName', 'string', NULL, NULL, NULL, NULL, NULL, NULL, 'end', NULL, '2020-01-10 13:18:10.158', '2020-01-17 15:37:10.308');
INSERT INTO `ACT_HI_VARINST` VALUES ('9a328c23-52df-11ea-9661-00163e2e65eb', 0, '1f538bd4-4f9d-11ea-9661-00163e2e65eb', '1f538bd4-4f9d-11ea-9661-00163e2e65eb', NULL, 'leave_leader_audit', 'string', NULL, NULL, NULL, NULL, NULL, NULL, 'jsiteuser', NULL, '2020-02-19 14:18:10.641', '2020-02-19 14:18:10.641');
INSERT INTO `ACT_HI_VARINST` VALUES ('9b6cd78d-517b-11ea-9661-00163e2e65eb', 1, '18a05841-517b-11ea-9661-00163e2e65eb', '18a05841-517b-11ea-9661-00163e2e65eb', NULL, 'leave_leader_audit', 'string', NULL, NULL, NULL, NULL, NULL, NULL, 'jsitehr', NULL, '2020-02-17 19:49:51.865', '2020-03-02 17:37:10.342');
INSERT INTO `ACT_HI_VARINST` VALUES ('a0af89dc-2df4-11ea-aa23-c85b7643dd9e', 1, 'a0af89db-2df4-11ea-aa23-c85b7643dd9e', 'a0af89db-2df4-11ea-aa23-c85b7643dd9e', NULL, 'applyUserId', 'string', NULL, NULL, NULL, NULL, NULL, NULL, 'jsite', NULL, '2020-01-03 14:45:27.935', '2020-01-17 15:37:25.718');
INSERT INTO `ACT_HI_VARINST` VALUES ('a0af89de-2df4-11ea-aa23-c85b7643dd9e', 1, 'a0af89db-2df4-11ea-aa23-c85b7643dd9e', 'a0af89db-2df4-11ea-aa23-c85b7643dd9e', NULL, 'auditPass', 'boolean', NULL, NULL, NULL, NULL, NULL, 1, NULL, NULL, '2020-01-03 14:45:27.935', '2020-01-17 15:37:25.708');
INSERT INTO `ACT_HI_VARINST` VALUES ('a0af89df-2df4-11ea-aa23-c85b7643dd9e', 1, 'a0af89db-2df4-11ea-aa23-c85b7643dd9e', 'a0af89db-2df4-11ea-aa23-c85b7643dd9e', NULL, 'leaderName', 'string', NULL, NULL, NULL, NULL, NULL, NULL, 'end', NULL, '2020-01-03 14:45:27.935', '2020-01-17 15:37:25.708');
INSERT INTO `ACT_HI_VARINST` VALUES ('a2087a30-3051-11ea-9129-00163e2e65eb', 1, '783cda15-2e95-11ea-9129-00163e2e65eb', '783cda15-2e95-11ea-9129-00163e2e65eb', NULL, 'leave_leader_audit', 'string', NULL, NULL, NULL, NULL, NULL, NULL, 'dept', NULL, '2020-01-06 14:56:15.717', '2020-02-17 20:51:41.071');
INSERT INTO `ACT_HI_VARINST` VALUES ('aa3c297e-3349-11ea-aa63-00163e2e65eb', 1, 'aa3c297d-3349-11ea-aa63-00163e2e65eb', 'aa3c297d-3349-11ea-aa63-00163e2e65eb', NULL, 'applyUserId', 'string', NULL, NULL, NULL, NULL, NULL, NULL, 'jsite', NULL, '2020-01-10 09:36:46.992', '2020-01-10 15:25:55.453');
INSERT INTO `ACT_HI_VARINST` VALUES ('aa3c2980-3349-11ea-aa63-00163e2e65eb', 1, 'aa3c297d-3349-11ea-aa63-00163e2e65eb', 'aa3c297d-3349-11ea-aa63-00163e2e65eb', NULL, 'auditPass', 'boolean', NULL, NULL, NULL, NULL, NULL, 1, NULL, NULL, '2020-01-10 09:36:46.992', '2020-01-10 15:25:55.446');
INSERT INTO `ACT_HI_VARINST` VALUES ('aa3c2981-3349-11ea-aa63-00163e2e65eb', 1, 'aa3c297d-3349-11ea-aa63-00163e2e65eb', 'aa3c297d-3349-11ea-aa63-00163e2e65eb', NULL, 'leaderName', 'string', NULL, NULL, NULL, NULL, NULL, NULL, 'end', NULL, '2020-01-10 09:36:46.992', '2020-01-10 15:25:55.446');
INSERT INTO `ACT_HI_VARINST` VALUES ('aed44e3a-52c7-11ea-8c7c-c85b7643dd9e', 2, 'aed40019-52c7-11ea-8c7c-c85b7643dd9e', 'aed40019-52c7-11ea-8c7c-c85b7643dd9e', NULL, 'applyUserId', 'string', NULL, NULL, NULL, NULL, NULL, NULL, 'jsite', NULL, '2020-02-19 11:26:57.340', '2020-02-24 09:42:42.540');
INSERT INTO `ACT_HI_VARINST` VALUES ('aed75b7c-52c7-11ea-8c7c-c85b7643dd9e', 3, 'aed40019-52c7-11ea-8c7c-c85b7643dd9e', 'aed40019-52c7-11ea-8c7c-c85b7643dd9e', NULL, 'auditPass', 'boolean', NULL, NULL, NULL, NULL, NULL, 1, NULL, NULL, '2020-02-19 11:26:57.354', '2020-02-24 09:42:42.526');
INSERT INTO `ACT_HI_VARINST` VALUES ('aed75b7d-52c7-11ea-8c7c-c85b7643dd9e', 3, 'aed40019-52c7-11ea-8c7c-c85b7643dd9e', 'aed40019-52c7-11ea-8c7c-c85b7643dd9e', NULL, 'leaderName', 'string', NULL, NULL, NULL, NULL, NULL, NULL, 'end', NULL, '2020-02-19 11:26:57.354', '2020-02-24 09:42:42.527');
INSERT INTO `ACT_HI_VARINST` VALUES ('af905a8b-56af-11ea-9661-00163e2e65eb', 1, 'af905a8a-56af-11ea-9661-00163e2e65eb', 'af905a8a-56af-11ea-9661-00163e2e65eb', NULL, 'applyUserId', 'string', NULL, NULL, NULL, NULL, NULL, NULL, 'jsite', NULL, '2020-02-24 10:45:15.297', '2020-02-27 13:09:21.362');
INSERT INTO `ACT_HI_VARINST` VALUES ('af90819d-56af-11ea-9661-00163e2e65eb', 1, 'af905a8a-56af-11ea-9661-00163e2e65eb', 'af905a8a-56af-11ea-9661-00163e2e65eb', NULL, 'auditPass', 'boolean', NULL, NULL, NULL, NULL, NULL, 1, NULL, NULL, '2020-02-24 10:45:15.297', '2020-02-27 13:09:21.349');
INSERT INTO `ACT_HI_VARINST` VALUES ('af90819e-56af-11ea-9661-00163e2e65eb', 1, 'af905a8a-56af-11ea-9661-00163e2e65eb', 'af905a8a-56af-11ea-9661-00163e2e65eb', NULL, 'leaderName', 'string', NULL, NULL, NULL, NULL, NULL, NULL, 'end', NULL, '2020-02-24 10:45:15.297', '2020-02-27 13:09:21.349');
INSERT INTO `ACT_HI_VARINST` VALUES ('b1783e70-31c4-11ea-9129-00163e2e65eb', 0, '143f81f3-3029-11ea-9129-00163e2e65eb', '143f81f3-3029-11ea-9129-00163e2e65eb', NULL, 'leave_leader_audit', 'string', NULL, NULL, NULL, NULL, NULL, NULL, 'jsite', NULL, '2020-01-08 11:12:24.902', '2020-01-08 11:12:24.902');
INSERT INTO `ACT_HI_VARINST` VALUES ('b1dedc36-35d5-11ea-aa63-00163e2e65eb', 0, '90237410-35d5-11ea-aa63-00163e2e65eb', '90237410-35d5-11ea-aa63-00163e2e65eb', NULL, 'leave_leader_audit', 'string', NULL, NULL, NULL, NULL, NULL, NULL, 'jsite', NULL, '2020-01-13 15:24:11.670', '2020-01-13 15:24:11.670');
INSERT INTO `ACT_HI_VARINST` VALUES ('b750e73b-35d5-11ea-aa63-00163e2e65eb', 0, '7c8a32c5-35d1-11ea-aa63-00163e2e65eb', '7c8a32c5-35d1-11ea-aa63-00163e2e65eb', NULL, 'leave_leader_audit', 'string', NULL, NULL, NULL, NULL, NULL, NULL, 'jsite', NULL, '2020-01-13 15:24:20.806', '2020-01-13 15:24:20.806');
INSERT INTO `ACT_HI_VARINST` VALUES ('c5247235-3156-11ea-9129-00163e2e65eb', 1, 'c5247234-3156-11ea-9129-00163e2e65eb', 'c5247234-3156-11ea-9129-00163e2e65eb', NULL, 'applyUserId', 'string', NULL, NULL, NULL, NULL, NULL, NULL, 'jsite', NULL, '2020-01-07 22:05:33.267', '2020-02-13 18:34:11.430');
INSERT INTO `ACT_HI_VARINST` VALUES ('c5247237-3156-11ea-9129-00163e2e65eb', 1, 'c5247234-3156-11ea-9129-00163e2e65eb', 'c5247234-3156-11ea-9129-00163e2e65eb', NULL, 'auditPass', 'boolean', NULL, NULL, NULL, NULL, NULL, 1, NULL, NULL, '2020-01-07 22:05:33.267', '2020-02-13 18:34:11.420');
INSERT INTO `ACT_HI_VARINST` VALUES ('c5247238-3156-11ea-9129-00163e2e65eb', 1, 'c5247234-3156-11ea-9129-00163e2e65eb', 'c5247234-3156-11ea-9129-00163e2e65eb', NULL, 'leaderName', 'string', NULL, NULL, NULL, NULL, NULL, NULL, 'end', NULL, '2020-01-07 22:05:33.267', '2020-02-13 18:34:11.420');
INSERT INTO `ACT_HI_VARINST` VALUES ('c81fe554-36b7-11ea-aa63-00163e2e65eb', 0, 'c81fe553-36b7-11ea-aa63-00163e2e65eb', 'c81fe553-36b7-11ea-aa63-00163e2e65eb', NULL, 'applyUserId', 'string', NULL, NULL, NULL, NULL, NULL, NULL, 'jsite', NULL, '2020-01-14 18:22:35.267', '2020-01-14 18:22:35.267');
INSERT INTO `ACT_HI_VARINST` VALUES ('c81fe556-36b7-11ea-aa63-00163e2e65eb', 0, 'c81fe553-36b7-11ea-aa63-00163e2e65eb', 'c81fe553-36b7-11ea-aa63-00163e2e65eb', NULL, 'auditPass', 'boolean', NULL, NULL, NULL, NULL, NULL, 1, NULL, NULL, '2020-01-14 18:22:35.267', '2020-01-14 18:22:35.267');
INSERT INTO `ACT_HI_VARINST` VALUES ('c81fe557-36b7-11ea-aa63-00163e2e65eb', 0, 'c81fe553-36b7-11ea-aa63-00163e2e65eb', 'c81fe553-36b7-11ea-aa63-00163e2e65eb', NULL, 'leaderName', 'string', NULL, NULL, NULL, NULL, NULL, NULL, 'jsiteuser', NULL, '2020-01-14 18:22:35.267', '2020-01-14 18:22:35.267');
INSERT INTO `ACT_HI_VARINST` VALUES ('c87ffc93-32bd-11ea-aa63-00163e2e65eb', 0, 'c87ffc92-32bd-11ea-aa63-00163e2e65eb', 'c87ffc92-32bd-11ea-aa63-00163e2e65eb', NULL, 'applyUserId', 'string', NULL, NULL, NULL, NULL, NULL, NULL, 'jsite', NULL, '2020-01-09 16:55:28.226', '2020-01-09 16:55:28.226');
INSERT INTO `ACT_HI_VARINST` VALUES ('c87ffc95-32bd-11ea-aa63-00163e2e65eb', 0, 'c87ffc92-32bd-11ea-aa63-00163e2e65eb', 'c87ffc92-32bd-11ea-aa63-00163e2e65eb', NULL, 'auditPass', 'boolean', NULL, NULL, NULL, NULL, NULL, 1, NULL, NULL, '2020-01-09 16:55:28.226', '2020-01-09 16:55:28.226');
INSERT INTO `ACT_HI_VARINST` VALUES ('c87ffc96-32bd-11ea-aa63-00163e2e65eb', 0, 'c87ffc92-32bd-11ea-aa63-00163e2e65eb', 'c87ffc92-32bd-11ea-aa63-00163e2e65eb', NULL, 'leaderName', 'string', NULL, NULL, NULL, NULL, NULL, NULL, 'jsitehr', NULL, '2020-01-09 16:55:28.226', '2020-01-09 16:55:28.226');
INSERT INTO `ACT_HI_VARINST` VALUES ('ca5a65b0-4d6c-11ea-9b4e-00163e2e65eb', 1, 'ca5a65af-4d6c-11ea-9b4e-00163e2e65eb', 'ca5a65af-4d6c-11ea-9b4e-00163e2e65eb', NULL, 'applyUserId', 'string', NULL, NULL, NULL, NULL, NULL, NULL, 'jsite', NULL, '2020-02-12 15:53:43.495', '2020-03-02 15:52:52.913');
INSERT INTO `ACT_HI_VARINST` VALUES ('ca5a65b2-4d6c-11ea-9b4e-00163e2e65eb', 1, 'ca5a65af-4d6c-11ea-9b4e-00163e2e65eb', 'ca5a65af-4d6c-11ea-9b4e-00163e2e65eb', NULL, 'auditPass', 'boolean', NULL, NULL, NULL, NULL, NULL, 1, NULL, NULL, '2020-02-12 15:53:43.495', '2020-03-02 15:52:52.907');
INSERT INTO `ACT_HI_VARINST` VALUES ('ca5a65b3-4d6c-11ea-9b4e-00163e2e65eb', 1, 'ca5a65af-4d6c-11ea-9b4e-00163e2e65eb', 'ca5a65af-4d6c-11ea-9b4e-00163e2e65eb', NULL, 'leaderName', 'string', NULL, NULL, NULL, NULL, NULL, NULL, 'end', NULL, '2020-02-12 15:53:43.496', '2020-03-02 15:52:52.907');
INSERT INTO `ACT_HI_VARINST` VALUES ('caea8d19-36ae-11ea-aa63-00163e2e65eb', 1, 'caea8d18-36ae-11ea-aa63-00163e2e65eb', 'caea8d18-36ae-11ea-aa63-00163e2e65eb', NULL, 'applyUserId', 'string', NULL, NULL, NULL, NULL, NULL, NULL, 'jsite', NULL, '2020-01-14 17:18:14.480', '2020-01-15 11:00:03.631');
INSERT INTO `ACT_HI_VARINST` VALUES ('caea8d1b-36ae-11ea-aa63-00163e2e65eb', 1, 'caea8d18-36ae-11ea-aa63-00163e2e65eb', 'caea8d18-36ae-11ea-aa63-00163e2e65eb', NULL, 'auditPass', 'boolean', NULL, NULL, NULL, NULL, NULL, 1, NULL, NULL, '2020-01-14 17:18:14.481', '2020-01-15 11:00:03.620');
INSERT INTO `ACT_HI_VARINST` VALUES ('caeab42c-36ae-11ea-aa63-00163e2e65eb', 1, 'caea8d18-36ae-11ea-aa63-00163e2e65eb', 'caea8d18-36ae-11ea-aa63-00163e2e65eb', NULL, 'leaderName', 'string', NULL, NULL, NULL, NULL, NULL, NULL, 'end', NULL, '2020-01-14 17:18:14.481', '2020-01-15 11:00:03.620');
INSERT INTO `ACT_HI_VARINST` VALUES ('d17b9cf5-52c7-11ea-8c7c-c85b7643dd9e', 1, 'aed40019-52c7-11ea-8c7c-c85b7643dd9e', 'aed40019-52c7-11ea-8c7c-c85b7643dd9e', NULL, 'leave_leader_audit', 'string', NULL, NULL, NULL, NULL, NULL, NULL, 'dept', NULL, '2020-02-19 11:27:55.473', '2020-02-24 09:42:42.536');
INSERT INTO `ACT_HI_VARINST` VALUES ('d20cfd3f-5c5a-11ea-9661-00163e2e65eb', 0, 'ca5a65af-4d6c-11ea-9b4e-00163e2e65eb', 'ca5a65af-4d6c-11ea-9b4e-00163e2e65eb', NULL, 'leave_leader_audit', 'string', NULL, NULL, NULL, NULL, NULL, NULL, 'jsitehr', NULL, '2020-03-02 15:52:52.910', '2020-03-02 15:52:52.910');
INSERT INTO `ACT_HI_VARINST` VALUES ('d698a7fc-4d81-11ea-9b4e-00163e2e65eb', 1, 'd698a7fb-4d81-11ea-9b4e-00163e2e65eb', 'd698a7fb-4d81-11ea-9b4e-00163e2e65eb', NULL, 'applyUserId', 'string', NULL, NULL, NULL, NULL, NULL, NULL, 'jsite', NULL, '2020-02-12 18:24:23.468', '2020-02-12 18:27:45.969');
INSERT INTO `ACT_HI_VARINST` VALUES ('d698cf0e-4d81-11ea-9b4e-00163e2e65eb', 1, 'd698a7fb-4d81-11ea-9b4e-00163e2e65eb', 'd698a7fb-4d81-11ea-9b4e-00163e2e65eb', NULL, 'auditPass', 'boolean', NULL, NULL, NULL, NULL, NULL, 1, NULL, NULL, '2020-02-12 18:24:23.468', '2020-02-12 18:27:45.962');
INSERT INTO `ACT_HI_VARINST` VALUES ('d698cf0f-4d81-11ea-9b4e-00163e2e65eb', 1, 'd698a7fb-4d81-11ea-9b4e-00163e2e65eb', 'd698a7fb-4d81-11ea-9b4e-00163e2e65eb', NULL, 'leaderName', 'string', NULL, NULL, NULL, NULL, NULL, NULL, 'end', NULL, '2020-02-12 18:24:23.468', '2020-02-12 18:27:45.963');
INSERT INTO `ACT_HI_VARINST` VALUES ('dafeba39-367d-11ea-aa63-00163e2e65eb', 1, 'dafeba38-367d-11ea-aa63-00163e2e65eb', 'dafeba38-367d-11ea-aa63-00163e2e65eb', NULL, 'applyUserId', 'string', NULL, NULL, NULL, NULL, NULL, NULL, 'jsite', NULL, '2020-01-14 11:27:56.116', '2020-02-11 14:29:46.263');
INSERT INTO `ACT_HI_VARINST` VALUES ('dafeba3b-367d-11ea-aa63-00163e2e65eb', 1, 'dafeba38-367d-11ea-aa63-00163e2e65eb', 'dafeba38-367d-11ea-aa63-00163e2e65eb', NULL, 'auditPass', 'boolean', NULL, NULL, NULL, NULL, NULL, 1, NULL, NULL, '2020-01-14 11:27:56.117', '2020-02-11 14:29:46.251');
INSERT INTO `ACT_HI_VARINST` VALUES ('dafee14c-367d-11ea-aa63-00163e2e65eb', 1, 'dafeba38-367d-11ea-aa63-00163e2e65eb', 'dafeba38-367d-11ea-aa63-00163e2e65eb', NULL, 'leaderName', 'string', NULL, NULL, NULL, NULL, NULL, NULL, 'end', NULL, '2020-01-14 11:27:56.117', '2020-02-11 14:29:46.252');
INSERT INTO `ACT_HI_VARINST` VALUES ('dca53e36-4e48-11ea-9661-00163e2e65eb', 0, 'dca4f015-4e48-11ea-9661-00163e2e65eb', 'dca4f015-4e48-11ea-9661-00163e2e65eb', NULL, 'applyUserId', 'string', NULL, NULL, NULL, NULL, NULL, NULL, 'jsite', NULL, '2020-02-13 18:09:03.467', '2020-02-13 18:09:03.467');
INSERT INTO `ACT_HI_VARINST` VALUES ('dca5da78-4e48-11ea-9661-00163e2e65eb', 0, 'dca4f015-4e48-11ea-9661-00163e2e65eb', 'dca4f015-4e48-11ea-9661-00163e2e65eb', NULL, 'auditPass', 'boolean', NULL, NULL, NULL, NULL, NULL, 1, NULL, NULL, '2020-02-13 18:09:03.469', '2020-02-13 18:09:03.469');
INSERT INTO `ACT_HI_VARINST` VALUES ('dca5da79-4e48-11ea-9661-00163e2e65eb', 0, 'dca4f015-4e48-11ea-9661-00163e2e65eb', 'dca4f015-4e48-11ea-9661-00163e2e65eb', NULL, 'leaderName', 'string', NULL, NULL, NULL, NULL, NULL, NULL, 'jsiteuser', NULL, '2020-02-13 18:09:03.469', '2020-02-13 18:09:03.469');
INSERT INTO `ACT_HI_VARINST` VALUES ('de63e403-4bdf-11ea-9b4e-00163e2e65eb', 0, 'de63bcf2-4bdf-11ea-9b4e-00163e2e65eb', 'de63bcf2-4bdf-11ea-9b4e-00163e2e65eb', NULL, 'applyUserId', 'string', NULL, NULL, NULL, NULL, NULL, NULL, 'dept', NULL, '2020-02-10 16:32:26.912', '2020-02-10 16:32:26.912');
INSERT INTO `ACT_HI_VARINST` VALUES ('de648045-4bdf-11ea-9b4e-00163e2e65eb', 0, 'de63bcf2-4bdf-11ea-9b4e-00163e2e65eb', 'de63bcf2-4bdf-11ea-9b4e-00163e2e65eb', NULL, 'auditPass', 'boolean', NULL, NULL, NULL, NULL, NULL, 1, NULL, NULL, '2020-02-10 16:32:26.914', '2020-02-10 16:32:26.914');
INSERT INTO `ACT_HI_VARINST` VALUES ('de648046-4bdf-11ea-9b4e-00163e2e65eb', 0, 'de63bcf2-4bdf-11ea-9b4e-00163e2e65eb', 'de63bcf2-4bdf-11ea-9b4e-00163e2e65eb', NULL, 'leaderName', 'string', NULL, NULL, NULL, NULL, NULL, NULL, 'jsitehr', NULL, '2020-02-10 16:32:26.914', '2020-02-10 16:32:26.914');
INSERT INTO `ACT_HI_VARINST` VALUES ('def0a035-562d-11ea-9661-00163e2e65eb', 2, 'def0a034-562d-11ea-9661-00163e2e65eb', 'def0a034-562d-11ea-9661-00163e2e65eb', NULL, 'applyUserId', 'string', NULL, NULL, NULL, NULL, NULL, NULL, 'dept', NULL, '2020-02-23 19:16:00.205', '2020-02-27 10:09:38.410');
INSERT INTO `ACT_HI_VARINST` VALUES ('def0a037-562d-11ea-9661-00163e2e65eb', 3, 'def0a034-562d-11ea-9661-00163e2e65eb', 'def0a034-562d-11ea-9661-00163e2e65eb', NULL, 'auditPass', 'boolean', NULL, NULL, NULL, NULL, NULL, 1, NULL, NULL, '2020-02-23 19:16:00.205', '2020-02-27 10:09:38.373');
INSERT INTO `ACT_HI_VARINST` VALUES ('def0a038-562d-11ea-9661-00163e2e65eb', 3, 'def0a034-562d-11ea-9661-00163e2e65eb', 'def0a034-562d-11ea-9661-00163e2e65eb', NULL, 'leaderName', 'string', NULL, NULL, NULL, NULL, NULL, NULL, 'end', NULL, '2020-02-23 19:16:00.205', '2020-02-27 10:09:38.373');
INSERT INTO `ACT_HI_VARINST` VALUES ('e08f1ee0-4c97-11ea-9b4e-00163e2e65eb', 1, 'e08f1edf-4c97-11ea-9b4e-00163e2e65eb', 'e08f1edf-4c97-11ea-9b4e-00163e2e65eb', NULL, 'applyUserId', 'string', NULL, NULL, NULL, NULL, NULL, NULL, 'dept', NULL, '2020-02-11 14:29:37.947', '2020-02-13 18:34:04.997');
INSERT INTO `ACT_HI_VARINST` VALUES ('e08f45f2-4c97-11ea-9b4e-00163e2e65eb', 1, 'e08f1edf-4c97-11ea-9b4e-00163e2e65eb', 'e08f1edf-4c97-11ea-9b4e-00163e2e65eb', NULL, 'auditPass', 'boolean', NULL, NULL, NULL, NULL, NULL, 1, NULL, NULL, '2020-02-11 14:29:37.948', '2020-02-13 18:34:04.987');
INSERT INTO `ACT_HI_VARINST` VALUES ('e08f45f3-4c97-11ea-9b4e-00163e2e65eb', 1, 'e08f1edf-4c97-11ea-9b4e-00163e2e65eb', 'e08f1edf-4c97-11ea-9b4e-00163e2e65eb', NULL, 'leaderName', 'string', NULL, NULL, NULL, NULL, NULL, NULL, 'end', NULL, '2020-02-11 14:29:37.948', '2020-02-13 18:34:04.987');
INSERT INTO `ACT_HI_VARINST` VALUES ('e318c61d-305b-11ea-9129-00163e2e65eb', 1, 'e318c61c-305b-11ea-9129-00163e2e65eb', 'e318c61c-305b-11ea-9129-00163e2e65eb', NULL, 'applyUserId', 'string', NULL, NULL, NULL, NULL, NULL, NULL, 'dept', NULL, '2020-01-06 16:09:39.844', '2020-01-06 16:10:38.492');
INSERT INTO `ACT_HI_VARINST` VALUES ('e318ed2f-305b-11ea-9129-00163e2e65eb', 1, 'e318c61c-305b-11ea-9129-00163e2e65eb', 'e318c61c-305b-11ea-9129-00163e2e65eb', NULL, 'auditPass', 'boolean', NULL, NULL, NULL, NULL, NULL, 1, NULL, NULL, '2020-01-06 16:09:39.844', '2020-01-06 16:10:38.482');
INSERT INTO `ACT_HI_VARINST` VALUES ('e318ed30-305b-11ea-9129-00163e2e65eb', 1, 'e318c61c-305b-11ea-9129-00163e2e65eb', 'e318c61c-305b-11ea-9129-00163e2e65eb', NULL, 'leaderName', 'string', NULL, NULL, NULL, NULL, NULL, NULL, 'end', NULL, '2020-01-06 16:09:39.844', '2020-01-06 16:10:38.482');
INSERT INTO `ACT_HI_VARINST` VALUES ('e5220bbf-52ea-11ea-9661-00163e2e65eb', 2, 'e521e4ae-52ea-11ea-9661-00163e2e65eb', 'e521e4ae-52ea-11ea-9661-00163e2e65eb', NULL, 'applyUserId', 'string', NULL, NULL, NULL, NULL, NULL, NULL, 'jsite', NULL, '2020-02-19 15:39:00.826', '2020-02-24 12:31:59.536');
INSERT INTO `ACT_HI_VARINST` VALUES ('e5220bc1-52ea-11ea-9661-00163e2e65eb', 3, 'e521e4ae-52ea-11ea-9661-00163e2e65eb', 'e521e4ae-52ea-11ea-9661-00163e2e65eb', NULL, 'auditPass', 'boolean', NULL, NULL, NULL, NULL, NULL, 1, NULL, NULL, '2020-02-19 15:39:00.826', '2020-02-24 12:31:59.529');
INSERT INTO `ACT_HI_VARINST` VALUES ('e5220bc2-52ea-11ea-9661-00163e2e65eb', 3, 'e521e4ae-52ea-11ea-9661-00163e2e65eb', 'e521e4ae-52ea-11ea-9661-00163e2e65eb', NULL, 'leaderName', 'string', NULL, NULL, NULL, NULL, NULL, NULL, 'end', NULL, '2020-02-19 15:39:00.826', '2020-02-24 12:31:59.529');
INSERT INTO `ACT_HI_VARINST` VALUES ('e582f93b-4c97-11ea-9b4e-00163e2e65eb', 0, 'dafeba38-367d-11ea-aa63-00163e2e65eb', 'dafeba38-367d-11ea-aa63-00163e2e65eb', NULL, 'leave_leader_audit', 'string', NULL, NULL, NULL, NULL, NULL, NULL, 'dept', NULL, '2020-02-11 14:29:46.256', '2020-02-11 14:29:46.256');
INSERT INTO `ACT_HI_VARINST` VALUES ('ec0a0dfd-38fb-11ea-aa63-00163e2e65eb', 1, 'ec0a0dfc-38fb-11ea-aa63-00163e2e65eb', 'ec0a0dfc-38fb-11ea-aa63-00163e2e65eb', NULL, 'applyUserId', 'string', NULL, NULL, NULL, NULL, NULL, NULL, 'jsite', NULL, '2020-01-17 15:35:23.625', '2020-01-17 15:38:18.698');
INSERT INTO `ACT_HI_VARINST` VALUES ('ec0a0dff-38fb-11ea-aa63-00163e2e65eb', 1, 'ec0a0dfc-38fb-11ea-aa63-00163e2e65eb', 'ec0a0dfc-38fb-11ea-aa63-00163e2e65eb', NULL, 'auditPass', 'boolean', NULL, NULL, NULL, NULL, NULL, 1, NULL, NULL, '2020-01-17 15:35:23.625', '2020-01-17 15:38:18.690');
INSERT INTO `ACT_HI_VARINST` VALUES ('ec0a0e00-38fb-11ea-aa63-00163e2e65eb', 1, 'ec0a0dfc-38fb-11ea-aa63-00163e2e65eb', 'ec0a0dfc-38fb-11ea-aa63-00163e2e65eb', NULL, 'leaderName', 'string', NULL, NULL, NULL, NULL, NULL, NULL, 'end', NULL, '2020-01-17 15:35:23.625', '2020-01-17 15:38:18.690');
INSERT INTO `ACT_HI_VARINST` VALUES ('f163352e-5230-11ea-9661-00163e2e65eb', 0, '4868dc5a-4f9e-11ea-9661-00163e2e65eb', '4868dc5a-4f9e-11ea-9661-00163e2e65eb', NULL, 'leave_leader_audit', 'string', NULL, NULL, NULL, NULL, NULL, NULL, 'jsite', NULL, '2020-02-18 17:27:54.994', '2020-02-18 17:27:54.994');
INSERT INTO `ACT_HI_VARINST` VALUES ('f5d4437f-3733-11ea-aa63-00163e2e65eb', 1, 'f5d4437e-3733-11ea-aa63-00163e2e65eb', 'f5d4437e-3733-11ea-aa63-00163e2e65eb', NULL, 'applyUserId', 'string', NULL, NULL, NULL, NULL, NULL, NULL, 'jsite', NULL, '2020-01-15 09:11:29.541', '2020-01-17 15:36:39.229');
INSERT INTO `ACT_HI_VARINST` VALUES ('f5d44381-3733-11ea-aa63-00163e2e65eb', 1, 'f5d4437e-3733-11ea-aa63-00163e2e65eb', 'f5d4437e-3733-11ea-aa63-00163e2e65eb', NULL, 'auditPass', 'boolean', NULL, NULL, NULL, NULL, NULL, 1, NULL, NULL, '2020-01-15 09:11:29.541', '2020-01-17 15:36:39.221');
INSERT INTO `ACT_HI_VARINST` VALUES ('f5d44382-3733-11ea-aa63-00163e2e65eb', 1, 'f5d4437e-3733-11ea-aa63-00163e2e65eb', 'f5d4437e-3733-11ea-aa63-00163e2e65eb', NULL, 'leaderName', 'string', NULL, NULL, NULL, NULL, NULL, NULL, 'end', NULL, '2020-01-15 09:11:29.541', '2020-01-17 15:36:39.221');
INSERT INTO `ACT_HI_VARINST` VALUES ('f9e02282-38f5-11ea-aa63-00163e2e65eb', 1, 'f9e02281-38f5-11ea-aa63-00163e2e65eb', 'f9e02281-38f5-11ea-aa63-00163e2e65eb', NULL, 'applyUserId', 'string', NULL, NULL, NULL, NULL, NULL, NULL, 'jsite', NULL, '2020-01-17 14:52:49.858', '2020-02-27 13:09:28.388');
INSERT INTO `ACT_HI_VARINST` VALUES ('f9e02284-38f5-11ea-aa63-00163e2e65eb', 1, 'f9e02281-38f5-11ea-aa63-00163e2e65eb', 'f9e02281-38f5-11ea-aa63-00163e2e65eb', NULL, 'auditPass', 'boolean', NULL, NULL, NULL, NULL, NULL, 1, NULL, NULL, '2020-01-17 14:52:49.858', '2020-02-27 13:09:28.379');
INSERT INTO `ACT_HI_VARINST` VALUES ('f9e02285-38f5-11ea-aa63-00163e2e65eb', 1, 'f9e02281-38f5-11ea-aa63-00163e2e65eb', 'f9e02281-38f5-11ea-aa63-00163e2e65eb', NULL, 'leaderName', 'string', NULL, NULL, NULL, NULL, NULL, NULL, 'end', NULL, '2020-01-17 14:52:49.858', '2020-02-27 13:09:28.379');
INSERT INTO `ACT_HI_VARINST` VALUES ('fc715bee-36a6-11ea-aa63-00163e2e65eb', 0, 'fc715bed-36a6-11ea-aa63-00163e2e65eb', 'fc715bed-36a6-11ea-aa63-00163e2e65eb', NULL, 'applyUserId', 'string', NULL, NULL, NULL, NULL, NULL, NULL, 'jsite', NULL, '2020-01-14 16:22:21.598', '2020-01-14 16:22:21.598');
INSERT INTO `ACT_HI_VARINST` VALUES ('fc718300-36a6-11ea-aa63-00163e2e65eb', 0, 'fc715bed-36a6-11ea-aa63-00163e2e65eb', 'fc715bed-36a6-11ea-aa63-00163e2e65eb', NULL, 'auditPass', 'boolean', NULL, NULL, NULL, NULL, NULL, 1, NULL, NULL, '2020-01-14 16:22:21.599', '2020-01-14 16:22:21.599');
INSERT INTO `ACT_HI_VARINST` VALUES ('fc718301-36a6-11ea-aa63-00163e2e65eb', 0, 'fc715bed-36a6-11ea-aa63-00163e2e65eb', 'fc715bed-36a6-11ea-aa63-00163e2e65eb', NULL, 'leaderName', 'string', NULL, NULL, NULL, NULL, NULL, NULL, 'jsitehr', NULL, '2020-01-14 16:22:21.599', '2020-01-14 16:22:21.599');

-- ----------------------------
-- Table structure for ACT_ID_BYTEARRAY
-- ----------------------------
DROP TABLE IF EXISTS `ACT_ID_BYTEARRAY`;
CREATE TABLE `ACT_ID_BYTEARRAY`  (
  `ID_` varchar(64) CHARACTER SET utf8 COLLATE utf8_bin NOT NULL,
  `REV_` int(11) NULL DEFAULT NULL,
  `NAME_` varchar(255) CHARACTER SET utf8 COLLATE utf8_bin NULL DEFAULT NULL,
  `BYTES_` longblob NULL,
  PRIMARY KEY (`ID_`) USING BTREE
) ENGINE = InnoDB CHARACTER SET = utf8 COLLATE = utf8_bin ROW_FORMAT = Dynamic;

-- ----------------------------
-- Table structure for ACT_ID_GROUP
-- ----------------------------
DROP TABLE IF EXISTS `ACT_ID_GROUP`;
CREATE TABLE `ACT_ID_GROUP`  (
  `ID_` varchar(64) CHARACTER SET utf8 COLLATE utf8_bin NOT NULL,
  `REV_` int(11) NULL DEFAULT NULL,
  `NAME_` varchar(255) CHARACTER SET utf8 COLLATE utf8_bin NULL DEFAULT NULL,
  `TYPE_` varchar(255) CHARACTER SET utf8 COLLATE utf8_bin NULL DEFAULT NULL,
  PRIMARY KEY (`ID_`) USING BTREE
) ENGINE = InnoDB CHARACTER SET = utf8 COLLATE = utf8_bin ROW_FORMAT = Dynamic;

-- ----------------------------
-- Table structure for ACT_ID_INFO
-- ----------------------------
DROP TABLE IF EXISTS `ACT_ID_INFO`;
CREATE TABLE `ACT_ID_INFO`  (
  `ID_` varchar(64) CHARACTER SET utf8 COLLATE utf8_bin NOT NULL,
  `REV_` int(11) NULL DEFAULT NULL,
  `USER_ID_` varchar(64) CHARACTER SET utf8 COLLATE utf8_bin NULL DEFAULT NULL,
  `TYPE_` varchar(64) CHARACTER SET utf8 COLLATE utf8_bin NULL DEFAULT NULL,
  `KEY_` varchar(255) CHARACTER SET utf8 COLLATE utf8_bin NULL DEFAULT NULL,
  `VALUE_` varchar(255) CHARACTER SET utf8 COLLATE utf8_bin NULL DEFAULT NULL,
  `PASSWORD_` longblob NULL,
  `PARENT_ID_` varchar(255) CHARACTER SET utf8 COLLATE utf8_bin NULL DEFAULT NULL,
  PRIMARY KEY (`ID_`) USING BTREE
) ENGINE = InnoDB CHARACTER SET = utf8 COLLATE = utf8_bin ROW_FORMAT = Dynamic;

-- ----------------------------
-- Table structure for ACT_ID_MEMBERSHIP
-- ----------------------------
DROP TABLE IF EXISTS `ACT_ID_MEMBERSHIP`;
CREATE TABLE `ACT_ID_MEMBERSHIP`  (
  `USER_ID_` varchar(64) CHARACTER SET utf8 COLLATE utf8_bin NOT NULL,
  `GROUP_ID_` varchar(64) CHARACTER SET utf8 COLLATE utf8_bin NOT NULL,
  PRIMARY KEY (`USER_ID_`, `GROUP_ID_`) USING BTREE,
  INDEX `ACT_FK_MEMB_GROUP`(`GROUP_ID_`) USING BTREE,
  CONSTRAINT `ACT_FK_MEMB_GROUP` FOREIGN KEY (`GROUP_ID_`) REFERENCES `ACT_ID_GROUP` (`ID_`) ON DELETE RESTRICT ON UPDATE RESTRICT,
  CONSTRAINT `ACT_FK_MEMB_USER` FOREIGN KEY (`USER_ID_`) REFERENCES `ACT_ID_USER` (`ID_`) ON DELETE RESTRICT ON UPDATE RESTRICT
) ENGINE = InnoDB CHARACTER SET = utf8 COLLATE = utf8_bin ROW_FORMAT = Dynamic;

-- ----------------------------
-- Table structure for ACT_ID_PRIV
-- ----------------------------
DROP TABLE IF EXISTS `ACT_ID_PRIV`;
CREATE TABLE `ACT_ID_PRIV`  (
  `ID_` varchar(64) CHARACTER SET utf8 COLLATE utf8_bin NOT NULL,
  `NAME_` varchar(255) CHARACTER SET utf8 COLLATE utf8_bin NOT NULL,
  PRIMARY KEY (`ID_`) USING BTREE,
  UNIQUE INDEX `ACT_UNIQ_PRIV_NAME`(`NAME_`) USING BTREE
) ENGINE = InnoDB CHARACTER SET = utf8 COLLATE = utf8_bin ROW_FORMAT = Dynamic;

-- ----------------------------
-- Table structure for ACT_ID_PRIV_MAPPING
-- ----------------------------
DROP TABLE IF EXISTS `ACT_ID_PRIV_MAPPING`;
CREATE TABLE `ACT_ID_PRIV_MAPPING`  (
  `ID_` varchar(64) CHARACTER SET utf8 COLLATE utf8_bin NOT NULL,
  `PRIV_ID_` varchar(64) CHARACTER SET utf8 COLLATE utf8_bin NOT NULL,
  `USER_ID_` varchar(255) CHARACTER SET utf8 COLLATE utf8_bin NULL DEFAULT NULL,
  `GROUP_ID_` varchar(255) CHARACTER SET utf8 COLLATE utf8_bin NULL DEFAULT NULL,
  PRIMARY KEY (`ID_`) USING BTREE,
  INDEX `ACT_FK_PRIV_MAPPING`(`PRIV_ID_`) USING BTREE,
  INDEX `ACT_IDX_PRIV_USER`(`USER_ID_`) USING BTREE,
  INDEX `ACT_IDX_PRIV_GROUP`(`GROUP_ID_`) USING BTREE,
  CONSTRAINT `ACT_FK_PRIV_MAPPING` FOREIGN KEY (`PRIV_ID_`) REFERENCES `ACT_ID_PRIV` (`ID_`) ON DELETE RESTRICT ON UPDATE RESTRICT
) ENGINE = InnoDB CHARACTER SET = utf8 COLLATE = utf8_bin ROW_FORMAT = Dynamic;

-- ----------------------------
-- Table structure for ACT_ID_PROPERTY
-- ----------------------------
DROP TABLE IF EXISTS `ACT_ID_PROPERTY`;
CREATE TABLE `ACT_ID_PROPERTY`  (
  `NAME_` varchar(64) CHARACTER SET utf8 COLLATE utf8_bin NOT NULL,
  `VALUE_` varchar(300) CHARACTER SET utf8 COLLATE utf8_bin NULL DEFAULT NULL,
  `REV_` int(11) NULL DEFAULT NULL,
  PRIMARY KEY (`NAME_`) USING BTREE
) ENGINE = InnoDB CHARACTER SET = utf8 COLLATE = utf8_bin ROW_FORMAT = Dynamic;

-- ----------------------------
-- Records of ACT_ID_PROPERTY
-- ----------------------------
INSERT INTO `ACT_ID_PROPERTY` VALUES ('schema.version', '6.4.0.0', 1);

-- ----------------------------
-- Table structure for ACT_ID_TOKEN
-- ----------------------------
DROP TABLE IF EXISTS `ACT_ID_TOKEN`;
CREATE TABLE `ACT_ID_TOKEN`  (
  `ID_` varchar(64) CHARACTER SET utf8 COLLATE utf8_bin NOT NULL,
  `REV_` int(11) NULL DEFAULT NULL,
  `TOKEN_VALUE_` varchar(255) CHARACTER SET utf8 COLLATE utf8_bin NULL DEFAULT NULL,
  `TOKEN_DATE_` timestamp(3) NULL DEFAULT NULL,
  `IP_ADDRESS_` varchar(255) CHARACTER SET utf8 COLLATE utf8_bin NULL DEFAULT NULL,
  `USER_AGENT_` varchar(255) CHARACTER SET utf8 COLLATE utf8_bin NULL DEFAULT NULL,
  `USER_ID_` varchar(255) CHARACTER SET utf8 COLLATE utf8_bin NULL DEFAULT NULL,
  `TOKEN_DATA_` varchar(2000) CHARACTER SET utf8 COLLATE utf8_bin NULL DEFAULT NULL,
  PRIMARY KEY (`ID_`) USING BTREE
) ENGINE = InnoDB CHARACTER SET = utf8 COLLATE = utf8_bin ROW_FORMAT = Dynamic;

-- ----------------------------
-- Table structure for ACT_ID_USER
-- ----------------------------
DROP TABLE IF EXISTS `ACT_ID_USER`;
CREATE TABLE `ACT_ID_USER`  (
  `ID_` varchar(64) CHARACTER SET utf8 COLLATE utf8_bin NOT NULL,
  `REV_` int(11) NULL DEFAULT NULL,
  `FIRST_` varchar(255) CHARACTER SET utf8 COLLATE utf8_bin NULL DEFAULT NULL,
  `LAST_` varchar(255) CHARACTER SET utf8 COLLATE utf8_bin NULL DEFAULT NULL,
  `DISPLAY_NAME_` varchar(255) CHARACTER SET utf8 COLLATE utf8_bin NULL DEFAULT NULL,
  `EMAIL_` varchar(255) CHARACTER SET utf8 COLLATE utf8_bin NULL DEFAULT NULL,
  `PWD_` varchar(255) CHARACTER SET utf8 COLLATE utf8_bin NULL DEFAULT NULL,
  `PICTURE_ID_` varchar(64) CHARACTER SET utf8 COLLATE utf8_bin NULL DEFAULT NULL,
  `TENANT_ID_` varchar(255) CHARACTER SET utf8 COLLATE utf8_bin NULL DEFAULT '',
  PRIMARY KEY (`ID_`) USING BTREE
) ENGINE = InnoDB CHARACTER SET = utf8 COLLATE = utf8_bin ROW_FORMAT = Dynamic;

-- ----------------------------
-- Table structure for ACT_PROCDEF_INFO
-- ----------------------------
DROP TABLE IF EXISTS `ACT_PROCDEF_INFO`;
CREATE TABLE `ACT_PROCDEF_INFO`  (
  `ID_` varchar(64) CHARACTER SET utf8 COLLATE utf8_bin NOT NULL,
  `PROC_DEF_ID_` varchar(64) CHARACTER SET utf8 COLLATE utf8_bin NOT NULL,
  `REV_` int(11) NULL DEFAULT NULL,
  `INFO_JSON_ID_` varchar(64) CHARACTER SET utf8 COLLATE utf8_bin NULL DEFAULT NULL,
  PRIMARY KEY (`ID_`) USING BTREE,
  UNIQUE INDEX `ACT_UNIQ_INFO_PROCDEF`(`PROC_DEF_ID_`) USING BTREE,
  INDEX `ACT_IDX_INFO_PROCDEF`(`PROC_DEF_ID_`) USING BTREE,
  INDEX `ACT_FK_INFO_JSON_BA`(`INFO_JSON_ID_`) USING BTREE,
  CONSTRAINT `ACT_FK_INFO_JSON_BA` FOREIGN KEY (`INFO_JSON_ID_`) REFERENCES `ACT_GE_BYTEARRAY` (`ID_`) ON DELETE RESTRICT ON UPDATE RESTRICT,
  CONSTRAINT `ACT_FK_INFO_PROCDEF` FOREIGN KEY (`PROC_DEF_ID_`) REFERENCES `ACT_RE_PROCDEF` (`ID_`) ON DELETE RESTRICT ON UPDATE RESTRICT
) ENGINE = InnoDB CHARACTER SET = utf8 COLLATE = utf8_bin ROW_FORMAT = Dynamic;

-- ----------------------------
-- Table structure for ACT_RE_DEPLOYMENT
-- ----------------------------
DROP TABLE IF EXISTS `ACT_RE_DEPLOYMENT`;
CREATE TABLE `ACT_RE_DEPLOYMENT`  (
  `ID_` varchar(64) CHARACTER SET utf8 COLLATE utf8_bin NOT NULL,
  `NAME_` varchar(255) CHARACTER SET utf8 COLLATE utf8_bin NULL DEFAULT NULL,
  `CATEGORY_` varchar(255) CHARACTER SET utf8 COLLATE utf8_bin NULL DEFAULT NULL,
  `KEY_` varchar(255) CHARACTER SET utf8 COLLATE utf8_bin NULL DEFAULT NULL,
  `TENANT_ID_` varchar(255) CHARACTER SET utf8 COLLATE utf8_bin NULL DEFAULT '',
  `DEPLOY_TIME_` timestamp(3) NULL DEFAULT NULL,
  `DERIVED_FROM_` varchar(64) CHARACTER SET utf8 COLLATE utf8_bin NULL DEFAULT NULL,
  `DERIVED_FROM_ROOT_` varchar(64) CHARACTER SET utf8 COLLATE utf8_bin NULL DEFAULT NULL,
  `PARENT_DEPLOYMENT_ID_` varchar(255) CHARACTER SET utf8 COLLATE utf8_bin NULL DEFAULT NULL,
  `ENGINE_VERSION_` varchar(255) CHARACTER SET utf8 COLLATE utf8_bin NULL DEFAULT NULL,
  PRIMARY KEY (`ID_`) USING BTREE
) ENGINE = InnoDB CHARACTER SET = utf8 COLLATE = utf8_bin ROW_FORMAT = Dynamic;

-- ----------------------------
-- Records of ACT_RE_DEPLOYMENT
-- ----------------------------
INSERT INTO `ACT_RE_DEPLOYMENT` VALUES ('4eafd3fe-2df3-11ea-aa23-c85b7643dd9e', '请假流程', NULL, 'jsite_leave', '', '2020-01-03 14:36:00.867', NULL, NULL, NULL, NULL);
INSERT INTO `ACT_RE_DEPLOYMENT` VALUES ('be292145-52c6-11ea-8c7c-c85b7643dd9e', '请假流程', NULL, 'jsite_leave', '', '2020-02-19 11:20:13.559', NULL, NULL, NULL, NULL);

-- ----------------------------
-- Table structure for ACT_RE_MODEL
-- ----------------------------
DROP TABLE IF EXISTS `ACT_RE_MODEL`;
CREATE TABLE `ACT_RE_MODEL`  (
  `ID_` varchar(64) CHARACTER SET utf8 COLLATE utf8_bin NOT NULL,
  `REV_` int(11) NULL DEFAULT NULL,
  `NAME_` varchar(255) CHARACTER SET utf8 COLLATE utf8_bin NULL DEFAULT NULL,
  `KEY_` varchar(255) CHARACTER SET utf8 COLLATE utf8_bin NULL DEFAULT NULL,
  `CATEGORY_` varchar(255) CHARACTER SET utf8 COLLATE utf8_bin NULL DEFAULT NULL,
  `CREATE_TIME_` timestamp(3) NULL DEFAULT NULL,
  `LAST_UPDATE_TIME_` timestamp(3) NULL DEFAULT NULL,
  `VERSION_` int(11) NULL DEFAULT NULL,
  `META_INFO_` varchar(4000) CHARACTER SET utf8 COLLATE utf8_bin NULL DEFAULT NULL,
  `DEPLOYMENT_ID_` varchar(64) CHARACTER SET utf8 COLLATE utf8_bin NULL DEFAULT NULL,
  `EDITOR_SOURCE_VALUE_ID_` varchar(64) CHARACTER SET utf8 COLLATE utf8_bin NULL DEFAULT NULL,
  `EDITOR_SOURCE_EXTRA_VALUE_ID_` varchar(64) CHARACTER SET utf8 COLLATE utf8_bin NULL DEFAULT NULL,
  `TENANT_ID_` varchar(255) CHARACTER SET utf8 COLLATE utf8_bin NULL DEFAULT '',
  PRIMARY KEY (`ID_`) USING BTREE,
  INDEX `ACT_FK_MODEL_SOURCE`(`EDITOR_SOURCE_VALUE_ID_`) USING BTREE,
  INDEX `ACT_FK_MODEL_SOURCE_EXTRA`(`EDITOR_SOURCE_EXTRA_VALUE_ID_`) USING BTREE,
  INDEX `ACT_FK_MODEL_DEPLOYMENT`(`DEPLOYMENT_ID_`) USING BTREE,
  CONSTRAINT `ACT_FK_MODEL_DEPLOYMENT` FOREIGN KEY (`DEPLOYMENT_ID_`) REFERENCES `ACT_RE_DEPLOYMENT` (`ID_`) ON DELETE RESTRICT ON UPDATE RESTRICT,
  CONSTRAINT `ACT_FK_MODEL_SOURCE` FOREIGN KEY (`EDITOR_SOURCE_VALUE_ID_`) REFERENCES `ACT_GE_BYTEARRAY` (`ID_`) ON DELETE RESTRICT ON UPDATE RESTRICT,
  CONSTRAINT `ACT_FK_MODEL_SOURCE_EXTRA` FOREIGN KEY (`EDITOR_SOURCE_EXTRA_VALUE_ID_`) REFERENCES `ACT_GE_BYTEARRAY` (`ID_`) ON DELETE RESTRICT ON UPDATE RESTRICT
) ENGINE = InnoDB CHARACTER SET = utf8 COLLATE = utf8_bin ROW_FORMAT = Dynamic;

-- ----------------------------
-- Table structure for ACT_RE_PROCDEF
-- ----------------------------
DROP TABLE IF EXISTS `ACT_RE_PROCDEF`;
CREATE TABLE `ACT_RE_PROCDEF`  (
  `ID_` varchar(64) CHARACTER SET utf8 COLLATE utf8_bin NOT NULL,
  `REV_` int(11) NULL DEFAULT NULL,
  `CATEGORY_` varchar(255) CHARACTER SET utf8 COLLATE utf8_bin NULL DEFAULT NULL,
  `NAME_` varchar(255) CHARACTER SET utf8 COLLATE utf8_bin NULL DEFAULT NULL,
  `KEY_` varchar(255) CHARACTER SET utf8 COLLATE utf8_bin NOT NULL,
  `VERSION_` int(11) NOT NULL,
  `DEPLOYMENT_ID_` varchar(64) CHARACTER SET utf8 COLLATE utf8_bin NULL DEFAULT NULL,
  `RESOURCE_NAME_` varchar(4000) CHARACTER SET utf8 COLLATE utf8_bin NULL DEFAULT NULL,
  `DGRM_RESOURCE_NAME_` varchar(4000) CHARACTER SET utf8 COLLATE utf8_bin NULL DEFAULT NULL,
  `DESCRIPTION_` varchar(4000) CHARACTER SET utf8 COLLATE utf8_bin NULL DEFAULT NULL,
  `HAS_START_FORM_KEY_` tinyint(4) NULL DEFAULT NULL,
  `HAS_GRAPHICAL_NOTATION_` tinyint(4) NULL DEFAULT NULL,
  `SUSPENSION_STATE_` int(11) NULL DEFAULT NULL,
  `TENANT_ID_` varchar(255) CHARACTER SET utf8 COLLATE utf8_bin NULL DEFAULT '',
  `ENGINE_VERSION_` varchar(255) CHARACTER SET utf8 COLLATE utf8_bin NULL DEFAULT NULL,
  `DERIVED_FROM_` varchar(64) CHARACTER SET utf8 COLLATE utf8_bin NULL DEFAULT NULL,
  `DERIVED_FROM_ROOT_` varchar(64) CHARACTER SET utf8 COLLATE utf8_bin NULL DEFAULT NULL,
  `DERIVED_VERSION_` int(11) NOT NULL DEFAULT 0,
  PRIMARY KEY (`ID_`) USING BTREE,
  UNIQUE INDEX `ACT_UNIQ_PROCDEF`(`KEY_`, `VERSION_`, `DERIVED_VERSION_`, `TENANT_ID_`) USING BTREE
) ENGINE = InnoDB CHARACTER SET = utf8 COLLATE = utf8_bin ROW_FORMAT = Dynamic;

-- ----------------------------
-- Records of ACT_RE_PROCDEF
-- ----------------------------
INSERT INTO `ACT_RE_PROCDEF` VALUES ('jsite_leave:1:4f0c4be1-2df3-11ea-aa23-c85b7643dd9e', 2, 'leave', '请假流程', 'jsite_leave', 1, '4eafd3fe-2df3-11ea-aa23-c85b7643dd9e', '请假流程.bpmn20.xml', '请假流程.jsite_leave.png', '请假流程', 0, 1, 1, '', NULL, NULL, NULL, 0);
INSERT INTO `ACT_RE_PROCDEF` VALUES ('jsite_leave:2:be76cc18-52c6-11ea-8c7c-c85b7643dd9e', 2, 'leave', '请假流程', 'jsite_leave', 2, 'be292145-52c6-11ea-8c7c-c85b7643dd9e', '请假流程.bpmn20.xml', '请假流程.jsite_leave.png', '请假流程', 0, 1, 1, '', NULL, NULL, NULL, 0);

-- ----------------------------
-- Table structure for ACT_RU_DEADLETTER_JOB
-- ----------------------------
DROP TABLE IF EXISTS `ACT_RU_DEADLETTER_JOB`;
CREATE TABLE `ACT_RU_DEADLETTER_JOB`  (
  `ID_` varchar(64) CHARACTER SET utf8 COLLATE utf8_bin NOT NULL,
  `REV_` int(11) NULL DEFAULT NULL,
  `TYPE_` varchar(255) CHARACTER SET utf8 COLLATE utf8_bin NOT NULL,
  `EXCLUSIVE_` tinyint(1) NULL DEFAULT NULL,
  `EXECUTION_ID_` varchar(64) CHARACTER SET utf8 COLLATE utf8_bin NULL DEFAULT NULL,
  `PROCESS_INSTANCE_ID_` varchar(64) CHARACTER SET utf8 COLLATE utf8_bin NULL DEFAULT NULL,
  `PROC_DEF_ID_` varchar(64) CHARACTER SET utf8 COLLATE utf8_bin NULL DEFAULT NULL,
  `SCOPE_ID_` varchar(255) CHARACTER SET utf8 COLLATE utf8_bin NULL DEFAULT NULL,
  `SUB_SCOPE_ID_` varchar(255) CHARACTER SET utf8 COLLATE utf8_bin NULL DEFAULT NULL,
  `SCOPE_TYPE_` varchar(255) CHARACTER SET utf8 COLLATE utf8_bin NULL DEFAULT NULL,
  `SCOPE_DEFINITION_ID_` varchar(255) CHARACTER SET utf8 COLLATE utf8_bin NULL DEFAULT NULL,
  `EXCEPTION_STACK_ID_` varchar(64) CHARACTER SET utf8 COLLATE utf8_bin NULL DEFAULT NULL,
  `EXCEPTION_MSG_` varchar(4000) CHARACTER SET utf8 COLLATE utf8_bin NULL DEFAULT NULL,
  `DUEDATE_` timestamp(3) NULL DEFAULT NULL,
  `REPEAT_` varchar(255) CHARACTER SET utf8 COLLATE utf8_bin NULL DEFAULT NULL,
  `HANDLER_TYPE_` varchar(255) CHARACTER SET utf8 COLLATE utf8_bin NULL DEFAULT NULL,
  `HANDLER_CFG_` varchar(4000) CHARACTER SET utf8 COLLATE utf8_bin NULL DEFAULT NULL,
  `CUSTOM_VALUES_ID_` varchar(64) CHARACTER SET utf8 COLLATE utf8_bin NULL DEFAULT NULL,
  `CREATE_TIME_` timestamp(3) NULL DEFAULT NULL,
  `TENANT_ID_` varchar(255) CHARACTER SET utf8 COLLATE utf8_bin NULL DEFAULT '',
  PRIMARY KEY (`ID_`) USING BTREE,
  INDEX `ACT_IDX_DEADLETTER_JOB_EXCEPTION_STACK_ID`(`EXCEPTION_STACK_ID_`) USING BTREE,
  INDEX `ACT_IDX_DEADLETTER_JOB_CUSTOM_VALUES_ID`(`CUSTOM_VALUES_ID_`) USING BTREE,
  INDEX `ACT_IDX_DJOB_SCOPE`(`SCOPE_ID_`, `SCOPE_TYPE_`) USING BTREE,
  INDEX `ACT_IDX_DJOB_SUB_SCOPE`(`SUB_SCOPE_ID_`, `SCOPE_TYPE_`) USING BTREE,
  INDEX `ACT_IDX_DJOB_SCOPE_DEF`(`SCOPE_DEFINITION_ID_`, `SCOPE_TYPE_`) USING BTREE,
  INDEX `ACT_FK_DEADLETTER_JOB_EXECUTION`(`EXECUTION_ID_`) USING BTREE,
  INDEX `ACT_FK_DEADLETTER_JOB_PROCESS_INSTANCE`(`PROCESS_INSTANCE_ID_`) USING BTREE,
  INDEX `ACT_FK_DEADLETTER_JOB_PROC_DEF`(`PROC_DEF_ID_`) USING BTREE,
  CONSTRAINT `ACT_FK_DEADLETTER_JOB_CUSTOM_VALUES` FOREIGN KEY (`CUSTOM_VALUES_ID_`) REFERENCES `ACT_GE_BYTEARRAY` (`ID_`) ON DELETE RESTRICT ON UPDATE RESTRICT,
  CONSTRAINT `ACT_FK_DEADLETTER_JOB_EXCEPTION` FOREIGN KEY (`EXCEPTION_STACK_ID_`) REFERENCES `ACT_GE_BYTEARRAY` (`ID_`) ON DELETE RESTRICT ON UPDATE RESTRICT,
  CONSTRAINT `ACT_FK_DEADLETTER_JOB_EXECUTION` FOREIGN KEY (`EXECUTION_ID_`) REFERENCES `ACT_RU_EXECUTION` (`ID_`) ON DELETE RESTRICT ON UPDATE RESTRICT,
  CONSTRAINT `ACT_FK_DEADLETTER_JOB_PROCESS_INSTANCE` FOREIGN KEY (`PROCESS_INSTANCE_ID_`) REFERENCES `ACT_RU_EXECUTION` (`ID_`) ON DELETE RESTRICT ON UPDATE RESTRICT,
  CONSTRAINT `ACT_FK_DEADLETTER_JOB_PROC_DEF` FOREIGN KEY (`PROC_DEF_ID_`) REFERENCES `ACT_RE_PROCDEF` (`ID_`) ON DELETE RESTRICT ON UPDATE RESTRICT
) ENGINE = InnoDB CHARACTER SET = utf8 COLLATE = utf8_bin ROW_FORMAT = Dynamic;

-- ----------------------------
-- Table structure for ACT_RU_EVENT_SUBSCR
-- ----------------------------
DROP TABLE IF EXISTS `ACT_RU_EVENT_SUBSCR`;
CREATE TABLE `ACT_RU_EVENT_SUBSCR`  (
  `ID_` varchar(64) CHARACTER SET utf8 COLLATE utf8_bin NOT NULL,
  `REV_` int(11) NULL DEFAULT NULL,
  `EVENT_TYPE_` varchar(255) CHARACTER SET utf8 COLLATE utf8_bin NOT NULL,
  `EVENT_NAME_` varchar(255) CHARACTER SET utf8 COLLATE utf8_bin NULL DEFAULT NULL,
  `EXECUTION_ID_` varchar(64) CHARACTER SET utf8 COLLATE utf8_bin NULL DEFAULT NULL,
  `PROC_INST_ID_` varchar(64) CHARACTER SET utf8 COLLATE utf8_bin NULL DEFAULT NULL,
  `ACTIVITY_ID_` varchar(64) CHARACTER SET utf8 COLLATE utf8_bin NULL DEFAULT NULL,
  `CONFIGURATION_` varchar(255) CHARACTER SET utf8 COLLATE utf8_bin NULL DEFAULT NULL,
  `CREATED_` timestamp(3) NOT NULL DEFAULT CURRENT_TIMESTAMP(3),
  `PROC_DEF_ID_` varchar(64) CHARACTER SET utf8 COLLATE utf8_bin NULL DEFAULT NULL,
  `TENANT_ID_` varchar(255) CHARACTER SET utf8 COLLATE utf8_bin NULL DEFAULT '',
  PRIMARY KEY (`ID_`) USING BTREE,
  INDEX `ACT_IDX_EVENT_SUBSCR_CONFIG_`(`CONFIGURATION_`) USING BTREE,
  INDEX `ACT_FK_EVENT_EXEC`(`EXECUTION_ID_`) USING BTREE,
  CONSTRAINT `ACT_FK_EVENT_EXEC` FOREIGN KEY (`EXECUTION_ID_`) REFERENCES `ACT_RU_EXECUTION` (`ID_`) ON DELETE RESTRICT ON UPDATE RESTRICT
) ENGINE = InnoDB CHARACTER SET = utf8 COLLATE = utf8_bin ROW_FORMAT = Dynamic;

-- ----------------------------
-- Table structure for ACT_RU_EXECUTION
-- ----------------------------
DROP TABLE IF EXISTS `ACT_RU_EXECUTION`;
CREATE TABLE `ACT_RU_EXECUTION`  (
  `ID_` varchar(64) CHARACTER SET utf8 COLLATE utf8_bin NOT NULL,
  `REV_` int(11) NULL DEFAULT NULL,
  `PROC_INST_ID_` varchar(64) CHARACTER SET utf8 COLLATE utf8_bin NULL DEFAULT NULL,
  `BUSINESS_KEY_` varchar(255) CHARACTER SET utf8 COLLATE utf8_bin NULL DEFAULT NULL,
  `PARENT_ID_` varchar(64) CHARACTER SET utf8 COLLATE utf8_bin NULL DEFAULT NULL,
  `PROC_DEF_ID_` varchar(64) CHARACTER SET utf8 COLLATE utf8_bin NULL DEFAULT NULL,
  `SUPER_EXEC_` varchar(64) CHARACTER SET utf8 COLLATE utf8_bin NULL DEFAULT NULL,
  `ROOT_PROC_INST_ID_` varchar(64) CHARACTER SET utf8 COLLATE utf8_bin NULL DEFAULT NULL,
  `ACT_ID_` varchar(255) CHARACTER SET utf8 COLLATE utf8_bin NULL DEFAULT NULL,
  `IS_ACTIVE_` tinyint(4) NULL DEFAULT NULL,
  `IS_CONCURRENT_` tinyint(4) NULL DEFAULT NULL,
  `IS_SCOPE_` tinyint(4) NULL DEFAULT NULL,
  `IS_EVENT_SCOPE_` tinyint(4) NULL DEFAULT NULL,
  `IS_MI_ROOT_` tinyint(4) NULL DEFAULT NULL,
  `SUSPENSION_STATE_` int(11) NULL DEFAULT NULL,
  `CACHED_ENT_STATE_` int(11) NULL DEFAULT NULL,
  `TENANT_ID_` varchar(255) CHARACTER SET utf8 COLLATE utf8_bin NULL DEFAULT '',
  `NAME_` varchar(255) CHARACTER SET utf8 COLLATE utf8_bin NULL DEFAULT NULL,
  `START_ACT_ID_` varchar(255) CHARACTER SET utf8 COLLATE utf8_bin NULL DEFAULT NULL,
  `START_TIME_` datetime(3) NULL DEFAULT NULL,
  `START_USER_ID_` varchar(255) CHARACTER SET utf8 COLLATE utf8_bin NULL DEFAULT NULL,
  `LOCK_TIME_` timestamp(3) NULL DEFAULT NULL,
  `IS_COUNT_ENABLED_` tinyint(4) NULL DEFAULT NULL,
  `EVT_SUBSCR_COUNT_` int(11) NULL DEFAULT NULL,
  `TASK_COUNT_` int(11) NULL DEFAULT NULL,
  `JOB_COUNT_` int(11) NULL DEFAULT NULL,
  `TIMER_JOB_COUNT_` int(11) NULL DEFAULT NULL,
  `SUSP_JOB_COUNT_` int(11) NULL DEFAULT NULL,
  `DEADLETTER_JOB_COUNT_` int(11) NULL DEFAULT NULL,
  `VAR_COUNT_` int(11) NULL DEFAULT NULL,
  `ID_LINK_COUNT_` int(11) NULL DEFAULT NULL,
  `CALLBACK_ID_` varchar(255) CHARACTER SET utf8 COLLATE utf8_bin NULL DEFAULT NULL,
  `CALLBACK_TYPE_` varchar(255) CHARACTER SET utf8 COLLATE utf8_bin NULL DEFAULT NULL,
  PRIMARY KEY (`ID_`) USING BTREE,
  INDEX `ACT_IDX_EXEC_BUSKEY`(`BUSINESS_KEY_`) USING BTREE,
  INDEX `ACT_IDC_EXEC_ROOT`(`ROOT_PROC_INST_ID_`) USING BTREE,
  INDEX `ACT_FK_EXE_PROCINST`(`PROC_INST_ID_`) USING BTREE,
  INDEX `ACT_FK_EXE_PARENT`(`PARENT_ID_`) USING BTREE,
  INDEX `ACT_FK_EXE_SUPER`(`SUPER_EXEC_`) USING BTREE,
  INDEX `ACT_FK_EXE_PROCDEF`(`PROC_DEF_ID_`) USING BTREE,
  CONSTRAINT `ACT_FK_EXE_PARENT` FOREIGN KEY (`PARENT_ID_`) REFERENCES `ACT_RU_EXECUTION` (`ID_`) ON DELETE CASCADE ON UPDATE RESTRICT,
  CONSTRAINT `ACT_FK_EXE_PROCDEF` FOREIGN KEY (`PROC_DEF_ID_`) REFERENCES `ACT_RE_PROCDEF` (`ID_`) ON DELETE RESTRICT ON UPDATE RESTRICT,
  CONSTRAINT `ACT_FK_EXE_PROCINST` FOREIGN KEY (`PROC_INST_ID_`) REFERENCES `ACT_RU_EXECUTION` (`ID_`) ON DELETE CASCADE ON UPDATE CASCADE,
  CONSTRAINT `ACT_FK_EXE_SUPER` FOREIGN KEY (`SUPER_EXEC_`) REFERENCES `ACT_RU_EXECUTION` (`ID_`) ON DELETE CASCADE ON UPDATE RESTRICT
) ENGINE = InnoDB CHARACTER SET = utf8 COLLATE = utf8_bin ROW_FORMAT = Dynamic;

-- ----------------------------
-- Records of ACT_RU_EXECUTION
-- ----------------------------
INSERT INTO `ACT_RU_EXECUTION` VALUES ('006ae1ba-3838-11ea-aa63-00163e2e65eb', 1, '006ae1ba-3838-11ea-aa63-00163e2e65eb', '627901d2c68e469189224b66471c9676', NULL, 'jsite_leave:1:4f0c4be1-2df3-11ea-aa23-c85b7643dd9e', NULL, '006ae1ba-3838-11ea-aa63-00163e2e65eb', NULL, 1, 0, 1, 0, 0, 1, NULL, '', NULL, 'startevent1', '2020-01-16 16:12:56.455', 'jsite', NULL, 1, 0, 0, 0, 0, 0, 0, 0, 0, NULL, NULL);
INSERT INTO `ACT_RU_EXECUTION` VALUES ('006ae1bf-3838-11ea-aa63-00163e2e65eb', 1, '006ae1ba-3838-11ea-aa63-00163e2e65eb', NULL, '006ae1ba-3838-11ea-aa63-00163e2e65eb', 'jsite_leave:1:4f0c4be1-2df3-11ea-aa23-c85b7643dd9e', NULL, '006ae1ba-3838-11ea-aa63-00163e2e65eb', 'leave_leader_audit', 1, 0, 0, 0, 0, 1, NULL, '', NULL, NULL, '2020-01-16 16:12:56.455', NULL, NULL, 1, 0, 1, 0, 0, 0, 0, 0, 0, NULL, NULL);
INSERT INTO `ACT_RU_EXECUTION` VALUES ('1034b9e1-31f9-11ea-aa63-00163e2e65eb', 1, '1034b9e1-31f9-11ea-aa63-00163e2e65eb', '190b101831714360a8385c1d46a84df3', NULL, 'jsite_leave:1:4f0c4be1-2df3-11ea-aa23-c85b7643dd9e', NULL, '1034b9e1-31f9-11ea-aa63-00163e2e65eb', NULL, 1, 0, 1, 0, 0, 1, NULL, '', NULL, 'startevent1', '2020-01-08 17:27:17.673', 'jsite', NULL, 1, 0, 0, 0, 0, 0, 0, 0, 0, NULL, NULL);
INSERT INTO `ACT_RU_EXECUTION` VALUES ('1035cb56-31f9-11ea-aa63-00163e2e65eb', 1, '1034b9e1-31f9-11ea-aa63-00163e2e65eb', NULL, '1034b9e1-31f9-11ea-aa63-00163e2e65eb', 'jsite_leave:1:4f0c4be1-2df3-11ea-aa23-c85b7643dd9e', NULL, '1034b9e1-31f9-11ea-aa63-00163e2e65eb', 'leave_leader_audit', 1, 0, 0, 0, 0, 1, NULL, '', NULL, NULL, '2020-01-08 17:27:17.680', NULL, NULL, 1, 0, 1, 0, 0, 0, 0, 0, 0, NULL, NULL);
INSERT INTO `ACT_RU_EXECUTION` VALUES ('5da62737-32b9-11ea-aa63-00163e2e65eb', 1, '5da62737-32b9-11ea-aa63-00163e2e65eb', '346fbb981ff44d0eb231846927c61715', NULL, 'jsite_leave:1:4f0c4be1-2df3-11ea-aa23-c85b7643dd9e', NULL, '5da62737-32b9-11ea-aa63-00163e2e65eb', NULL, 1, 0, 1, 0, 0, 1, NULL, '', NULL, 'startevent1', '2020-01-09 16:23:50.973', 'jsite', NULL, 1, 0, 0, 0, 0, 0, 0, 0, 0, NULL, NULL);
INSERT INTO `ACT_RU_EXECUTION` VALUES ('5da64e4c-32b9-11ea-aa63-00163e2e65eb', 1, '5da62737-32b9-11ea-aa63-00163e2e65eb', NULL, '5da62737-32b9-11ea-aa63-00163e2e65eb', 'jsite_leave:1:4f0c4be1-2df3-11ea-aa23-c85b7643dd9e', NULL, '5da62737-32b9-11ea-aa63-00163e2e65eb', 'leave_leader_audit', 1, 0, 0, 0, 0, 1, NULL, '', NULL, NULL, '2020-01-09 16:23:50.974', NULL, NULL, 1, 0, 1, 0, 0, 0, 0, 0, 0, NULL, NULL);
INSERT INTO `ACT_RU_EXECUTION` VALUES ('66bf898f-3827-11ea-aa63-00163e2e65eb', 1, '66bf898f-3827-11ea-aa63-00163e2e65eb', '2d498acf528f46b395a00fcdf93b5c54', NULL, 'jsite_leave:1:4f0c4be1-2df3-11ea-aa23-c85b7643dd9e', NULL, '66bf898f-3827-11ea-aa63-00163e2e65eb', NULL, 1, 0, 1, 0, 0, 1, NULL, '', NULL, 'startevent1', '2020-01-16 14:14:06.693', 'jsite', NULL, 1, 0, 0, 0, 0, 0, 0, 0, 0, NULL, NULL);
INSERT INTO `ACT_RU_EXECUTION` VALUES ('66bf8994-3827-11ea-aa63-00163e2e65eb', 1, '66bf898f-3827-11ea-aa63-00163e2e65eb', NULL, '66bf898f-3827-11ea-aa63-00163e2e65eb', 'jsite_leave:1:4f0c4be1-2df3-11ea-aa23-c85b7643dd9e', NULL, '66bf898f-3827-11ea-aa63-00163e2e65eb', 'leave_leader_audit', 1, 0, 0, 0, 0, 1, NULL, '', NULL, NULL, '2020-01-16 14:14:06.693', NULL, NULL, 1, 0, 1, 0, 0, 0, 0, 0, 0, NULL, NULL);
INSERT INTO `ACT_RU_EXECUTION` VALUES ('8290f1e3-3387-11ea-aa63-00163e2e65eb', 1, '8290f1e3-3387-11ea-aa63-00163e2e65eb', '797aa0d32095404f9c5796fd3bb69545', NULL, 'jsite_leave:1:4f0c4be1-2df3-11ea-aa23-c85b7643dd9e', NULL, '8290f1e3-3387-11ea-aa63-00163e2e65eb', NULL, 1, 0, 1, 0, 0, 1, NULL, '', NULL, 'startevent1', '2020-01-10 16:59:29.236', 'jsite', NULL, 1, 0, 0, 0, 0, 0, 0, 0, 0, NULL, NULL);
INSERT INTO `ACT_RU_EXECUTION` VALUES ('829118f8-3387-11ea-aa63-00163e2e65eb', 1, '8290f1e3-3387-11ea-aa63-00163e2e65eb', NULL, '8290f1e3-3387-11ea-aa63-00163e2e65eb', 'jsite_leave:1:4f0c4be1-2df3-11ea-aa23-c85b7643dd9e', NULL, '8290f1e3-3387-11ea-aa63-00163e2e65eb', 'leave_leader_audit', 1, 0, 0, 0, 0, 1, NULL, '', NULL, NULL, '2020-01-10 16:59:29.237', NULL, NULL, 1, 0, 1, 0, 0, 0, 0, 0, 0, NULL, NULL);
INSERT INTO `ACT_RU_EXECUTION` VALUES ('8db9ba53-3379-11ea-aa63-00163e2e65eb', 1, '8db9ba53-3379-11ea-aa63-00163e2e65eb', '1a801d4529984f36998d9ac51851c353', NULL, 'jsite_leave:1:4f0c4be1-2df3-11ea-aa23-c85b7643dd9e', NULL, '8db9ba53-3379-11ea-aa63-00163e2e65eb', NULL, 1, 0, 1, 0, 0, 1, NULL, '', NULL, 'startevent1', '2020-01-10 15:19:35.004', 'dept', NULL, 1, 0, 0, 0, 0, 0, 0, 0, 0, NULL, NULL);
INSERT INTO `ACT_RU_EXECUTION` VALUES ('8db9e168-3379-11ea-aa63-00163e2e65eb', 1, '8db9ba53-3379-11ea-aa63-00163e2e65eb', NULL, '8db9ba53-3379-11ea-aa63-00163e2e65eb', 'jsite_leave:1:4f0c4be1-2df3-11ea-aa23-c85b7643dd9e', NULL, '8db9ba53-3379-11ea-aa63-00163e2e65eb', 'leave_leader_audit', 1, 0, 0, 0, 0, 1, NULL, '', NULL, NULL, '2020-01-10 15:19:35.005', NULL, NULL, 1, 0, 1, 0, 0, 0, 0, 0, 0, NULL, NULL);
INSERT INTO `ACT_RU_EXECUTION` VALUES ('c81fe553-36b7-11ea-aa63-00163e2e65eb', 1, 'c81fe553-36b7-11ea-aa63-00163e2e65eb', 'b393f21fd12648bb9c7cf79241e30b40', NULL, 'jsite_leave:1:4f0c4be1-2df3-11ea-aa23-c85b7643dd9e', NULL, 'c81fe553-36b7-11ea-aa63-00163e2e65eb', NULL, 1, 0, 1, 0, 0, 1, NULL, '', NULL, 'startevent1', '2020-01-14 18:22:35.267', 'jsite', NULL, 1, 0, 0, 0, 0, 0, 0, 0, 0, NULL, NULL);
INSERT INTO `ACT_RU_EXECUTION` VALUES ('c81fe558-36b7-11ea-aa63-00163e2e65eb', 1, 'c81fe553-36b7-11ea-aa63-00163e2e65eb', NULL, 'c81fe553-36b7-11ea-aa63-00163e2e65eb', 'jsite_leave:1:4f0c4be1-2df3-11ea-aa23-c85b7643dd9e', NULL, 'c81fe553-36b7-11ea-aa63-00163e2e65eb', 'leave_leader_audit', 1, 0, 0, 0, 0, 1, NULL, '', NULL, NULL, '2020-01-14 18:22:35.267', NULL, NULL, 1, 0, 1, 0, 0, 0, 0, 0, 0, NULL, NULL);
INSERT INTO `ACT_RU_EXECUTION` VALUES ('c87ffc92-32bd-11ea-aa63-00163e2e65eb', 1, 'c87ffc92-32bd-11ea-aa63-00163e2e65eb', 'dc37012c6fc649c3a82868288c8b5bd4', NULL, 'jsite_leave:1:4f0c4be1-2df3-11ea-aa23-c85b7643dd9e', NULL, 'c87ffc92-32bd-11ea-aa63-00163e2e65eb', NULL, 1, 0, 1, 0, 0, 1, NULL, '', NULL, 'startevent1', '2020-01-09 16:55:28.226', 'jsite', NULL, 1, 0, 0, 0, 0, 0, 0, 0, 0, NULL, NULL);
INSERT INTO `ACT_RU_EXECUTION` VALUES ('c87ffc97-32bd-11ea-aa63-00163e2e65eb', 1, 'c87ffc92-32bd-11ea-aa63-00163e2e65eb', NULL, 'c87ffc92-32bd-11ea-aa63-00163e2e65eb', 'jsite_leave:1:4f0c4be1-2df3-11ea-aa23-c85b7643dd9e', NULL, 'c87ffc92-32bd-11ea-aa63-00163e2e65eb', 'leave_leader_audit', 1, 0, 0, 0, 0, 1, NULL, '', NULL, NULL, '2020-01-09 16:55:28.226', NULL, NULL, 1, 0, 1, 0, 0, 0, 0, 0, 0, NULL, NULL);
INSERT INTO `ACT_RU_EXECUTION` VALUES ('dca4f015-4e48-11ea-9661-00163e2e65eb', 1, 'dca4f015-4e48-11ea-9661-00163e2e65eb', '8f483ff0ce954f8e83957de684124c36', NULL, 'jsite_leave:1:4f0c4be1-2df3-11ea-aa23-c85b7643dd9e', NULL, 'dca4f015-4e48-11ea-9661-00163e2e65eb', NULL, 1, 0, 1, 0, 0, 1, NULL, '', NULL, 'startevent1', '2020-02-13 18:09:03.463', 'jsite', NULL, 1, 0, 0, 0, 0, 0, 0, 0, 0, NULL, NULL);
INSERT INTO `ACT_RU_EXECUTION` VALUES ('dca5da7a-4e48-11ea-9661-00163e2e65eb', 1, 'dca4f015-4e48-11ea-9661-00163e2e65eb', NULL, 'dca4f015-4e48-11ea-9661-00163e2e65eb', 'jsite_leave:1:4f0c4be1-2df3-11ea-aa23-c85b7643dd9e', NULL, 'dca4f015-4e48-11ea-9661-00163e2e65eb', 'leave_leader_audit', 1, 0, 0, 0, 0, 1, NULL, '', NULL, NULL, '2020-02-13 18:09:03.469', NULL, NULL, 1, 0, 1, 0, 0, 0, 0, 0, 0, NULL, NULL);
INSERT INTO `ACT_RU_EXECUTION` VALUES ('de63bcf2-4bdf-11ea-9b4e-00163e2e65eb', 1, 'de63bcf2-4bdf-11ea-9b4e-00163e2e65eb', '42d4054b569745f181d2d369703e5998', NULL, 'jsite_leave:1:4f0c4be1-2df3-11ea-aa23-c85b7643dd9e', NULL, 'de63bcf2-4bdf-11ea-9b4e-00163e2e65eb', NULL, 1, 0, 1, 0, 0, 1, NULL, '', NULL, 'startevent1', '2020-02-10 16:32:26.908', 'dept', NULL, 1, 0, 0, 0, 0, 0, 0, 0, 0, NULL, NULL);
INSERT INTO `ACT_RU_EXECUTION` VALUES ('de648047-4bdf-11ea-9b4e-00163e2e65eb', 1, 'de63bcf2-4bdf-11ea-9b4e-00163e2e65eb', NULL, 'de63bcf2-4bdf-11ea-9b4e-00163e2e65eb', 'jsite_leave:1:4f0c4be1-2df3-11ea-aa23-c85b7643dd9e', NULL, 'de63bcf2-4bdf-11ea-9b4e-00163e2e65eb', 'leave_leader_audit', 1, 0, 0, 0, 0, 1, NULL, '', NULL, NULL, '2020-02-10 16:32:26.914', NULL, NULL, 1, 0, 1, 0, 0, 0, 0, 0, 0, NULL, NULL);
INSERT INTO `ACT_RU_EXECUTION` VALUES ('fc715bed-36a6-11ea-aa63-00163e2e65eb', 1, 'fc715bed-36a6-11ea-aa63-00163e2e65eb', 'eed2fae2591d46b3917cd0980e6c76a6', NULL, 'jsite_leave:1:4f0c4be1-2df3-11ea-aa23-c85b7643dd9e', NULL, 'fc715bed-36a6-11ea-aa63-00163e2e65eb', NULL, 1, 0, 1, 0, 0, 1, NULL, '', NULL, 'startevent1', '2020-01-14 16:22:21.598', 'jsite', NULL, 1, 0, 0, 0, 0, 0, 0, 0, 0, NULL, NULL);
INSERT INTO `ACT_RU_EXECUTION` VALUES ('fc718302-36a6-11ea-aa63-00163e2e65eb', 1, 'fc715bed-36a6-11ea-aa63-00163e2e65eb', NULL, 'fc715bed-36a6-11ea-aa63-00163e2e65eb', 'jsite_leave:1:4f0c4be1-2df3-11ea-aa23-c85b7643dd9e', NULL, 'fc715bed-36a6-11ea-aa63-00163e2e65eb', 'leave_leader_audit', 1, 0, 0, 0, 0, 1, NULL, '', NULL, NULL, '2020-01-14 16:22:21.599', NULL, NULL, 1, 0, 1, 0, 0, 0, 0, 0, 0, NULL, NULL);

-- ----------------------------
-- Table structure for ACT_RU_HISTORY_JOB
-- ----------------------------
DROP TABLE IF EXISTS `ACT_RU_HISTORY_JOB`;
CREATE TABLE `ACT_RU_HISTORY_JOB`  (
  `ID_` varchar(64) CHARACTER SET utf8 COLLATE utf8_bin NOT NULL,
  `REV_` int(11) NULL DEFAULT NULL,
  `LOCK_EXP_TIME_` timestamp(3) NULL DEFAULT NULL,
  `LOCK_OWNER_` varchar(255) CHARACTER SET utf8 COLLATE utf8_bin NULL DEFAULT NULL,
  `RETRIES_` int(11) NULL DEFAULT NULL,
  `EXCEPTION_STACK_ID_` varchar(64) CHARACTER SET utf8 COLLATE utf8_bin NULL DEFAULT NULL,
  `EXCEPTION_MSG_` varchar(4000) CHARACTER SET utf8 COLLATE utf8_bin NULL DEFAULT NULL,
  `HANDLER_TYPE_` varchar(255) CHARACTER SET utf8 COLLATE utf8_bin NULL DEFAULT NULL,
  `HANDLER_CFG_` varchar(4000) CHARACTER SET utf8 COLLATE utf8_bin NULL DEFAULT NULL,
  `CUSTOM_VALUES_ID_` varchar(64) CHARACTER SET utf8 COLLATE utf8_bin NULL DEFAULT NULL,
  `ADV_HANDLER_CFG_ID_` varchar(64) CHARACTER SET utf8 COLLATE utf8_bin NULL DEFAULT NULL,
  `CREATE_TIME_` timestamp(3) NULL DEFAULT NULL,
  `SCOPE_TYPE_` varchar(255) CHARACTER SET utf8 COLLATE utf8_bin NULL DEFAULT NULL,
  `TENANT_ID_` varchar(255) CHARACTER SET utf8 COLLATE utf8_bin NULL DEFAULT '',
  PRIMARY KEY (`ID_`) USING BTREE
) ENGINE = InnoDB CHARACTER SET = utf8 COLLATE = utf8_bin ROW_FORMAT = Dynamic;

-- ----------------------------
-- Table structure for ACT_RU_IDENTITYLINK
-- ----------------------------
DROP TABLE IF EXISTS `ACT_RU_IDENTITYLINK`;
CREATE TABLE `ACT_RU_IDENTITYLINK`  (
  `ID_` varchar(64) CHARACTER SET utf8 COLLATE utf8_bin NOT NULL,
  `REV_` int(11) NULL DEFAULT NULL,
  `GROUP_ID_` varchar(255) CHARACTER SET utf8 COLLATE utf8_bin NULL DEFAULT NULL,
  `TYPE_` varchar(255) CHARACTER SET utf8 COLLATE utf8_bin NULL DEFAULT NULL,
  `USER_ID_` varchar(255) CHARACTER SET utf8 COLLATE utf8_bin NULL DEFAULT NULL,
  `TASK_ID_` varchar(64) CHARACTER SET utf8 COLLATE utf8_bin NULL DEFAULT NULL,
  `PROC_INST_ID_` varchar(64) CHARACTER SET utf8 COLLATE utf8_bin NULL DEFAULT NULL,
  `PROC_DEF_ID_` varchar(64) CHARACTER SET utf8 COLLATE utf8_bin NULL DEFAULT NULL,
  `SCOPE_ID_` varchar(255) CHARACTER SET utf8 COLLATE utf8_bin NULL DEFAULT NULL,
  `SCOPE_TYPE_` varchar(255) CHARACTER SET utf8 COLLATE utf8_bin NULL DEFAULT NULL,
  `SCOPE_DEFINITION_ID_` varchar(255) CHARACTER SET utf8 COLLATE utf8_bin NULL DEFAULT NULL,
  PRIMARY KEY (`ID_`) USING BTREE,
  INDEX `ACT_IDX_IDENT_LNK_USER`(`USER_ID_`) USING BTREE,
  INDEX `ACT_IDX_IDENT_LNK_GROUP`(`GROUP_ID_`) USING BTREE,
  INDEX `ACT_IDX_IDENT_LNK_SCOPE`(`SCOPE_ID_`, `SCOPE_TYPE_`) USING BTREE,
  INDEX `ACT_IDX_IDENT_LNK_SCOPE_DEF`(`SCOPE_DEFINITION_ID_`, `SCOPE_TYPE_`) USING BTREE,
  INDEX `ACT_IDX_ATHRZ_PROCEDEF`(`PROC_DEF_ID_`) USING BTREE,
  INDEX `ACT_FK_TSKASS_TASK`(`TASK_ID_`) USING BTREE,
  INDEX `ACT_FK_IDL_PROCINST`(`PROC_INST_ID_`) USING BTREE,
  CONSTRAINT `ACT_FK_ATHRZ_PROCEDEF` FOREIGN KEY (`PROC_DEF_ID_`) REFERENCES `ACT_RE_PROCDEF` (`ID_`) ON DELETE RESTRICT ON UPDATE RESTRICT,
  CONSTRAINT `ACT_FK_IDL_PROCINST` FOREIGN KEY (`PROC_INST_ID_`) REFERENCES `ACT_RU_EXECUTION` (`ID_`) ON DELETE RESTRICT ON UPDATE RESTRICT,
  CONSTRAINT `ACT_FK_TSKASS_TASK` FOREIGN KEY (`TASK_ID_`) REFERENCES `ACT_RU_TASK` (`ID_`) ON DELETE RESTRICT ON UPDATE RESTRICT
) ENGINE = InnoDB CHARACTER SET = utf8 COLLATE = utf8_bin ROW_FORMAT = Dynamic;

-- ----------------------------
-- Records of ACT_RU_IDENTITYLINK
-- ----------------------------
INSERT INTO `ACT_RU_IDENTITYLINK` VALUES ('006ae1bc-3838-11ea-aa63-00163e2e65eb', 1, NULL, 'starter', 'jsite', NULL, '006ae1ba-3838-11ea-aa63-00163e2e65eb', NULL, NULL, NULL, NULL);
INSERT INTO `ACT_RU_IDENTITYLINK` VALUES ('006b08d4-3838-11ea-aa63-00163e2e65eb', 1, NULL, 'participant', 'jsitehr', NULL, '006ae1ba-3838-11ea-aa63-00163e2e65eb', NULL, NULL, NULL, NULL);
INSERT INTO `ACT_RU_IDENTITYLINK` VALUES ('10357d33-31f9-11ea-aa63-00163e2e65eb', 1, NULL, 'starter', 'jsite', NULL, '1034b9e1-31f9-11ea-aa63-00163e2e65eb', NULL, NULL, NULL, NULL);
INSERT INTO `ACT_RU_IDENTITYLINK` VALUES ('103c5b0b-31f9-11ea-aa63-00163e2e65eb', 1, NULL, 'participant', 'jsitehr', NULL, '1034b9e1-31f9-11ea-aa63-00163e2e65eb', NULL, NULL, NULL, NULL);
INSERT INTO `ACT_RU_IDENTITYLINK` VALUES ('5da64e49-32b9-11ea-aa63-00163e2e65eb', 1, NULL, 'starter', 'jsite', NULL, '5da62737-32b9-11ea-aa63-00163e2e65eb', NULL, NULL, NULL, NULL);
INSERT INTO `ACT_RU_IDENTITYLINK` VALUES ('5da67561-32b9-11ea-aa63-00163e2e65eb', 1, NULL, 'participant', 'jsiteuser', NULL, '5da62737-32b9-11ea-aa63-00163e2e65eb', NULL, NULL, NULL, NULL);
INSERT INTO `ACT_RU_IDENTITYLINK` VALUES ('66bf8991-3827-11ea-aa63-00163e2e65eb', 1, NULL, 'starter', 'jsite', NULL, '66bf898f-3827-11ea-aa63-00163e2e65eb', NULL, NULL, NULL, NULL);
INSERT INTO `ACT_RU_IDENTITYLINK` VALUES ('66bfb0a9-3827-11ea-aa63-00163e2e65eb', 1, NULL, 'participant', 'jsitehr', NULL, '66bf898f-3827-11ea-aa63-00163e2e65eb', NULL, NULL, NULL, NULL);
INSERT INTO `ACT_RU_IDENTITYLINK` VALUES ('8290f1e5-3387-11ea-aa63-00163e2e65eb', 1, NULL, 'starter', 'jsite', NULL, '8290f1e3-3387-11ea-aa63-00163e2e65eb', NULL, NULL, NULL, NULL);
INSERT INTO `ACT_RU_IDENTITYLINK` VALUES ('829118fd-3387-11ea-aa63-00163e2e65eb', 1, NULL, 'participant', 'jsitehr', NULL, '8290f1e3-3387-11ea-aa63-00163e2e65eb', NULL, NULL, NULL, NULL);
INSERT INTO `ACT_RU_IDENTITYLINK` VALUES ('8db9e165-3379-11ea-aa63-00163e2e65eb', 1, NULL, 'starter', 'dept', NULL, '8db9ba53-3379-11ea-aa63-00163e2e65eb', NULL, NULL, NULL, NULL);
INSERT INTO `ACT_RU_IDENTITYLINK` VALUES ('8db9e16d-3379-11ea-aa63-00163e2e65eb', 1, NULL, 'participant', 'jsitehr', NULL, '8db9ba53-3379-11ea-aa63-00163e2e65eb', NULL, NULL, NULL, NULL);
INSERT INTO `ACT_RU_IDENTITYLINK` VALUES ('c81fe555-36b7-11ea-aa63-00163e2e65eb', 1, NULL, 'starter', 'jsite', NULL, 'c81fe553-36b7-11ea-aa63-00163e2e65eb', NULL, NULL, NULL, NULL);
INSERT INTO `ACT_RU_IDENTITYLINK` VALUES ('c8200c6d-36b7-11ea-aa63-00163e2e65eb', 1, NULL, 'participant', 'jsiteuser', NULL, 'c81fe553-36b7-11ea-aa63-00163e2e65eb', NULL, NULL, NULL, NULL);
INSERT INTO `ACT_RU_IDENTITYLINK` VALUES ('c87ffc94-32bd-11ea-aa63-00163e2e65eb', 1, NULL, 'starter', 'jsite', NULL, 'c87ffc92-32bd-11ea-aa63-00163e2e65eb', NULL, NULL, NULL, NULL);
INSERT INTO `ACT_RU_IDENTITYLINK` VALUES ('c88023ac-32bd-11ea-aa63-00163e2e65eb', 1, NULL, 'participant', 'jsitehr', NULL, 'c87ffc92-32bd-11ea-aa63-00163e2e65eb', NULL, NULL, NULL, NULL);
INSERT INTO `ACT_RU_IDENTITYLINK` VALUES ('dca5b367-4e48-11ea-9661-00163e2e65eb', 1, NULL, 'starter', 'jsite', NULL, 'dca4f015-4e48-11ea-9661-00163e2e65eb', NULL, NULL, NULL, NULL);
INSERT INTO `ACT_RU_IDENTITYLINK` VALUES ('dcac6a2f-4e48-11ea-9661-00163e2e65eb', 1, NULL, 'participant', 'jsiteuser', NULL, 'dca4f015-4e48-11ea-9661-00163e2e65eb', NULL, NULL, NULL, NULL);
INSERT INTO `ACT_RU_IDENTITYLINK` VALUES ('de645934-4bdf-11ea-9b4e-00163e2e65eb', 1, NULL, 'starter', 'dept', NULL, 'de63bcf2-4bdf-11ea-9b4e-00163e2e65eb', NULL, NULL, NULL, NULL);
INSERT INTO `ACT_RU_IDENTITYLINK` VALUES ('de6e444c-4bdf-11ea-9b4e-00163e2e65eb', 1, NULL, 'participant', 'jsitehr', NULL, 'de63bcf2-4bdf-11ea-9b4e-00163e2e65eb', NULL, NULL, NULL, NULL);
INSERT INTO `ACT_RU_IDENTITYLINK` VALUES ('fc715bef-36a6-11ea-aa63-00163e2e65eb', 1, NULL, 'starter', 'jsite', NULL, 'fc715bed-36a6-11ea-aa63-00163e2e65eb', NULL, NULL, NULL, NULL);
INSERT INTO `ACT_RU_IDENTITYLINK` VALUES ('fc718307-36a6-11ea-aa63-00163e2e65eb', 1, NULL, 'participant', 'jsitehr', NULL, 'fc715bed-36a6-11ea-aa63-00163e2e65eb', NULL, NULL, NULL, NULL);

-- ----------------------------
-- Table structure for ACT_RU_JOB
-- ----------------------------
DROP TABLE IF EXISTS `ACT_RU_JOB`;
CREATE TABLE `ACT_RU_JOB`  (
  `ID_` varchar(64) CHARACTER SET utf8 COLLATE utf8_bin NOT NULL,
  `REV_` int(11) NULL DEFAULT NULL,
  `TYPE_` varchar(255) CHARACTER SET utf8 COLLATE utf8_bin NOT NULL,
  `LOCK_EXP_TIME_` timestamp(3) NULL DEFAULT NULL,
  `LOCK_OWNER_` varchar(255) CHARACTER SET utf8 COLLATE utf8_bin NULL DEFAULT NULL,
  `EXCLUSIVE_` tinyint(1) NULL DEFAULT NULL,
  `EXECUTION_ID_` varchar(64) CHARACTER SET utf8 COLLATE utf8_bin NULL DEFAULT NULL,
  `PROCESS_INSTANCE_ID_` varchar(64) CHARACTER SET utf8 COLLATE utf8_bin NULL DEFAULT NULL,
  `PROC_DEF_ID_` varchar(64) CHARACTER SET utf8 COLLATE utf8_bin NULL DEFAULT NULL,
  `SCOPE_ID_` varchar(255) CHARACTER SET utf8 COLLATE utf8_bin NULL DEFAULT NULL,
  `SUB_SCOPE_ID_` varchar(255) CHARACTER SET utf8 COLLATE utf8_bin NULL DEFAULT NULL,
  `SCOPE_TYPE_` varchar(255) CHARACTER SET utf8 COLLATE utf8_bin NULL DEFAULT NULL,
  `SCOPE_DEFINITION_ID_` varchar(255) CHARACTER SET utf8 COLLATE utf8_bin NULL DEFAULT NULL,
  `RETRIES_` int(11) NULL DEFAULT NULL,
  `EXCEPTION_STACK_ID_` varchar(64) CHARACTER SET utf8 COLLATE utf8_bin NULL DEFAULT NULL,
  `EXCEPTION_MSG_` varchar(4000) CHARACTER SET utf8 COLLATE utf8_bin NULL DEFAULT NULL,
  `DUEDATE_` timestamp(3) NULL DEFAULT NULL,
  `REPEAT_` varchar(255) CHARACTER SET utf8 COLLATE utf8_bin NULL DEFAULT NULL,
  `HANDLER_TYPE_` varchar(255) CHARACTER SET utf8 COLLATE utf8_bin NULL DEFAULT NULL,
  `HANDLER_CFG_` varchar(4000) CHARACTER SET utf8 COLLATE utf8_bin NULL DEFAULT NULL,
  `CUSTOM_VALUES_ID_` varchar(64) CHARACTER SET utf8 COLLATE utf8_bin NULL DEFAULT NULL,
  `CREATE_TIME_` timestamp(3) NULL DEFAULT NULL,
  `TENANT_ID_` varchar(255) CHARACTER SET utf8 COLLATE utf8_bin NULL DEFAULT '',
  PRIMARY KEY (`ID_`) USING BTREE,
  INDEX `ACT_IDX_JOB_EXCEPTION_STACK_ID`(`EXCEPTION_STACK_ID_`) USING BTREE,
  INDEX `ACT_IDX_JOB_CUSTOM_VALUES_ID`(`CUSTOM_VALUES_ID_`) USING BTREE,
  INDEX `ACT_IDX_JOB_SCOPE`(`SCOPE_ID_`, `SCOPE_TYPE_`) USING BTREE,
  INDEX `ACT_IDX_JOB_SUB_SCOPE`(`SUB_SCOPE_ID_`, `SCOPE_TYPE_`) USING BTREE,
  INDEX `ACT_IDX_JOB_SCOPE_DEF`(`SCOPE_DEFINITION_ID_`, `SCOPE_TYPE_`) USING BTREE,
  INDEX `ACT_FK_JOB_EXECUTION`(`EXECUTION_ID_`) USING BTREE,
  INDEX `ACT_FK_JOB_PROCESS_INSTANCE`(`PROCESS_INSTANCE_ID_`) USING BTREE,
  INDEX `ACT_FK_JOB_PROC_DEF`(`PROC_DEF_ID_`) USING BTREE,
  CONSTRAINT `ACT_FK_JOB_CUSTOM_VALUES` FOREIGN KEY (`CUSTOM_VALUES_ID_`) REFERENCES `ACT_GE_BYTEARRAY` (`ID_`) ON DELETE RESTRICT ON UPDATE RESTRICT,
  CONSTRAINT `ACT_FK_JOB_EXCEPTION` FOREIGN KEY (`EXCEPTION_STACK_ID_`) REFERENCES `ACT_GE_BYTEARRAY` (`ID_`) ON DELETE RESTRICT ON UPDATE RESTRICT,
  CONSTRAINT `ACT_FK_JOB_EXECUTION` FOREIGN KEY (`EXECUTION_ID_`) REFERENCES `ACT_RU_EXECUTION` (`ID_`) ON DELETE RESTRICT ON UPDATE RESTRICT,
  CONSTRAINT `ACT_FK_JOB_PROCESS_INSTANCE` FOREIGN KEY (`PROCESS_INSTANCE_ID_`) REFERENCES `ACT_RU_EXECUTION` (`ID_`) ON DELETE RESTRICT ON UPDATE RESTRICT,
  CONSTRAINT `ACT_FK_JOB_PROC_DEF` FOREIGN KEY (`PROC_DEF_ID_`) REFERENCES `ACT_RE_PROCDEF` (`ID_`) ON DELETE RESTRICT ON UPDATE RESTRICT
) ENGINE = InnoDB CHARACTER SET = utf8 COLLATE = utf8_bin ROW_FORMAT = Dynamic;

-- ----------------------------
-- Table structure for ACT_RU_SUSPENDED_JOB
-- ----------------------------
DROP TABLE IF EXISTS `ACT_RU_SUSPENDED_JOB`;
CREATE TABLE `ACT_RU_SUSPENDED_JOB`  (
  `ID_` varchar(64) CHARACTER SET utf8 COLLATE utf8_bin NOT NULL,
  `REV_` int(11) NULL DEFAULT NULL,
  `TYPE_` varchar(255) CHARACTER SET utf8 COLLATE utf8_bin NOT NULL,
  `EXCLUSIVE_` tinyint(1) NULL DEFAULT NULL,
  `EXECUTION_ID_` varchar(64) CHARACTER SET utf8 COLLATE utf8_bin NULL DEFAULT NULL,
  `PROCESS_INSTANCE_ID_` varchar(64) CHARACTER SET utf8 COLLATE utf8_bin NULL DEFAULT NULL,
  `PROC_DEF_ID_` varchar(64) CHARACTER SET utf8 COLLATE utf8_bin NULL DEFAULT NULL,
  `SCOPE_ID_` varchar(255) CHARACTER SET utf8 COLLATE utf8_bin NULL DEFAULT NULL,
  `SUB_SCOPE_ID_` varchar(255) CHARACTER SET utf8 COLLATE utf8_bin NULL DEFAULT NULL,
  `SCOPE_TYPE_` varchar(255) CHARACTER SET utf8 COLLATE utf8_bin NULL DEFAULT NULL,
  `SCOPE_DEFINITION_ID_` varchar(255) CHARACTER SET utf8 COLLATE utf8_bin NULL DEFAULT NULL,
  `RETRIES_` int(11) NULL DEFAULT NULL,
  `EXCEPTION_STACK_ID_` varchar(64) CHARACTER SET utf8 COLLATE utf8_bin NULL DEFAULT NULL,
  `EXCEPTION_MSG_` varchar(4000) CHARACTER SET utf8 COLLATE utf8_bin NULL DEFAULT NULL,
  `DUEDATE_` timestamp(3) NULL DEFAULT NULL,
  `REPEAT_` varchar(255) CHARACTER SET utf8 COLLATE utf8_bin NULL DEFAULT NULL,
  `HANDLER_TYPE_` varchar(255) CHARACTER SET utf8 COLLATE utf8_bin NULL DEFAULT NULL,
  `HANDLER_CFG_` varchar(4000) CHARACTER SET utf8 COLLATE utf8_bin NULL DEFAULT NULL,
  `CUSTOM_VALUES_ID_` varchar(64) CHARACTER SET utf8 COLLATE utf8_bin NULL DEFAULT NULL,
  `CREATE_TIME_` timestamp(3) NULL DEFAULT NULL,
  `TENANT_ID_` varchar(255) CHARACTER SET utf8 COLLATE utf8_bin NULL DEFAULT '',
  PRIMARY KEY (`ID_`) USING BTREE,
  INDEX `ACT_IDX_SUSPENDED_JOB_EXCEPTION_STACK_ID`(`EXCEPTION_STACK_ID_`) USING BTREE,
  INDEX `ACT_IDX_SUSPENDED_JOB_CUSTOM_VALUES_ID`(`CUSTOM_VALUES_ID_`) USING BTREE,
  INDEX `ACT_IDX_SJOB_SCOPE`(`SCOPE_ID_`, `SCOPE_TYPE_`) USING BTREE,
  INDEX `ACT_IDX_SJOB_SUB_SCOPE`(`SUB_SCOPE_ID_`, `SCOPE_TYPE_`) USING BTREE,
  INDEX `ACT_IDX_SJOB_SCOPE_DEF`(`SCOPE_DEFINITION_ID_`, `SCOPE_TYPE_`) USING BTREE,
  INDEX `ACT_FK_SUSPENDED_JOB_EXECUTION`(`EXECUTION_ID_`) USING BTREE,
  INDEX `ACT_FK_SUSPENDED_JOB_PROCESS_INSTANCE`(`PROCESS_INSTANCE_ID_`) USING BTREE,
  INDEX `ACT_FK_SUSPENDED_JOB_PROC_DEF`(`PROC_DEF_ID_`) USING BTREE,
  CONSTRAINT `ACT_FK_SUSPENDED_JOB_CUSTOM_VALUES` FOREIGN KEY (`CUSTOM_VALUES_ID_`) REFERENCES `ACT_GE_BYTEARRAY` (`ID_`) ON DELETE RESTRICT ON UPDATE RESTRICT,
  CONSTRAINT `ACT_FK_SUSPENDED_JOB_EXCEPTION` FOREIGN KEY (`EXCEPTION_STACK_ID_`) REFERENCES `ACT_GE_BYTEARRAY` (`ID_`) ON DELETE RESTRICT ON UPDATE RESTRICT,
  CONSTRAINT `ACT_FK_SUSPENDED_JOB_EXECUTION` FOREIGN KEY (`EXECUTION_ID_`) REFERENCES `ACT_RU_EXECUTION` (`ID_`) ON DELETE RESTRICT ON UPDATE RESTRICT,
  CONSTRAINT `ACT_FK_SUSPENDED_JOB_PROCESS_INSTANCE` FOREIGN KEY (`PROCESS_INSTANCE_ID_`) REFERENCES `ACT_RU_EXECUTION` (`ID_`) ON DELETE RESTRICT ON UPDATE RESTRICT,
  CONSTRAINT `ACT_FK_SUSPENDED_JOB_PROC_DEF` FOREIGN KEY (`PROC_DEF_ID_`) REFERENCES `ACT_RE_PROCDEF` (`ID_`) ON DELETE RESTRICT ON UPDATE RESTRICT
) ENGINE = InnoDB CHARACTER SET = utf8 COLLATE = utf8_bin ROW_FORMAT = Dynamic;

-- ----------------------------
-- Table structure for ACT_RU_TASK
-- ----------------------------
DROP TABLE IF EXISTS `ACT_RU_TASK`;
CREATE TABLE `ACT_RU_TASK`  (
  `ID_` varchar(64) CHARACTER SET utf8 COLLATE utf8_bin NOT NULL,
  `REV_` int(11) NULL DEFAULT NULL,
  `EXECUTION_ID_` varchar(64) CHARACTER SET utf8 COLLATE utf8_bin NULL DEFAULT NULL,
  `PROC_INST_ID_` varchar(64) CHARACTER SET utf8 COLLATE utf8_bin NULL DEFAULT NULL,
  `PROC_DEF_ID_` varchar(64) CHARACTER SET utf8 COLLATE utf8_bin NULL DEFAULT NULL,
  `TASK_DEF_ID_` varchar(64) CHARACTER SET utf8 COLLATE utf8_bin NULL DEFAULT NULL,
  `SCOPE_ID_` varchar(255) CHARACTER SET utf8 COLLATE utf8_bin NULL DEFAULT NULL,
  `SUB_SCOPE_ID_` varchar(255) CHARACTER SET utf8 COLLATE utf8_bin NULL DEFAULT NULL,
  `SCOPE_TYPE_` varchar(255) CHARACTER SET utf8 COLLATE utf8_bin NULL DEFAULT NULL,
  `SCOPE_DEFINITION_ID_` varchar(255) CHARACTER SET utf8 COLLATE utf8_bin NULL DEFAULT NULL,
  `NAME_` varchar(255) CHARACTER SET utf8 COLLATE utf8_bin NULL DEFAULT NULL,
  `PARENT_TASK_ID_` varchar(64) CHARACTER SET utf8 COLLATE utf8_bin NULL DEFAULT NULL,
  `DESCRIPTION_` varchar(4000) CHARACTER SET utf8 COLLATE utf8_bin NULL DEFAULT NULL,
  `TASK_DEF_KEY_` varchar(255) CHARACTER SET utf8 COLLATE utf8_bin NULL DEFAULT NULL,
  `OWNER_` varchar(255) CHARACTER SET utf8 COLLATE utf8_bin NULL DEFAULT NULL,
  `ASSIGNEE_` varchar(255) CHARACTER SET utf8 COLLATE utf8_bin NULL DEFAULT NULL,
  `DELEGATION_` varchar(64) CHARACTER SET utf8 COLLATE utf8_bin NULL DEFAULT NULL,
  `PRIORITY_` int(11) NULL DEFAULT NULL,
  `CREATE_TIME_` timestamp(3) NULL DEFAULT NULL,
  `DUE_DATE_` datetime(3) NULL DEFAULT NULL,
  `CATEGORY_` varchar(255) CHARACTER SET utf8 COLLATE utf8_bin NULL DEFAULT NULL,
  `SUSPENSION_STATE_` int(11) NULL DEFAULT NULL,
  `TENANT_ID_` varchar(255) CHARACTER SET utf8 COLLATE utf8_bin NULL DEFAULT '',
  `FORM_KEY_` varchar(255) CHARACTER SET utf8 COLLATE utf8_bin NULL DEFAULT NULL,
  `CLAIM_TIME_` datetime(3) NULL DEFAULT NULL,
  `IS_COUNT_ENABLED_` tinyint(4) NULL DEFAULT NULL,
  `VAR_COUNT_` int(11) NULL DEFAULT NULL,
  `ID_LINK_COUNT_` int(11) NULL DEFAULT NULL,
  `SUB_TASK_COUNT_` int(11) NULL DEFAULT NULL,
  PRIMARY KEY (`ID_`) USING BTREE,
  INDEX `ACT_IDX_TASK_CREATE`(`CREATE_TIME_`) USING BTREE,
  INDEX `ACT_IDX_TASK_SCOPE`(`SCOPE_ID_`, `SCOPE_TYPE_`) USING BTREE,
  INDEX `ACT_IDX_TASK_SUB_SCOPE`(`SUB_SCOPE_ID_`, `SCOPE_TYPE_`) USING BTREE,
  INDEX `ACT_IDX_TASK_SCOPE_DEF`(`SCOPE_DEFINITION_ID_`, `SCOPE_TYPE_`) USING BTREE,
  INDEX `ACT_FK_TASK_EXE`(`EXECUTION_ID_`) USING BTREE,
  INDEX `ACT_FK_TASK_PROCINST`(`PROC_INST_ID_`) USING BTREE,
  INDEX `ACT_FK_TASK_PROCDEF`(`PROC_DEF_ID_`) USING BTREE,
  CONSTRAINT `ACT_FK_TASK_EXE` FOREIGN KEY (`EXECUTION_ID_`) REFERENCES `ACT_RU_EXECUTION` (`ID_`) ON DELETE RESTRICT ON UPDATE RESTRICT,
  CONSTRAINT `ACT_FK_TASK_PROCDEF` FOREIGN KEY (`PROC_DEF_ID_`) REFERENCES `ACT_RE_PROCDEF` (`ID_`) ON DELETE RESTRICT ON UPDATE RESTRICT,
  CONSTRAINT `ACT_FK_TASK_PROCINST` FOREIGN KEY (`PROC_INST_ID_`) REFERENCES `ACT_RU_EXECUTION` (`ID_`) ON DELETE RESTRICT ON UPDATE RESTRICT
) ENGINE = InnoDB CHARACTER SET = utf8 COLLATE = utf8_bin ROW_FORMAT = Dynamic;

-- ----------------------------
-- Records of ACT_RU_TASK
-- ----------------------------
INSERT INTO `ACT_RU_TASK` VALUES ('006ae1c2-3838-11ea-aa63-00163e2e65eb', 1, '006ae1bf-3838-11ea-aa63-00163e2e65eb', '006ae1ba-3838-11ea-aa63-00163e2e65eb', 'jsite_leave:1:4f0c4be1-2df3-11ea-aa23-c85b7643dd9e', NULL, NULL, NULL, NULL, NULL, '领导审批', NULL, NULL, 'leave_leader_audit', NULL, 'jsitehr', NULL, 50, '2020-01-16 16:12:56.455', NULL, NULL, 1, '', 'leave_leader_audit', NULL, 1, 0, 0, 0);
INSERT INTO `ACT_RU_TASK` VALUES ('103bbec9-31f9-11ea-aa63-00163e2e65eb', 1, '1035cb56-31f9-11ea-aa63-00163e2e65eb', '1034b9e1-31f9-11ea-aa63-00163e2e65eb', 'jsite_leave:1:4f0c4be1-2df3-11ea-aa23-c85b7643dd9e', NULL, NULL, NULL, NULL, NULL, '领导审批', NULL, NULL, 'leave_leader_audit', NULL, 'jsitehr', NULL, 50, '2020-01-08 17:27:17.691', NULL, NULL, 1, '', 'leave_leader_audit', NULL, 1, 0, 0, 0);
INSERT INTO `ACT_RU_TASK` VALUES ('5da64e4f-32b9-11ea-aa63-00163e2e65eb', 1, '5da64e4c-32b9-11ea-aa63-00163e2e65eb', '5da62737-32b9-11ea-aa63-00163e2e65eb', 'jsite_leave:1:4f0c4be1-2df3-11ea-aa23-c85b7643dd9e', NULL, NULL, NULL, NULL, NULL, '领导审批', NULL, NULL, 'leave_leader_audit', NULL, 'jsiteuser', NULL, 50, '2020-01-09 16:23:50.974', NULL, NULL, 1, '', 'leave_leader_audit', NULL, 1, 0, 0, 0);
INSERT INTO `ACT_RU_TASK` VALUES ('66bfb0a7-3827-11ea-aa63-00163e2e65eb', 1, '66bf8994-3827-11ea-aa63-00163e2e65eb', '66bf898f-3827-11ea-aa63-00163e2e65eb', 'jsite_leave:1:4f0c4be1-2df3-11ea-aa23-c85b7643dd9e', NULL, NULL, NULL, NULL, NULL, '领导审批', NULL, NULL, 'leave_leader_audit', NULL, 'jsitehr', NULL, 50, '2020-01-16 14:14:06.694', NULL, NULL, 1, '', 'leave_leader_audit', NULL, 1, 0, 0, 0);
INSERT INTO `ACT_RU_TASK` VALUES ('829118fb-3387-11ea-aa63-00163e2e65eb', 1, '829118f8-3387-11ea-aa63-00163e2e65eb', '8290f1e3-3387-11ea-aa63-00163e2e65eb', 'jsite_leave:1:4f0c4be1-2df3-11ea-aa23-c85b7643dd9e', NULL, NULL, NULL, NULL, NULL, '领导审批', NULL, NULL, 'leave_leader_audit', NULL, 'jsitehr', NULL, 50, '2020-01-10 16:59:29.237', NULL, NULL, 1, '', 'leave_leader_audit', NULL, 1, 0, 0, 0);
INSERT INTO `ACT_RU_TASK` VALUES ('8db9e16b-3379-11ea-aa63-00163e2e65eb', 1, '8db9e168-3379-11ea-aa63-00163e2e65eb', '8db9ba53-3379-11ea-aa63-00163e2e65eb', 'jsite_leave:1:4f0c4be1-2df3-11ea-aa23-c85b7643dd9e', NULL, NULL, NULL, NULL, NULL, '领导审批', NULL, NULL, 'leave_leader_audit', NULL, 'jsitehr', NULL, 50, '2020-01-10 15:19:35.005', NULL, NULL, 1, '', 'leave_leader_audit', NULL, 1, 0, 0, 0);
INSERT INTO `ACT_RU_TASK` VALUES ('c8200c6b-36b7-11ea-aa63-00163e2e65eb', 1, 'c81fe558-36b7-11ea-aa63-00163e2e65eb', 'c81fe553-36b7-11ea-aa63-00163e2e65eb', 'jsite_leave:1:4f0c4be1-2df3-11ea-aa23-c85b7643dd9e', NULL, NULL, NULL, NULL, NULL, '领导审批', NULL, NULL, 'leave_leader_audit', NULL, 'jsiteuser', NULL, 50, '2020-01-14 18:22:35.268', NULL, NULL, 1, '', 'leave_leader_audit', NULL, 1, 0, 0, 0);
INSERT INTO `ACT_RU_TASK` VALUES ('c88023aa-32bd-11ea-aa63-00163e2e65eb', 1, 'c87ffc97-32bd-11ea-aa63-00163e2e65eb', 'c87ffc92-32bd-11ea-aa63-00163e2e65eb', 'jsite_leave:1:4f0c4be1-2df3-11ea-aa23-c85b7643dd9e', NULL, NULL, NULL, NULL, NULL, '领导审批', NULL, NULL, 'leave_leader_audit', NULL, 'jsitehr', NULL, 50, '2020-01-09 16:55:28.227', NULL, NULL, 1, '', 'leave_leader_audit', NULL, 1, 0, 0, 0);
INSERT INTO `ACT_RU_TASK` VALUES ('dcab7fcd-4e48-11ea-9661-00163e2e65eb', 1, 'dca5da7a-4e48-11ea-9661-00163e2e65eb', 'dca4f015-4e48-11ea-9661-00163e2e65eb', 'jsite_leave:1:4f0c4be1-2df3-11ea-aa23-c85b7643dd9e', NULL, NULL, NULL, NULL, NULL, '领导审批', NULL, NULL, 'leave_leader_audit', NULL, 'jsiteuser', NULL, 50, '2020-02-13 18:09:03.478', NULL, NULL, 1, '', 'leave_leader_audit', NULL, 1, 0, 0, 0);
INSERT INTO `ACT_RU_TASK` VALUES ('de6d80fa-4bdf-11ea-9b4e-00163e2e65eb', 1, 'de648047-4bdf-11ea-9b4e-00163e2e65eb', 'de63bcf2-4bdf-11ea-9b4e-00163e2e65eb', 'jsite_leave:1:4f0c4be1-2df3-11ea-aa23-c85b7643dd9e', NULL, NULL, NULL, NULL, NULL, '领导审批', NULL, NULL, 'leave_leader_audit', NULL, 'jsitehr', NULL, 50, '2020-02-10 16:32:26.927', NULL, NULL, 1, '', 'leave_leader_audit', NULL, 1, 0, 0, 0);
INSERT INTO `ACT_RU_TASK` VALUES ('fc718305-36a6-11ea-aa63-00163e2e65eb', 1, 'fc718302-36a6-11ea-aa63-00163e2e65eb', 'fc715bed-36a6-11ea-aa63-00163e2e65eb', 'jsite_leave:1:4f0c4be1-2df3-11ea-aa23-c85b7643dd9e', NULL, NULL, NULL, NULL, NULL, '领导审批', NULL, NULL, 'leave_leader_audit', NULL, 'jsitehr', NULL, 50, '2020-01-14 16:22:21.599', NULL, NULL, 1, '', 'leave_leader_audit', NULL, 1, 0, 0, 0);

-- ----------------------------
-- Table structure for ACT_RU_TIMER_JOB
-- ----------------------------
DROP TABLE IF EXISTS `ACT_RU_TIMER_JOB`;
CREATE TABLE `ACT_RU_TIMER_JOB`  (
  `ID_` varchar(64) CHARACTER SET utf8 COLLATE utf8_bin NOT NULL,
  `REV_` int(11) NULL DEFAULT NULL,
  `TYPE_` varchar(255) CHARACTER SET utf8 COLLATE utf8_bin NOT NULL,
  `LOCK_EXP_TIME_` timestamp(3) NULL DEFAULT NULL,
  `LOCK_OWNER_` varchar(255) CHARACTER SET utf8 COLLATE utf8_bin NULL DEFAULT NULL,
  `EXCLUSIVE_` tinyint(1) NULL DEFAULT NULL,
  `EXECUTION_ID_` varchar(64) CHARACTER SET utf8 COLLATE utf8_bin NULL DEFAULT NULL,
  `PROCESS_INSTANCE_ID_` varchar(64) CHARACTER SET utf8 COLLATE utf8_bin NULL DEFAULT NULL,
  `PROC_DEF_ID_` varchar(64) CHARACTER SET utf8 COLLATE utf8_bin NULL DEFAULT NULL,
  `SCOPE_ID_` varchar(255) CHARACTER SET utf8 COLLATE utf8_bin NULL DEFAULT NULL,
  `SUB_SCOPE_ID_` varchar(255) CHARACTER SET utf8 COLLATE utf8_bin NULL DEFAULT NULL,
  `SCOPE_TYPE_` varchar(255) CHARACTER SET utf8 COLLATE utf8_bin NULL DEFAULT NULL,
  `SCOPE_DEFINITION_ID_` varchar(255) CHARACTER SET utf8 COLLATE utf8_bin NULL DEFAULT NULL,
  `RETRIES_` int(11) NULL DEFAULT NULL,
  `EXCEPTION_STACK_ID_` varchar(64) CHARACTER SET utf8 COLLATE utf8_bin NULL DEFAULT NULL,
  `EXCEPTION_MSG_` varchar(4000) CHARACTER SET utf8 COLLATE utf8_bin NULL DEFAULT NULL,
  `DUEDATE_` timestamp(3) NULL DEFAULT NULL,
  `REPEAT_` varchar(255) CHARACTER SET utf8 COLLATE utf8_bin NULL DEFAULT NULL,
  `HANDLER_TYPE_` varchar(255) CHARACTER SET utf8 COLLATE utf8_bin NULL DEFAULT NULL,
  `HANDLER_CFG_` varchar(4000) CHARACTER SET utf8 COLLATE utf8_bin NULL DEFAULT NULL,
  `CUSTOM_VALUES_ID_` varchar(64) CHARACTER SET utf8 COLLATE utf8_bin NULL DEFAULT NULL,
  `CREATE_TIME_` timestamp(3) NULL DEFAULT NULL,
  `TENANT_ID_` varchar(255) CHARACTER SET utf8 COLLATE utf8_bin NULL DEFAULT '',
  PRIMARY KEY (`ID_`) USING BTREE,
  INDEX `ACT_IDX_TIMER_JOB_EXCEPTION_STACK_ID`(`EXCEPTION_STACK_ID_`) USING BTREE,
  INDEX `ACT_IDX_TIMER_JOB_CUSTOM_VALUES_ID`(`CUSTOM_VALUES_ID_`) USING BTREE,
  INDEX `ACT_IDX_TJOB_SCOPE`(`SCOPE_ID_`, `SCOPE_TYPE_`) USING BTREE,
  INDEX `ACT_IDX_TJOB_SUB_SCOPE`(`SUB_SCOPE_ID_`, `SCOPE_TYPE_`) USING BTREE,
  INDEX `ACT_IDX_TJOB_SCOPE_DEF`(`SCOPE_DEFINITION_ID_`, `SCOPE_TYPE_`) USING BTREE,
  INDEX `ACT_FK_TIMER_JOB_EXECUTION`(`EXECUTION_ID_`) USING BTREE,
  INDEX `ACT_FK_TIMER_JOB_PROCESS_INSTANCE`(`PROCESS_INSTANCE_ID_`) USING BTREE,
  INDEX `ACT_FK_TIMER_JOB_PROC_DEF`(`PROC_DEF_ID_`) USING BTREE,
  CONSTRAINT `ACT_FK_TIMER_JOB_CUSTOM_VALUES` FOREIGN KEY (`CUSTOM_VALUES_ID_`) REFERENCES `ACT_GE_BYTEARRAY` (`ID_`) ON DELETE RESTRICT ON UPDATE RESTRICT,
  CONSTRAINT `ACT_FK_TIMER_JOB_EXCEPTION` FOREIGN KEY (`EXCEPTION_STACK_ID_`) REFERENCES `ACT_GE_BYTEARRAY` (`ID_`) ON DELETE RESTRICT ON UPDATE RESTRICT,
  CONSTRAINT `ACT_FK_TIMER_JOB_EXECUTION` FOREIGN KEY (`EXECUTION_ID_`) REFERENCES `ACT_RU_EXECUTION` (`ID_`) ON DELETE RESTRICT ON UPDATE RESTRICT,
  CONSTRAINT `ACT_FK_TIMER_JOB_PROCESS_INSTANCE` FOREIGN KEY (`PROCESS_INSTANCE_ID_`) REFERENCES `ACT_RU_EXECUTION` (`ID_`) ON DELETE RESTRICT ON UPDATE RESTRICT,
  CONSTRAINT `ACT_FK_TIMER_JOB_PROC_DEF` FOREIGN KEY (`PROC_DEF_ID_`) REFERENCES `ACT_RE_PROCDEF` (`ID_`) ON DELETE RESTRICT ON UPDATE RESTRICT
) ENGINE = InnoDB CHARACTER SET = utf8 COLLATE = utf8_bin ROW_FORMAT = Dynamic;

-- ----------------------------
-- Table structure for ACT_RU_VARIABLE
-- ----------------------------
DROP TABLE IF EXISTS `ACT_RU_VARIABLE`;
CREATE TABLE `ACT_RU_VARIABLE`  (
  `ID_` varchar(64) CHARACTER SET utf8 COLLATE utf8_bin NOT NULL,
  `REV_` int(11) NULL DEFAULT NULL,
  `TYPE_` varchar(255) CHARACTER SET utf8 COLLATE utf8_bin NOT NULL,
  `NAME_` varchar(255) CHARACTER SET utf8 COLLATE utf8_bin NOT NULL,
  `EXECUTION_ID_` varchar(64) CHARACTER SET utf8 COLLATE utf8_bin NULL DEFAULT NULL,
  `PROC_INST_ID_` varchar(64) CHARACTER SET utf8 COLLATE utf8_bin NULL DEFAULT NULL,
  `TASK_ID_` varchar(64) CHARACTER SET utf8 COLLATE utf8_bin NULL DEFAULT NULL,
  `SCOPE_ID_` varchar(255) CHARACTER SET utf8 COLLATE utf8_bin NULL DEFAULT NULL,
  `SUB_SCOPE_ID_` varchar(255) CHARACTER SET utf8 COLLATE utf8_bin NULL DEFAULT NULL,
  `SCOPE_TYPE_` varchar(255) CHARACTER SET utf8 COLLATE utf8_bin NULL DEFAULT NULL,
  `BYTEARRAY_ID_` varchar(64) CHARACTER SET utf8 COLLATE utf8_bin NULL DEFAULT NULL,
  `DOUBLE_` double NULL DEFAULT NULL,
  `LONG_` bigint(20) NULL DEFAULT NULL,
  `TEXT_` varchar(4000) CHARACTER SET utf8 COLLATE utf8_bin NULL DEFAULT NULL,
  `TEXT2_` varchar(4000) CHARACTER SET utf8 COLLATE utf8_bin NULL DEFAULT NULL,
  PRIMARY KEY (`ID_`) USING BTREE,
  INDEX `ACT_IDX_RU_VAR_SCOPE_ID_TYPE`(`SCOPE_ID_`, `SCOPE_TYPE_`) USING BTREE,
  INDEX `ACT_IDX_RU_VAR_SUB_ID_TYPE`(`SUB_SCOPE_ID_`, `SCOPE_TYPE_`) USING BTREE,
  INDEX `ACT_FK_VAR_BYTEARRAY`(`BYTEARRAY_ID_`) USING BTREE,
  INDEX `ACT_IDX_VARIABLE_TASK_ID`(`TASK_ID_`) USING BTREE,
  INDEX `ACT_FK_VAR_EXE`(`EXECUTION_ID_`) USING BTREE,
  INDEX `ACT_FK_VAR_PROCINST`(`PROC_INST_ID_`) USING BTREE,
  CONSTRAINT `ACT_FK_VAR_BYTEARRAY` FOREIGN KEY (`BYTEARRAY_ID_`) REFERENCES `ACT_GE_BYTEARRAY` (`ID_`) ON DELETE RESTRICT ON UPDATE RESTRICT,
  CONSTRAINT `ACT_FK_VAR_EXE` FOREIGN KEY (`EXECUTION_ID_`) REFERENCES `ACT_RU_EXECUTION` (`ID_`) ON DELETE RESTRICT ON UPDATE RESTRICT,
  CONSTRAINT `ACT_FK_VAR_PROCINST` FOREIGN KEY (`PROC_INST_ID_`) REFERENCES `ACT_RU_EXECUTION` (`ID_`) ON DELETE RESTRICT ON UPDATE RESTRICT
) ENGINE = InnoDB CHARACTER SET = utf8 COLLATE = utf8_bin ROW_FORMAT = Dynamic;

-- ----------------------------
-- Records of ACT_RU_VARIABLE
-- ----------------------------
INSERT INTO `ACT_RU_VARIABLE` VALUES ('006ae1bb-3838-11ea-aa63-00163e2e65eb', 1, 'string', 'applyUserId', '006ae1ba-3838-11ea-aa63-00163e2e65eb', '006ae1ba-3838-11ea-aa63-00163e2e65eb', NULL, NULL, NULL, NULL, NULL, NULL, NULL, 'jsite', NULL);
INSERT INTO `ACT_RU_VARIABLE` VALUES ('006ae1bd-3838-11ea-aa63-00163e2e65eb', 1, 'boolean', 'auditPass', '006ae1ba-3838-11ea-aa63-00163e2e65eb', '006ae1ba-3838-11ea-aa63-00163e2e65eb', NULL, NULL, NULL, NULL, NULL, NULL, 1, NULL, NULL);
INSERT INTO `ACT_RU_VARIABLE` VALUES ('006ae1be-3838-11ea-aa63-00163e2e65eb', 1, 'string', 'leaderName', '006ae1ba-3838-11ea-aa63-00163e2e65eb', '006ae1ba-3838-11ea-aa63-00163e2e65eb', NULL, NULL, NULL, NULL, NULL, NULL, NULL, 'jsitehr', NULL);
INSERT INTO `ACT_RU_VARIABLE` VALUES ('10350802-31f9-11ea-aa63-00163e2e65eb', 1, 'string', 'applyUserId', '1034b9e1-31f9-11ea-aa63-00163e2e65eb', '1034b9e1-31f9-11ea-aa63-00163e2e65eb', NULL, NULL, NULL, NULL, NULL, NULL, NULL, 'jsite', NULL);
INSERT INTO `ACT_RU_VARIABLE` VALUES ('1035a444-31f9-11ea-aa63-00163e2e65eb', 1, 'boolean', 'auditPass', '1034b9e1-31f9-11ea-aa63-00163e2e65eb', '1034b9e1-31f9-11ea-aa63-00163e2e65eb', NULL, NULL, NULL, NULL, NULL, NULL, 1, NULL, NULL);
INSERT INTO `ACT_RU_VARIABLE` VALUES ('1035a445-31f9-11ea-aa63-00163e2e65eb', 1, 'string', 'leaderName', '1034b9e1-31f9-11ea-aa63-00163e2e65eb', '1034b9e1-31f9-11ea-aa63-00163e2e65eb', NULL, NULL, NULL, NULL, NULL, NULL, NULL, 'jsitehr', NULL);
INSERT INTO `ACT_RU_VARIABLE` VALUES ('5da62738-32b9-11ea-aa63-00163e2e65eb', 1, 'string', 'applyUserId', '5da62737-32b9-11ea-aa63-00163e2e65eb', '5da62737-32b9-11ea-aa63-00163e2e65eb', NULL, NULL, NULL, NULL, NULL, NULL, NULL, 'jsite', NULL);
INSERT INTO `ACT_RU_VARIABLE` VALUES ('5da64e4a-32b9-11ea-aa63-00163e2e65eb', 1, 'boolean', 'auditPass', '5da62737-32b9-11ea-aa63-00163e2e65eb', '5da62737-32b9-11ea-aa63-00163e2e65eb', NULL, NULL, NULL, NULL, NULL, NULL, 1, NULL, NULL);
INSERT INTO `ACT_RU_VARIABLE` VALUES ('5da64e4b-32b9-11ea-aa63-00163e2e65eb', 1, 'string', 'leaderName', '5da62737-32b9-11ea-aa63-00163e2e65eb', '5da62737-32b9-11ea-aa63-00163e2e65eb', NULL, NULL, NULL, NULL, NULL, NULL, NULL, 'jsiteuser', NULL);
INSERT INTO `ACT_RU_VARIABLE` VALUES ('66bf8990-3827-11ea-aa63-00163e2e65eb', 1, 'string', 'applyUserId', '66bf898f-3827-11ea-aa63-00163e2e65eb', '66bf898f-3827-11ea-aa63-00163e2e65eb', NULL, NULL, NULL, NULL, NULL, NULL, NULL, 'jsite', NULL);
INSERT INTO `ACT_RU_VARIABLE` VALUES ('66bf8992-3827-11ea-aa63-00163e2e65eb', 1, 'boolean', 'auditPass', '66bf898f-3827-11ea-aa63-00163e2e65eb', '66bf898f-3827-11ea-aa63-00163e2e65eb', NULL, NULL, NULL, NULL, NULL, NULL, 1, NULL, NULL);
INSERT INTO `ACT_RU_VARIABLE` VALUES ('66bf8993-3827-11ea-aa63-00163e2e65eb', 1, 'string', 'leaderName', '66bf898f-3827-11ea-aa63-00163e2e65eb', '66bf898f-3827-11ea-aa63-00163e2e65eb', NULL, NULL, NULL, NULL, NULL, NULL, NULL, 'jsitehr', NULL);
INSERT INTO `ACT_RU_VARIABLE` VALUES ('8290f1e4-3387-11ea-aa63-00163e2e65eb', 1, 'string', 'applyUserId', '8290f1e3-3387-11ea-aa63-00163e2e65eb', '8290f1e3-3387-11ea-aa63-00163e2e65eb', NULL, NULL, NULL, NULL, NULL, NULL, NULL, 'jsite', NULL);
INSERT INTO `ACT_RU_VARIABLE` VALUES ('829118f6-3387-11ea-aa63-00163e2e65eb', 1, 'boolean', 'auditPass', '8290f1e3-3387-11ea-aa63-00163e2e65eb', '8290f1e3-3387-11ea-aa63-00163e2e65eb', NULL, NULL, NULL, NULL, NULL, NULL, 1, NULL, NULL);
INSERT INTO `ACT_RU_VARIABLE` VALUES ('829118f7-3387-11ea-aa63-00163e2e65eb', 1, 'string', 'leaderName', '8290f1e3-3387-11ea-aa63-00163e2e65eb', '8290f1e3-3387-11ea-aa63-00163e2e65eb', NULL, NULL, NULL, NULL, NULL, NULL, NULL, 'jsitehr', NULL);
INSERT INTO `ACT_RU_VARIABLE` VALUES ('8db9ba54-3379-11ea-aa63-00163e2e65eb', 1, 'string', 'applyUserId', '8db9ba53-3379-11ea-aa63-00163e2e65eb', '8db9ba53-3379-11ea-aa63-00163e2e65eb', NULL, NULL, NULL, NULL, NULL, NULL, NULL, 'dept', NULL);
INSERT INTO `ACT_RU_VARIABLE` VALUES ('8db9e166-3379-11ea-aa63-00163e2e65eb', 1, 'boolean', 'auditPass', '8db9ba53-3379-11ea-aa63-00163e2e65eb', '8db9ba53-3379-11ea-aa63-00163e2e65eb', NULL, NULL, NULL, NULL, NULL, NULL, 1, NULL, NULL);
INSERT INTO `ACT_RU_VARIABLE` VALUES ('8db9e167-3379-11ea-aa63-00163e2e65eb', 1, 'string', 'leaderName', '8db9ba53-3379-11ea-aa63-00163e2e65eb', '8db9ba53-3379-11ea-aa63-00163e2e65eb', NULL, NULL, NULL, NULL, NULL, NULL, NULL, 'jsitehr', NULL);
INSERT INTO `ACT_RU_VARIABLE` VALUES ('c81fe554-36b7-11ea-aa63-00163e2e65eb', 1, 'string', 'applyUserId', 'c81fe553-36b7-11ea-aa63-00163e2e65eb', 'c81fe553-36b7-11ea-aa63-00163e2e65eb', NULL, NULL, NULL, NULL, NULL, NULL, NULL, 'jsite', NULL);
INSERT INTO `ACT_RU_VARIABLE` VALUES ('c81fe556-36b7-11ea-aa63-00163e2e65eb', 1, 'boolean', 'auditPass', 'c81fe553-36b7-11ea-aa63-00163e2e65eb', 'c81fe553-36b7-11ea-aa63-00163e2e65eb', NULL, NULL, NULL, NULL, NULL, NULL, 1, NULL, NULL);
INSERT INTO `ACT_RU_VARIABLE` VALUES ('c81fe557-36b7-11ea-aa63-00163e2e65eb', 1, 'string', 'leaderName', 'c81fe553-36b7-11ea-aa63-00163e2e65eb', 'c81fe553-36b7-11ea-aa63-00163e2e65eb', NULL, NULL, NULL, NULL, NULL, NULL, NULL, 'jsiteuser', NULL);
INSERT INTO `ACT_RU_VARIABLE` VALUES ('c87ffc93-32bd-11ea-aa63-00163e2e65eb', 1, 'string', 'applyUserId', 'c87ffc92-32bd-11ea-aa63-00163e2e65eb', 'c87ffc92-32bd-11ea-aa63-00163e2e65eb', NULL, NULL, NULL, NULL, NULL, NULL, NULL, 'jsite', NULL);
INSERT INTO `ACT_RU_VARIABLE` VALUES ('c87ffc95-32bd-11ea-aa63-00163e2e65eb', 1, 'boolean', 'auditPass', 'c87ffc92-32bd-11ea-aa63-00163e2e65eb', 'c87ffc92-32bd-11ea-aa63-00163e2e65eb', NULL, NULL, NULL, NULL, NULL, NULL, 1, NULL, NULL);
INSERT INTO `ACT_RU_VARIABLE` VALUES ('c87ffc96-32bd-11ea-aa63-00163e2e65eb', 1, 'string', 'leaderName', 'c87ffc92-32bd-11ea-aa63-00163e2e65eb', 'c87ffc92-32bd-11ea-aa63-00163e2e65eb', NULL, NULL, NULL, NULL, NULL, NULL, NULL, 'jsitehr', NULL);
INSERT INTO `ACT_RU_VARIABLE` VALUES ('dca53e36-4e48-11ea-9661-00163e2e65eb', 1, 'string', 'applyUserId', 'dca4f015-4e48-11ea-9661-00163e2e65eb', 'dca4f015-4e48-11ea-9661-00163e2e65eb', NULL, NULL, NULL, NULL, NULL, NULL, NULL, 'jsite', NULL);
INSERT INTO `ACT_RU_VARIABLE` VALUES ('dca5da78-4e48-11ea-9661-00163e2e65eb', 1, 'boolean', 'auditPass', 'dca4f015-4e48-11ea-9661-00163e2e65eb', 'dca4f015-4e48-11ea-9661-00163e2e65eb', NULL, NULL, NULL, NULL, NULL, NULL, 1, NULL, NULL);
INSERT INTO `ACT_RU_VARIABLE` VALUES ('dca5da79-4e48-11ea-9661-00163e2e65eb', 1, 'string', 'leaderName', 'dca4f015-4e48-11ea-9661-00163e2e65eb', 'dca4f015-4e48-11ea-9661-00163e2e65eb', NULL, NULL, NULL, NULL, NULL, NULL, NULL, 'jsiteuser', NULL);
INSERT INTO `ACT_RU_VARIABLE` VALUES ('de63e403-4bdf-11ea-9b4e-00163e2e65eb', 1, 'string', 'applyUserId', 'de63bcf2-4bdf-11ea-9b4e-00163e2e65eb', 'de63bcf2-4bdf-11ea-9b4e-00163e2e65eb', NULL, NULL, NULL, NULL, NULL, NULL, NULL, 'dept', NULL);
INSERT INTO `ACT_RU_VARIABLE` VALUES ('de648045-4bdf-11ea-9b4e-00163e2e65eb', 1, 'boolean', 'auditPass', 'de63bcf2-4bdf-11ea-9b4e-00163e2e65eb', 'de63bcf2-4bdf-11ea-9b4e-00163e2e65eb', NULL, NULL, NULL, NULL, NULL, NULL, 1, NULL, NULL);
INSERT INTO `ACT_RU_VARIABLE` VALUES ('de648046-4bdf-11ea-9b4e-00163e2e65eb', 1, 'string', 'leaderName', 'de63bcf2-4bdf-11ea-9b4e-00163e2e65eb', 'de63bcf2-4bdf-11ea-9b4e-00163e2e65eb', NULL, NULL, NULL, NULL, NULL, NULL, NULL, 'jsitehr', NULL);
INSERT INTO `ACT_RU_VARIABLE` VALUES ('fc715bee-36a6-11ea-aa63-00163e2e65eb', 1, 'string', 'applyUserId', 'fc715bed-36a6-11ea-aa63-00163e2e65eb', 'fc715bed-36a6-11ea-aa63-00163e2e65eb', NULL, NULL, NULL, NULL, NULL, NULL, NULL, 'jsite', NULL);
INSERT INTO `ACT_RU_VARIABLE` VALUES ('fc718300-36a6-11ea-aa63-00163e2e65eb', 1, 'boolean', 'auditPass', 'fc715bed-36a6-11ea-aa63-00163e2e65eb', 'fc715bed-36a6-11ea-aa63-00163e2e65eb', NULL, NULL, NULL, NULL, NULL, NULL, 1, NULL, NULL);
INSERT INTO `ACT_RU_VARIABLE` VALUES ('fc718301-36a6-11ea-aa63-00163e2e65eb', 1, 'string', 'leaderName', 'fc715bed-36a6-11ea-aa63-00163e2e65eb', 'fc715bed-36a6-11ea-aa63-00163e2e65eb', NULL, NULL, NULL, NULL, NULL, NULL, NULL, 'jsitehr', NULL);

-- ----------------------------
-- Table structure for QRTZ_BLOB_TRIGGERS
-- ----------------------------
DROP TABLE IF EXISTS `QRTZ_BLOB_TRIGGERS`;
CREATE TABLE `QRTZ_BLOB_TRIGGERS`  (
  `SCHED_NAME` varchar(120) CHARACTER SET utf8 COLLATE utf8_general_ci NOT NULL,
  `TRIGGER_NAME` varchar(200) CHARACTER SET utf8 COLLATE utf8_general_ci NOT NULL,
  `TRIGGER_GROUP` varchar(200) CHARACTER SET utf8 COLLATE utf8_general_ci NOT NULL,
  `BLOB_DATA` blob NULL,
  PRIMARY KEY (`SCHED_NAME`, `TRIGGER_NAME`, `TRIGGER_GROUP`) USING BTREE,
  CONSTRAINT `QRTZ_BLOB_TRIGGERS_ibfk_1` FOREIGN KEY (`SCHED_NAME`, `TRIGGER_NAME`, `TRIGGER_GROUP`) REFERENCES `QRTZ_TRIGGERS` (`sched_name`, `trigger_name`, `trigger_group`) ON DELETE RESTRICT ON UPDATE RESTRICT
) ENGINE = InnoDB CHARACTER SET = utf8 COLLATE = utf8_general_ci ROW_FORMAT = Dynamic;

-- ----------------------------
-- Table structure for QRTZ_CALENDARS
-- ----------------------------
DROP TABLE IF EXISTS `QRTZ_CALENDARS`;
CREATE TABLE `QRTZ_CALENDARS`  (
  `SCHED_NAME` varchar(120) CHARACTER SET utf8 COLLATE utf8_general_ci NOT NULL,
  `CALENDAR_NAME` varchar(200) CHARACTER SET utf8 COLLATE utf8_general_ci NOT NULL,
  `CALENDAR` blob NOT NULL,
  PRIMARY KEY (`SCHED_NAME`, `CALENDAR_NAME`) USING BTREE
) ENGINE = InnoDB CHARACTER SET = utf8 COLLATE = utf8_general_ci ROW_FORMAT = Dynamic;

-- ----------------------------
-- Table structure for QRTZ_CRON_TRIGGERS
-- ----------------------------
DROP TABLE IF EXISTS `QRTZ_CRON_TRIGGERS`;
CREATE TABLE `QRTZ_CRON_TRIGGERS`  (
  `SCHED_NAME` varchar(120) CHARACTER SET utf8 COLLATE utf8_general_ci NOT NULL,
  `TRIGGER_NAME` varchar(200) CHARACTER SET utf8 COLLATE utf8_general_ci NOT NULL,
  `TRIGGER_GROUP` varchar(200) CHARACTER SET utf8 COLLATE utf8_general_ci NOT NULL,
  `CRON_EXPRESSION` varchar(200) CHARACTER SET utf8 COLLATE utf8_general_ci NOT NULL,
  `TIME_ZONE_ID` varchar(80) CHARACTER SET utf8 COLLATE utf8_general_ci NULL DEFAULT NULL,
  PRIMARY KEY (`SCHED_NAME`, `TRIGGER_NAME`, `TRIGGER_GROUP`) USING BTREE,
  CONSTRAINT `QRTZ_CRON_TRIGGERS_ibfk_1` FOREIGN KEY (`SCHED_NAME`, `TRIGGER_NAME`, `TRIGGER_GROUP`) REFERENCES `QRTZ_TRIGGERS` (`sched_name`, `trigger_name`, `trigger_group`) ON DELETE RESTRICT ON UPDATE RESTRICT
) ENGINE = InnoDB CHARACTER SET = utf8 COLLATE = utf8_general_ci ROW_FORMAT = Dynamic;

-- ----------------------------
-- Records of QRTZ_CRON_TRIGGERS
-- ----------------------------
INSERT INTO `QRTZ_CRON_TRIGGERS` VALUES ('quartzScheduler', 'com.jsite.common.quartz.job.HelloJob', '1', '0/30 * * * * ?', 'Asia/Shanghai');
INSERT INTO `QRTZ_CRON_TRIGGERS` VALUES ('quartzScheduler', 'com.jsite.common.quartz.job.NewJob', '2', '0/55 * * * * ?', 'Asia/Shanghai');
INSERT INTO `QRTZ_CRON_TRIGGERS` VALUES ('quartzScheduler', 'com.jsite.common.quartz.job.TestJob', '3', '0/40 * * * * ?', 'Asia/Shanghai');

-- ----------------------------
-- Table structure for QRTZ_FIRED_TRIGGERS
-- ----------------------------
DROP TABLE IF EXISTS `QRTZ_FIRED_TRIGGERS`;
CREATE TABLE `QRTZ_FIRED_TRIGGERS`  (
  `SCHED_NAME` varchar(120) CHARACTER SET utf8 COLLATE utf8_general_ci NOT NULL,
  `ENTRY_ID` varchar(95) CHARACTER SET utf8 COLLATE utf8_general_ci NOT NULL,
  `TRIGGER_NAME` varchar(200) CHARACTER SET utf8 COLLATE utf8_general_ci NOT NULL,
  `TRIGGER_GROUP` varchar(200) CHARACTER SET utf8 COLLATE utf8_general_ci NOT NULL,
  `INSTANCE_NAME` varchar(200) CHARACTER SET utf8 COLLATE utf8_general_ci NOT NULL,
  `FIRED_TIME` bigint(13) NOT NULL,
  `SCHED_TIME` bigint(13) NOT NULL,
  `PRIORITY` int(11) NOT NULL,
  `STATE` varchar(16) CHARACTER SET utf8 COLLATE utf8_general_ci NOT NULL,
  `JOB_NAME` varchar(200) CHARACTER SET utf8 COLLATE utf8_general_ci NULL DEFAULT NULL,
  `JOB_GROUP` varchar(200) CHARACTER SET utf8 COLLATE utf8_general_ci NULL DEFAULT NULL,
  `IS_NONCONCURRENT` varchar(1) CHARACTER SET utf8 COLLATE utf8_general_ci NULL DEFAULT NULL,
  `REQUESTS_RECOVERY` varchar(1) CHARACTER SET utf8 COLLATE utf8_general_ci NULL DEFAULT NULL,
  PRIMARY KEY (`SCHED_NAME`, `ENTRY_ID`) USING BTREE
) ENGINE = InnoDB CHARACTER SET = utf8 COLLATE = utf8_general_ci ROW_FORMAT = Dynamic;

-- ----------------------------
-- Table structure for QRTZ_JOB_DETAILS
-- ----------------------------
DROP TABLE IF EXISTS `QRTZ_JOB_DETAILS`;
CREATE TABLE `QRTZ_JOB_DETAILS`  (
  `SCHED_NAME` varchar(120) CHARACTER SET utf8 COLLATE utf8_general_ci NOT NULL,
  `JOB_NAME` varchar(200) CHARACTER SET utf8 COLLATE utf8_general_ci NOT NULL,
  `JOB_GROUP` varchar(200) CHARACTER SET utf8 COLLATE utf8_general_ci NOT NULL,
  `DESCRIPTION` varchar(250) CHARACTER SET utf8 COLLATE utf8_general_ci NULL DEFAULT NULL,
  `JOB_CLASS_NAME` varchar(250) CHARACTER SET utf8 COLLATE utf8_general_ci NOT NULL,
  `IS_DURABLE` varchar(1) CHARACTER SET utf8 COLLATE utf8_general_ci NOT NULL,
  `IS_NONCONCURRENT` varchar(1) CHARACTER SET utf8 COLLATE utf8_general_ci NOT NULL,
  `IS_UPDATE_DATA` varchar(1) CHARACTER SET utf8 COLLATE utf8_general_ci NOT NULL,
  `REQUESTS_RECOVERY` varchar(1) CHARACTER SET utf8 COLLATE utf8_general_ci NOT NULL,
  `JOB_DATA` blob NULL,
  PRIMARY KEY (`SCHED_NAME`, `JOB_NAME`, `JOB_GROUP`) USING BTREE
) ENGINE = InnoDB CHARACTER SET = utf8 COLLATE = utf8_general_ci ROW_FORMAT = Dynamic;

-- ----------------------------
-- Records of QRTZ_JOB_DETAILS
-- ----------------------------
INSERT INTO `QRTZ_JOB_DETAILS` VALUES ('quartzScheduler', 'com.jsite.common.quartz.job.HelloJob', '1', NULL, 'com.jsite.common.quartz.job.HelloJob', '0', '0', '0', '0', 0xACED0005737200156F72672E71756172747A2E4A6F62446174614D61709FB083E8BFA9B0CB020000787200266F72672E71756172747A2E7574696C732E537472696E674B65794469727479466C61674D61708208E8C3FBC55D280200015A0013616C6C6F77735472616E7369656E74446174617872001D6F72672E71756172747A2E7574696C732E4469727479466C61674D617013E62EAD28760ACE0200025A000564697274794C00036D617074000F4C6A6176612F7574696C2F4D61703B787000737200116A6176612E7574696C2E486173684D61700507DAC1C31660D103000246000A6C6F6164466163746F724900097468726573686F6C6478703F40000000000010770800000010000000007800);
INSERT INTO `QRTZ_JOB_DETAILS` VALUES ('quartzScheduler', 'com.jsite.common.quartz.job.NewJob', '2', NULL, 'com.jsite.common.quartz.job.NewJob', '0', '0', '0', '0', 0xACED0005737200156F72672E71756172747A2E4A6F62446174614D61709FB083E8BFA9B0CB020000787200266F72672E71756172747A2E7574696C732E537472696E674B65794469727479466C61674D61708208E8C3FBC55D280200015A0013616C6C6F77735472616E7369656E74446174617872001D6F72672E71756172747A2E7574696C732E4469727479466C61674D617013E62EAD28760ACE0200025A000564697274794C00036D617074000F4C6A6176612F7574696C2F4D61703B787000737200116A6176612E7574696C2E486173684D61700507DAC1C31660D103000246000A6C6F6164466163746F724900097468726573686F6C6478703F40000000000010770800000010000000007800);
INSERT INTO `QRTZ_JOB_DETAILS` VALUES ('quartzScheduler', 'com.jsite.common.quartz.job.TestJob', '3', NULL, 'com.jsite.common.quartz.job.TestJob', '0', '0', '0', '0', 0xACED0005737200156F72672E71756172747A2E4A6F62446174614D61709FB083E8BFA9B0CB020000787200266F72672E71756172747A2E7574696C732E537472696E674B65794469727479466C61674D61708208E8C3FBC55D280200015A0013616C6C6F77735472616E7369656E74446174617872001D6F72672E71756172747A2E7574696C732E4469727479466C61674D617013E62EAD28760ACE0200025A000564697274794C00036D617074000F4C6A6176612F7574696C2F4D61703B787000737200116A6176612E7574696C2E486173684D61700507DAC1C31660D103000246000A6C6F6164466163746F724900097468726573686F6C6478703F40000000000010770800000010000000007800);

-- ----------------------------
-- Table structure for QRTZ_LOCKS
-- ----------------------------
DROP TABLE IF EXISTS `QRTZ_LOCKS`;
CREATE TABLE `QRTZ_LOCKS`  (
  `SCHED_NAME` varchar(120) CHARACTER SET utf8 COLLATE utf8_general_ci NOT NULL,
  `LOCK_NAME` varchar(40) CHARACTER SET utf8 COLLATE utf8_general_ci NOT NULL,
  PRIMARY KEY (`SCHED_NAME`, `LOCK_NAME`) USING BTREE
) ENGINE = InnoDB CHARACTER SET = utf8 COLLATE = utf8_general_ci ROW_FORMAT = Dynamic;

-- ----------------------------
-- Records of QRTZ_LOCKS
-- ----------------------------
INSERT INTO `QRTZ_LOCKS` VALUES ('quartzScheduler', 'TRIGGER_ACCESS');

-- ----------------------------
-- Table structure for QRTZ_PAUSED_TRIGGER_GRPS
-- ----------------------------
DROP TABLE IF EXISTS `QRTZ_PAUSED_TRIGGER_GRPS`;
CREATE TABLE `QRTZ_PAUSED_TRIGGER_GRPS`  (
  `SCHED_NAME` varchar(120) CHARACTER SET utf8 COLLATE utf8_general_ci NOT NULL,
  `TRIGGER_GROUP` varchar(200) CHARACTER SET utf8 COLLATE utf8_general_ci NOT NULL,
  PRIMARY KEY (`SCHED_NAME`, `TRIGGER_GROUP`) USING BTREE
) ENGINE = InnoDB CHARACTER SET = utf8 COLLATE = utf8_general_ci ROW_FORMAT = Dynamic;

-- ----------------------------
-- Table structure for QRTZ_SCHEDULER_STATE
-- ----------------------------
DROP TABLE IF EXISTS `QRTZ_SCHEDULER_STATE`;
CREATE TABLE `QRTZ_SCHEDULER_STATE`  (
  `SCHED_NAME` varchar(120) CHARACTER SET utf8 COLLATE utf8_general_ci NOT NULL,
  `INSTANCE_NAME` varchar(200) CHARACTER SET utf8 COLLATE utf8_general_ci NOT NULL,
  `LAST_CHECKIN_TIME` bigint(13) NOT NULL,
  `CHECKIN_INTERVAL` bigint(13) NOT NULL,
  PRIMARY KEY (`SCHED_NAME`, `INSTANCE_NAME`) USING BTREE
) ENGINE = InnoDB CHARACTER SET = utf8 COLLATE = utf8_general_ci ROW_FORMAT = Dynamic;

-- ----------------------------
-- Table structure for QRTZ_SIMPLE_TRIGGERS
-- ----------------------------
DROP TABLE IF EXISTS `QRTZ_SIMPLE_TRIGGERS`;
CREATE TABLE `QRTZ_SIMPLE_TRIGGERS`  (
  `SCHED_NAME` varchar(120) CHARACTER SET utf8 COLLATE utf8_general_ci NOT NULL,
  `TRIGGER_NAME` varchar(200) CHARACTER SET utf8 COLLATE utf8_general_ci NOT NULL,
  `TRIGGER_GROUP` varchar(200) CHARACTER SET utf8 COLLATE utf8_general_ci NOT NULL,
  `REPEAT_COUNT` bigint(7) NOT NULL,
  `REPEAT_INTERVAL` bigint(12) NOT NULL,
  `TIMES_TRIGGERED` bigint(10) NOT NULL,
  PRIMARY KEY (`SCHED_NAME`, `TRIGGER_NAME`, `TRIGGER_GROUP`) USING BTREE,
  CONSTRAINT `QRTZ_SIMPLE_TRIGGERS_ibfk_1` FOREIGN KEY (`SCHED_NAME`, `TRIGGER_NAME`, `TRIGGER_GROUP`) REFERENCES `QRTZ_TRIGGERS` (`sched_name`, `trigger_name`, `trigger_group`) ON DELETE RESTRICT ON UPDATE RESTRICT
) ENGINE = InnoDB CHARACTER SET = utf8 COLLATE = utf8_general_ci ROW_FORMAT = Dynamic;

-- ----------------------------
-- Table structure for QRTZ_SIMPROP_TRIGGERS
-- ----------------------------
DROP TABLE IF EXISTS `QRTZ_SIMPROP_TRIGGERS`;
CREATE TABLE `QRTZ_SIMPROP_TRIGGERS`  (
  `SCHED_NAME` varchar(120) CHARACTER SET utf8 COLLATE utf8_general_ci NOT NULL,
  `TRIGGER_NAME` varchar(200) CHARACTER SET utf8 COLLATE utf8_general_ci NOT NULL,
  `TRIGGER_GROUP` varchar(200) CHARACTER SET utf8 COLLATE utf8_general_ci NOT NULL,
  `STR_PROP_1` varchar(512) CHARACTER SET utf8 COLLATE utf8_general_ci NULL DEFAULT NULL,
  `STR_PROP_2` varchar(512) CHARACTER SET utf8 COLLATE utf8_general_ci NULL DEFAULT NULL,
  `STR_PROP_3` varchar(512) CHARACTER SET utf8 COLLATE utf8_general_ci NULL DEFAULT NULL,
  `INT_PROP_1` int(11) NULL DEFAULT NULL,
  `INT_PROP_2` int(11) NULL DEFAULT NULL,
  `LONG_PROP_1` bigint(20) NULL DEFAULT NULL,
  `LONG_PROP_2` bigint(20) NULL DEFAULT NULL,
  `DEC_PROP_1` decimal(13, 4) NULL DEFAULT NULL,
  `DEC_PROP_2` decimal(13, 4) NULL DEFAULT NULL,
  `BOOL_PROP_1` varchar(1) CHARACTER SET utf8 COLLATE utf8_general_ci NULL DEFAULT NULL,
  `BOOL_PROP_2` varchar(1) CHARACTER SET utf8 COLLATE utf8_general_ci NULL DEFAULT NULL,
  PRIMARY KEY (`SCHED_NAME`, `TRIGGER_NAME`, `TRIGGER_GROUP`) USING BTREE,
  CONSTRAINT `QRTZ_SIMPROP_TRIGGERS_ibfk_1` FOREIGN KEY (`SCHED_NAME`, `TRIGGER_NAME`, `TRIGGER_GROUP`) REFERENCES `QRTZ_TRIGGERS` (`sched_name`, `trigger_name`, `trigger_group`) ON DELETE RESTRICT ON UPDATE RESTRICT
) ENGINE = InnoDB CHARACTER SET = utf8 COLLATE = utf8_general_ci ROW_FORMAT = Dynamic;

-- ----------------------------
-- Table structure for QRTZ_TRIGGERS
-- ----------------------------
DROP TABLE IF EXISTS `QRTZ_TRIGGERS`;
CREATE TABLE `QRTZ_TRIGGERS`  (
  `SCHED_NAME` varchar(120) CHARACTER SET utf8 COLLATE utf8_general_ci NOT NULL,
  `TRIGGER_NAME` varchar(200) CHARACTER SET utf8 COLLATE utf8_general_ci NOT NULL,
  `TRIGGER_GROUP` varchar(200) CHARACTER SET utf8 COLLATE utf8_general_ci NOT NULL,
  `JOB_NAME` varchar(200) CHARACTER SET utf8 COLLATE utf8_general_ci NOT NULL,
  `JOB_GROUP` varchar(200) CHARACTER SET utf8 COLLATE utf8_general_ci NOT NULL,
  `DESCRIPTION` varchar(250) CHARACTER SET utf8 COLLATE utf8_general_ci NULL DEFAULT NULL,
  `NEXT_FIRE_TIME` bigint(13) NULL DEFAULT NULL,
  `PREV_FIRE_TIME` bigint(13) NULL DEFAULT NULL,
  `PRIORITY` int(11) NULL DEFAULT NULL,
  `TRIGGER_STATE` varchar(16) CHARACTER SET utf8 COLLATE utf8_general_ci NOT NULL,
  `TRIGGER_TYPE` varchar(8) CHARACTER SET utf8 COLLATE utf8_general_ci NOT NULL,
  `START_TIME` bigint(13) NOT NULL,
  `END_TIME` bigint(13) NULL DEFAULT NULL,
  `CALENDAR_NAME` varchar(200) CHARACTER SET utf8 COLLATE utf8_general_ci NULL DEFAULT NULL,
  `MISFIRE_INSTR` smallint(2) NULL DEFAULT NULL,
  `JOB_DATA` blob NULL,
  PRIMARY KEY (`SCHED_NAME`, `TRIGGER_NAME`, `TRIGGER_GROUP`) USING BTREE,
  INDEX `SCHED_NAME`(`SCHED_NAME`, `JOB_NAME`, `JOB_GROUP`) USING BTREE,
  CONSTRAINT `QRTZ_TRIGGERS_ibfk_1` FOREIGN KEY (`SCHED_NAME`, `JOB_NAME`, `JOB_GROUP`) REFERENCES `QRTZ_JOB_DETAILS` (`SCHED_NAME`, `JOB_NAME`, `JOB_GROUP`) ON DELETE RESTRICT ON UPDATE RESTRICT
) ENGINE = InnoDB CHARACTER SET = utf8 COLLATE = utf8_general_ci ROW_FORMAT = Dynamic;

-- ----------------------------
-- Records of QRTZ_TRIGGERS
-- ----------------------------
INSERT INTO `QRTZ_TRIGGERS` VALUES ('quartzScheduler', 'com.jsite.common.quartz.job.HelloJob', '1', 'com.jsite.common.quartz.job.HelloJob', '1', NULL, 1547209260000, 1547209230000, 5, 'PAUSED', 'CRON', 1547207629000, 0, NULL, 0, '');
INSERT INTO `QRTZ_TRIGGERS` VALUES ('quartzScheduler', 'com.jsite.common.quartz.job.NewJob', '2', 'com.jsite.common.quartz.job.NewJob', '2', NULL, 1547207815000, 1547207793711, 5, 'PAUSED', 'CRON', 1547092828000, 0, NULL, 0, '');
INSERT INTO `QRTZ_TRIGGERS` VALUES ('quartzScheduler', 'com.jsite.common.quartz.job.TestJob', '3', 'com.jsite.common.quartz.job.TestJob', '3', NULL, 1547197680000, 1547197660000, 5, 'PAUSED', 'CRON', 1547092566000, 0, NULL, 0, '');

-- ----------------------------
-- Table structure for flow_form
-- ----------------------------
DROP TABLE IF EXISTS `flow_form`;
CREATE TABLE `flow_form`  (
  `id` varchar(64) CHARACTER SET utf8 COLLATE utf8_bin NOT NULL COMMENT '���',
  `model_id` varchar(255) CHARACTER SET utf8 COLLATE utf8_bin NULL DEFAULT NULL COMMENT '����ģ��Id',
  `model_key` varchar(400) CHARACTER SET utf8 COLLATE utf8_bin NULL DEFAULT NULL COMMENT '����ģ��key',
  `model_version` int(11) NULL DEFAULT NULL COMMENT '����ģ�Ͱ汾',
  `form_content` text CHARACTER SET utf8 COLLATE utf8_bin NULL COMMENT '�������',
  `create_by` varchar(64) CHARACTER SET utf8 COLLATE utf8_bin NOT NULL COMMENT '������',
  `create_date` datetime(0) NOT NULL COMMENT '����ʱ��',
  `update_by` varchar(64) CHARACTER SET utf8 COLLATE utf8_bin NOT NULL COMMENT '������',
  `update_date` datetime(0) NOT NULL COMMENT '����ʱ��',
  `remarks` varchar(255) CHARACTER SET utf8 COLLATE utf8_bin NULL DEFAULT NULL COMMENT '��ע��Ϣ',
  `del_flag` char(1) CHARACTER SET utf8 COLLATE utf8_bin NOT NULL DEFAULT '0' COMMENT 'ɾ�����',
  PRIMARY KEY (`id`) USING BTREE
) ENGINE = InnoDB CHARACTER SET = utf8 COLLATE = utf8_bin COMMENT = '���̱����' ROW_FORMAT = Dynamic;

-- ----------------------------
-- Records of flow_form
-- ----------------------------
INSERT INTO `flow_form` VALUES ('17902cb796e9404083b8a68632580a42', 'aee0d905-2d31-11ea-91ac-c85b7643dd9e', 'jsite_leave', 2, '&lt;table style=&quot;width:1000px&quot;&gt;&lt;tbody&gt;&lt;tr class=&quot;firstRow&quot;&gt;&lt;td valign=&quot;middle&quot; align=&quot;right&quot; colspan=&quot;1&quot; rowspan=&quot;1&quot; style=&quot;word-break: break-all;&quot; width=&quot;145&quot;&gt;&lt;br/&gt;&lt;/td&gt;&lt;td valign=&quot;middle&quot; align=&quot;left&quot; colspan=&quot;1&quot; rowspan=&quot;1&quot; style=&quot;word-break: break-all;&quot; width=&quot;127&quot;&gt;&lt;input name=&quot;task_asignee&quot; id=&quot;task_asignee&quot; type=&quot;text&quot; title=&quot;下一步处理人&quot; value=&quot;&quot; readonly=&quot;readonly&quot; leipiplugins=&quot;task_assignee&quot; onclick=&quot;openSelectPersonDialog(&amp;#39;task_asignee&amp;#39;)&quot; orgalign=&quot;left&quot; orgwidth=&quot;150&quot; orgtype=&quot;text&quot; orgclick=&quot;openSelectPersonDialog&quot; style=&quot;text-align: left; width: 150px;&quot; placeholder=&quot;下一步处理人&quot; orgfontsize=&quot;&quot; orgheight=&quot;&quot;/&gt;&lt;/td&gt;&lt;/tr&gt;&lt;tr&gt;&lt;td width=&quot;145&quot; valign=&quot;middle&quot; align=&quot;right&quot; style=&quot;word-break: break-all;&quot;&gt;请假类型：&lt;/td&gt;&lt;td width=&quot;651&quot; valign=&quot;top&quot; style=&quot;word-break: break-all;&quot;&gt;&lt;span leipiplugins=&quot;select&quot;&gt;&lt;select title=&quot;leave_type&quot; name=&quot;leave_type&quot; leipiplugins=&quot;select&quot; orgwidth=&quot;150&quot; orgtype=&quot;oa_leave_type&quot; style=&quot;width: 150px;&quot;&gt;&lt;option value=&quot;1&quot;&gt;公休&lt;/option&gt;&lt;option value=&quot;2&quot;&gt;病假&lt;/option&gt;&lt;option value=&quot;3&quot;&gt;事假&lt;/option&gt;&lt;option value=&quot;4&quot;&gt;调休&lt;/option&gt;&lt;option value=&quot;5&quot;&gt;婚假&lt;/option&gt;&lt;/select&gt;&amp;nbsp;&amp;nbsp;&lt;/span&gt;&lt;/td&gt;&lt;/tr&gt;&lt;tr&gt;&lt;td valign=&quot;middle&quot; align=&quot;right&quot; colspan=&quot;1&quot; rowspan=&quot;1&quot; style=&quot;word-break: break-all;&quot;&gt;请假时间：&lt;/td&gt;&lt;td valign=&quot;middle&quot; align=&quot;left&quot; colspan=&quot;1&quot; rowspan=&quot;1&quot; style=&quot;word-break: break-all;&quot;&gt;&lt;input name=&quot;leave_tm_begin&quot; type=&quot;text&quot; readonly=&quot;readonly&quot; leipiplugins=&quot;textdate&quot; onclick=&quot;WdatePicker({dateFmt:&amp;amp;#39;yyyy-MM-dd&amp;amp;#39;,isShowClear:false});&quot; orgrequired=&quot;0&quot; orgformat=&quot;yyyy-MM-dd&quot; orgalign=&quot;left&quot; orgwidth=&quot;150&quot; orgtype=&quot;text&quot; style=&quot;text-align: left; width: 150px;&quot; title=&quot;&quot; orgfontsize=&quot;&quot; orgheight=&quot;&quot;/&gt;&amp;nbsp;-&amp;nbsp;&lt;input name=&quot;leave_tm_end&quot; type=&quot;text&quot; readonly=&quot;readonly&quot; leipiplugins=&quot;textdate&quot; onclick=&quot;WdatePicker({dateFmt:&amp;amp;#39;yyyy-MM-dd&amp;amp;#39;,isShowClear:false});&quot; orgrequired=&quot;0&quot; orgformat=&quot;yyyy-MM-dd&quot; orgalign=&quot;left&quot; orgwidth=&quot;150&quot; orgtype=&quot;text&quot; style=&quot;text-align: left; width: 150px;&quot; title=&quot;&quot; orgfontsize=&quot;&quot; orgheight=&quot;&quot;/&gt;&lt;/td&gt;&lt;/tr&gt;&lt;tr&gt;&lt;td valign=&quot;middle&quot; align=&quot;right&quot; colspan=&quot;1&quot; rowspan=&quot;1&quot; style=&quot;word-break: break-all;&quot;&gt;请假天数：&lt;/td&gt;&lt;td valign=&quot;middle&quot; align=&quot;left&quot; colspan=&quot;1&quot; rowspan=&quot;1&quot;&gt;&lt;input name=&quot;leave_days&quot; type=&quot;text&quot; title=&quot;leave_days&quot; value=&quot;&quot; leipiplugins=&quot;text&quot; orghide=&quot;0&quot; orgalign=&quot;left&quot; orgwidth=&quot;150&quot; orgtype=&quot;float&quot; style=&quot;text-align: left; width: 150px;&quot;/&gt;&lt;/td&gt;&lt;/tr&gt;&lt;tr&gt;&lt;td width=&quot;145&quot; valign=&quot;middle&quot; align=&quot;right&quot; style=&quot;word-break: break-all;&quot;&gt;请假原因：&lt;br/&gt;&lt;/td&gt;&lt;td width=&quot;651&quot; valign=&quot;top&quot; style=&quot;word-break: break-all;&quot;&gt;&lt;textarea title=&quot;leave_reason&quot; name=&quot;leave_reason&quot; leipiplugins=&quot;textarea&quot; value=&quot;&quot; orgrich=&quot;0&quot; orgfontsize=&quot;&quot; orgwidth=&quot;700&quot; orgheight=&quot;100&quot; style=&quot;width: 700px; height: 100px;&quot;&gt;&lt;/textarea&gt;&lt;/td&gt;&lt;/tr&gt;&lt;tr&gt;&lt;td valign=&quot;middle&quot; align=&quot;right&quot; colspan=&quot;1&quot; rowspan=&quot;1&quot; width=&quot;145&quot; style=&quot;word-break: break-all;&quot;&gt;审批意见：&lt;/td&gt;&lt;td valign=&quot;middle&quot; align=&quot;left&quot; colspan=&quot;1&quot; rowspan=&quot;1&quot; width=&quot;127&quot;&gt;&lt;textarea title=&quot;comment&quot; name=&quot;comment&quot; leipiplugins=&quot;textarea&quot; value=&quot;&quot; orgrich=&quot;0&quot; orgfontsize=&quot;&quot; orgwidth=&quot;700&quot; orgheight=&quot;100&quot; style=&quot;width: 700px; height: 100px;&quot;&gt;&lt;/textarea&gt;&lt;/td&gt;&lt;/tr&gt;&lt;/tbody&gt;&lt;/table&gt;&lt;p&gt;&lt;br/&gt;&lt;/p&gt;', '1', '2020-02-19 11:17:14', '1', '2020-02-19 11:17:14', NULL, '0');
INSERT INTO `flow_form` VALUES ('b50fc0fcc2194ac88d5a85d7c4ae2a2d', 'aee0d905-2d31-11ea-91ac-c85b7643dd9e', 'jsite_leave', 1, '&lt;table style=&quot;width:1000px&quot;&gt;&lt;tbody&gt;&lt;tr class=&quot;firstRow&quot;&gt;&lt;td valign=&quot;middle&quot; align=&quot;right&quot; colspan=&quot;1&quot; rowspan=&quot;1&quot; style=&quot;word-break: break-all;&quot; width=&quot;145&quot;&gt;&lt;br/&gt;&lt;/td&gt;&lt;td valign=&quot;middle&quot; align=&quot;left&quot; colspan=&quot;1&quot; rowspan=&quot;1&quot; style=&quot;word-break: break-all;&quot; width=&quot;127&quot;&gt;&lt;input name=&quot;task_asignee&quot; id=&quot;task_asignee&quot; type=&quot;text&quot; title=&quot;下一步处理人&quot; value=&quot;&quot; readonly=&quot;readonly&quot; leipiplugins=&quot;task_assignee&quot; onclick=&quot;openSelectPersonDialog(&amp;#39;task_asignee&amp;#39;)&quot; orgalign=&quot;left&quot; orgwidth=&quot;150&quot; orgtype=&quot;text&quot; orgclick=&quot;openSelectPersonDialog&quot; style=&quot;text-align: left; width: 150px;&quot; placeholder=&quot;下一步处理人&quot; orgfontsize=&quot;&quot; orgheight=&quot;&quot;/&gt;&lt;/td&gt;&lt;/tr&gt;&lt;tr&gt;&lt;td width=&quot;145&quot; valign=&quot;middle&quot; align=&quot;right&quot; style=&quot;word-break: break-all;&quot;&gt;请假类型：&lt;/td&gt;&lt;td width=&quot;651&quot; valign=&quot;top&quot; style=&quot;word-break: break-all;&quot;&gt;&lt;span leipiplugins=&quot;select&quot;&gt;&lt;select title=&quot;leave_type&quot; name=&quot;leave_type&quot; leipiplugins=&quot;select&quot; orgwidth=&quot;150&quot; orgtype=&quot;oa_leave_type&quot; style=&quot;width: 150px;&quot;&gt;&lt;option value=&quot;1&quot;&gt;公休&lt;/option&gt;&lt;option value=&quot;2&quot;&gt;病假&lt;/option&gt;&lt;option value=&quot;3&quot;&gt;事假&lt;/option&gt;&lt;option value=&quot;4&quot;&gt;调休&lt;/option&gt;&lt;option value=&quot;5&quot;&gt;婚假&lt;/option&gt;&lt;/select&gt;&amp;nbsp;&amp;nbsp;&lt;/span&gt;&lt;/td&gt;&lt;/tr&gt;&lt;tr&gt;&lt;td valign=&quot;middle&quot; align=&quot;right&quot; colspan=&quot;1&quot; rowspan=&quot;1&quot; style=&quot;word-break: break-all;&quot;&gt;请假时间：&lt;/td&gt;&lt;td valign=&quot;middle&quot; align=&quot;left&quot; colspan=&quot;1&quot; rowspan=&quot;1&quot; style=&quot;word-break: break-all;&quot;&gt;&lt;input name=&quot;leave_tm_begin&quot; type=&quot;text&quot; readonly=&quot;readonly&quot; leipiplugins=&quot;textdate&quot; onclick=&quot;WdatePicker({dateFmt:&amp;amp;#39;yyyy-MM-dd&amp;amp;#39;,isShowClear:false});&quot; orgrequired=&quot;0&quot; orgformat=&quot;yyyy-MM-dd&quot; orgalign=&quot;left&quot; orgwidth=&quot;150&quot; orgtype=&quot;text&quot; style=&quot;text-align: left; width: 150px;&quot; title=&quot;&quot; orgfontsize=&quot;&quot; orgheight=&quot;&quot;/&gt;&amp;nbsp;-&amp;nbsp;&lt;input name=&quot;leave_tm_end&quot; type=&quot;text&quot; readonly=&quot;readonly&quot; leipiplugins=&quot;textdate&quot; onclick=&quot;WdatePicker({dateFmt:&amp;amp;#39;yyyy-MM-dd&amp;amp;#39;,isShowClear:false});&quot; orgrequired=&quot;0&quot; orgformat=&quot;yyyy-MM-dd&quot; orgalign=&quot;left&quot; orgwidth=&quot;150&quot; orgtype=&quot;text&quot; style=&quot;text-align: left; width: 150px;&quot; title=&quot;&quot; orgfontsize=&quot;&quot; orgheight=&quot;&quot;/&gt;&lt;/td&gt;&lt;/tr&gt;&lt;tr&gt;&lt;td valign=&quot;middle&quot; align=&quot;right&quot; colspan=&quot;1&quot; rowspan=&quot;1&quot; style=&quot;word-break: break-all;&quot;&gt;请假天数：&lt;/td&gt;&lt;td valign=&quot;middle&quot; align=&quot;left&quot; colspan=&quot;1&quot; rowspan=&quot;1&quot;&gt;&lt;input name=&quot;leave_days&quot; type=&quot;text&quot; title=&quot;leave_days&quot; value=&quot;&quot; leipiplugins=&quot;text&quot; orghide=&quot;0&quot; orgalign=&quot;left&quot; orgwidth=&quot;150&quot; orgtype=&quot;float&quot; style=&quot;text-align: left; width: 150px;&quot;/&gt;&lt;/td&gt;&lt;/tr&gt;&lt;tr&gt;&lt;td width=&quot;145&quot; valign=&quot;middle&quot; align=&quot;right&quot; style=&quot;word-break: break-all;&quot;&gt;请假原因：&lt;br/&gt;&lt;/td&gt;&lt;td width=&quot;651&quot; valign=&quot;top&quot; style=&quot;word-break: break-all;&quot;&gt;&lt;textarea title=&quot;leave_reason&quot; name=&quot;leave_reason&quot; leipiplugins=&quot;textarea&quot; value=&quot;&quot; orgrich=&quot;0&quot; orgfontsize=&quot;&quot; orgwidth=&quot;700&quot; orgheight=&quot;100&quot; style=&quot;width: 700px; height: 100px;&quot;&gt;&lt;/textarea&gt;&lt;/td&gt;&lt;/tr&gt;&lt;tr&gt;&lt;td valign=&quot;middle&quot; align=&quot;right&quot; colspan=&quot;1&quot; rowspan=&quot;1&quot; width=&quot;145&quot; style=&quot;word-break: break-all;&quot;&gt;审批意见：&lt;/td&gt;&lt;td valign=&quot;middle&quot; align=&quot;left&quot; colspan=&quot;1&quot; rowspan=&quot;1&quot; width=&quot;127&quot;&gt;&lt;textarea title=&quot;comment&quot; name=&quot;comment&quot; leipiplugins=&quot;textarea&quot; value=&quot;&quot; orgrich=&quot;0&quot; orgfontsize=&quot;&quot; orgwidth=&quot;700&quot; orgheight=&quot;100&quot; style=&quot;width: 700px; height: 100px;&quot;&gt;&lt;/textarea&gt;&lt;/td&gt;&lt;/tr&gt;&lt;/tbody&gt;&lt;/table&gt;&lt;p&gt;&lt;br/&gt;&lt;/p&gt;', '1', '2020-01-02 09:34:11', '1', '2020-01-03 09:58:10', NULL, '0');

-- ----------------------------
-- Table structure for flow_form_authorize
-- ----------------------------
DROP TABLE IF EXISTS `flow_form_authorize`;
CREATE TABLE `flow_form_authorize`  (
  `id` varchar(64) CHARACTER SET utf8 COLLATE utf8_bin NOT NULL COMMENT '���',
  `model_id` varchar(255) CHARACTER SET utf8 COLLATE utf8_bin NULL DEFAULT NULL COMMENT '����ģ��Id',
  `model_key` varchar(400) CHARACTER SET utf8 COLLATE utf8_bin NULL DEFAULT NULL COMMENT '����ģ��key',
  `model_version` int(11) NULL DEFAULT NULL COMMENT '����ģ�Ͱ汾',
  `field_name` varchar(64) CHARACTER SET utf8 COLLATE utf8_bin NULL DEFAULT NULL COMMENT '�ֶ�����',
  `resource_id` varchar(64) CHARACTER SET utf8 COLLATE utf8_bin NULL DEFAULT NULL COMMENT '���̽ڵ�ID',
  `resource_name` varchar(64) CHARACTER SET utf8 COLLATE utf8_bin NULL DEFAULT NULL COMMENT '���̽ڵ�����',
  `is_read` char(1) CHARACTER SET utf8 COLLATE utf8_bin NULL DEFAULT NULL COMMENT '�Ƿ�ֻ��',
  `is_require` char(1) CHARACTER SET utf8 COLLATE utf8_bin NULL DEFAULT NULL,
  `is_hide` char(1) CHARACTER SET utf8 COLLATE utf8_bin NULL DEFAULT NULL COMMENT '�Ƿ�����',
  `create_by` varchar(64) CHARACTER SET utf8 COLLATE utf8_bin NOT NULL COMMENT '������',
  `create_date` datetime(0) NOT NULL COMMENT '����ʱ��',
  `update_by` varchar(64) CHARACTER SET utf8 COLLATE utf8_bin NOT NULL COMMENT '������',
  `update_date` datetime(0) NOT NULL COMMENT '����ʱ��',
  `remarks` varchar(255) CHARACTER SET utf8 COLLATE utf8_bin NULL DEFAULT NULL COMMENT '��ע��Ϣ',
  `del_flag` char(1) CHARACTER SET utf8 COLLATE utf8_bin NOT NULL DEFAULT '0' COMMENT 'ɾ�����',
  PRIMARY KEY (`id`) USING BTREE
) ENGINE = InnoDB CHARACTER SET = utf8 COLLATE = utf8_bin COMMENT = '���̱���ֶ�Ȩ�ޱ�' ROW_FORMAT = Dynamic;

-- ----------------------------
-- Records of flow_form_authorize
-- ----------------------------
INSERT INTO `flow_form_authorize` VALUES ('01aabe59d6134bf6b0e77cb937d8cf12', 'aee0d905-2d31-11ea-91ac-c85b7643dd9e', 'jsite_leave', 1, 'leave_tm_end', 'leave_leader_audit', '领导审批', '1', '0', '0', '1', '2020-01-03 09:57:26', '1', '2020-01-03 09:57:26', NULL, '0');
INSERT INTO `flow_form_authorize` VALUES ('0bf76f510ab84b96a8ff8fe0b28a488f', 'aee0d905-2d31-11ea-91ac-c85b7643dd9e', 'jsite_leave', 1, 'task_asignee', 'startevent1', '开始节点', '0', '1', '0', '1', '2020-01-03 09:53:59', '1', '2020-01-03 14:35:36', NULL, '0');
INSERT INTO `flow_form_authorize` VALUES ('12624a2d5e5845a0aa4b5277f4007643', 'aee0d905-2d31-11ea-91ac-c85b7643dd9e', 'jsite_leave', 1, 'leave_tm_end', 'startevent1', '开始节点', '0', '1', '0', '1', '2020-01-03 09:57:25', '1', '2020-01-03 09:57:25', NULL, '0');
INSERT INTO `flow_form_authorize` VALUES ('2452d697f1974562b22844d7df4a3242', 'aee0d905-2d31-11ea-91ac-c85b7643dd9e', 'jsite_leave', 1, 'leave_days', 'startevent1', '开始节点', '0', '1', '0', '1', '2020-01-03 09:57:32', '1', '2020-01-03 09:57:32', NULL, '0');
INSERT INTO `flow_form_authorize` VALUES ('261133390a6a4a449a5e5f65d6298332', 'aee0d905-2d31-11ea-91ac-c85b7643dd9e', 'jsite_leave', 2, 'comment', 'startevent1', '开始节点', '1', '0', '0', '1', '2020-02-19 11:17:12', '1', '2020-02-19 11:26:13', NULL, '0');
INSERT INTO `flow_form_authorize` VALUES ('299e4d54d0a240d6a457fb546389962a', 'aee0d905-2d31-11ea-91ac-c85b7643dd9e', 'jsite_leave', 2, 'leave_days', 'adjustApply', '调整申请', '0', '0', '0', '1', '2020-02-19 11:17:10', '1', '2020-02-19 11:26:05', NULL, '0');
INSERT INTO `flow_form_authorize` VALUES ('2e25925bdef54fbf9392f9f81cd31284', 'aee0d905-2d31-11ea-91ac-c85b7643dd9e', 'jsite_leave', 2, 'leave_days', 'leave_leader_audit', '领导审批', '1', '0', '0', '1', '2020-02-19 11:17:12', '1', '2020-02-19 11:26:05', NULL, '0');
INSERT INTO `flow_form_authorize` VALUES ('34edd13ea6b6471bbf3a1b460f502a5f', 'aee0d905-2d31-11ea-91ac-c85b7643dd9e', 'jsite_leave', 2, 'leave_tm_end', 'adjustApply', '调整申请', '0', '0', '0', '1', '2020-02-19 11:17:10', '1', '2020-02-19 11:26:01', NULL, '0');
INSERT INTO `flow_form_authorize` VALUES ('36b6c201e3d7405eb19e5d971bd5cbc6', 'aee0d905-2d31-11ea-91ac-c85b7643dd9e', 'jsite_leave', 2, 'leave_tm_end', 'leave_leader_audit', '领导审批', '1', '0', '0', '1', '2020-02-19 11:17:11', '1', '2020-02-19 11:26:02', NULL, '0');
INSERT INTO `flow_form_authorize` VALUES ('3db3b667b69d4cda8f2657cfea4762d7', 'aee0d905-2d31-11ea-91ac-c85b7643dd9e', 'jsite_leave', 2, 'task_asignee', 'startevent1', '开始节点', '0', '0', '0', '1', '2020-02-19 11:17:13', '1', '2020-02-19 11:25:03', NULL, '0');
INSERT INTO `flow_form_authorize` VALUES ('3f90183c62a2455aba2c306cf328bdb4', 'aee0d905-2d31-11ea-91ac-c85b7643dd9e', 'jsite_leave', 2, 'leave_tm_begin', 'leave_leader_audit', '领导审批', '1', '0', '0', '1', '2020-02-19 11:17:11', '1', '2020-02-19 11:25:59', NULL, '0');
INSERT INTO `flow_form_authorize` VALUES ('4af4c84194d54dbabc46cde2b9f787d5', 'aee0d905-2d31-11ea-91ac-c85b7643dd9e', 'jsite_leave', 1, 'leave_tm_end', 'adjustApply', '调整申请', '0', '1', '0', '1', '2020-01-03 09:57:26', '1', '2020-01-03 09:57:26', NULL, '0');
INSERT INTO `flow_form_authorize` VALUES ('4be08df84dbb40e08e79b1ea0f372fae', 'aee0d905-2d31-11ea-91ac-c85b7643dd9e', 'jsite_leave', 2, 'comment', 'leave_leader_audit', '领导审批', '0', '0', '0', '1', '2020-02-19 11:17:11', '1', '2020-02-19 11:26:13', NULL, '0');
INSERT INTO `flow_form_authorize` VALUES ('4d3b980f8d624d52bdb1753f659204e2', 'aee0d905-2d31-11ea-91ac-c85b7643dd9e', 'jsite_leave', 2, 'task_asignee', 'leave_leader_audit', '领导审批', '0', '0', '1', '1', '2020-02-19 11:17:11', '1', '2020-02-19 11:25:03', NULL, '0');
INSERT INTO `flow_form_authorize` VALUES ('504a02664501447bbc0112d9d527aa18', 'aee0d905-2d31-11ea-91ac-c85b7643dd9e', 'jsite_leave', 2, 'leave_type', 'leave_leader_audit', '领导审批', '1', '0', '0', '1', '2020-02-19 11:17:12', '1', '2020-02-19 11:25:54', NULL, '0');
INSERT INTO `flow_form_authorize` VALUES ('558357d545614204861e905e23563f21', 'aee0d905-2d31-11ea-91ac-c85b7643dd9e', 'jsite_leave', 2, 'comment', 'adjustApply', '调整申请', '1', '0', '0', '1', '2020-02-19 11:17:10', '1', '2020-02-19 11:26:13', NULL, '0');
INSERT INTO `flow_form_authorize` VALUES ('57ff74602cac466dabae7f30ad052a38', 'aee0d905-2d31-11ea-91ac-c85b7643dd9e', 'jsite_leave', 1, 'leave_tm_begin', 'startevent1', '开始节点', '0', '1', '0', '1', '2020-01-03 09:57:18', '1', '2020-01-03 09:57:18', NULL, '0');
INSERT INTO `flow_form_authorize` VALUES ('5a38780eeca841e5bf5dcef1195263be', 'aee0d905-2d31-11ea-91ac-c85b7643dd9e', 'jsite_leave', 1, 'leave_reason', 'adjustApply', '调整申请', '0', '1', '0', '1', '2020-01-03 09:57:41', '1', '2020-01-03 09:57:41', NULL, '0');
INSERT INTO `flow_form_authorize` VALUES ('5bc82a2bd4c84cd2b34c859277fa38c6', 'aee0d905-2d31-11ea-91ac-c85b7643dd9e', 'jsite_leave', 2, 'task_asignee', 'adjustApply', '调整申请', '0', '0', '1', '1', '2020-02-19 11:17:11', '1', '2020-02-19 11:25:03', NULL, '0');
INSERT INTO `flow_form_authorize` VALUES ('5c68226f5d334958b0a31383a879b678', 'aee0d905-2d31-11ea-91ac-c85b7643dd9e', 'jsite_leave', 1, 'leave_days', 'leave_leader_audit', '领导审批', '1', '0', '0', '1', '2020-01-03 09:57:33', '1', '2020-01-03 09:57:33', NULL, '0');
INSERT INTO `flow_form_authorize` VALUES ('680329b87fde4065b529b2dd548cb082', 'aee0d905-2d31-11ea-91ac-c85b7643dd9e', 'jsite_leave', 1, 'leave_reason', 'startevent1', '开始节点', '0', '1', '0', '1', '2020-01-03 09:57:40', '1', '2020-01-03 09:57:40', NULL, '0');
INSERT INTO `flow_form_authorize` VALUES ('78877e32a23a4b1a83bce0d3d09d88e3', 'aee0d905-2d31-11ea-91ac-c85b7643dd9e', 'jsite_leave', 2, 'leave_reason', 'adjustApply', '调整申请', '0', '0', '0', '1', '2020-02-19 11:17:10', '1', '2020-02-19 11:26:09', NULL, '0');
INSERT INTO `flow_form_authorize` VALUES ('81c2a5cfc66e4686993f3ef37c6806b2', 'aee0d905-2d31-11ea-91ac-c85b7643dd9e', 'jsite_leave', 1, 'leave_type', 'leave_leader_audit', '领导审批', '1', '0', '0', '1', '2020-01-03 09:56:57', '1', '2020-01-03 09:56:57', NULL, '0');
INSERT INTO `flow_form_authorize` VALUES ('81cf30ad57d641a99ac1dbab2a879b31', 'aee0d905-2d31-11ea-91ac-c85b7643dd9e', 'jsite_leave', 2, 'leave_days', 'startevent1', '开始节点', '0', '0', '0', '1', '2020-02-19 11:17:13', '1', '2020-02-19 11:26:05', NULL, '0');
INSERT INTO `flow_form_authorize` VALUES ('8cffceae34ff4f548f9e97b5c2a9e8bf', 'aee0d905-2d31-11ea-91ac-c85b7643dd9e', 'jsite_leave', 1, 'leave_days', 'adjustApply', '调整申请', '0', '1', '0', '1', '2020-01-03 09:57:33', '1', '2020-01-03 09:57:33', NULL, '0');
INSERT INTO `flow_form_authorize` VALUES ('8f74d168078a48bf85c34ccc62d09258', 'aee0d905-2d31-11ea-91ac-c85b7643dd9e', 'jsite_leave', 2, 'leave_type', 'adjustApply', '调整申请', '0', '0', '0', '1', '2020-02-19 11:17:10', '1', '2020-02-19 11:25:54', NULL, '0');
INSERT INTO `flow_form_authorize` VALUES ('958d8870edc64fd8a8527a1516e92b8e', 'aee0d905-2d31-11ea-91ac-c85b7643dd9e', 'jsite_leave', 1, 'task_asignee', 'adjustApply', '调整申请', '0', '0', '1', '1', '2020-01-03 09:53:59', '1', '2020-01-03 14:35:36', NULL, '0');
INSERT INTO `flow_form_authorize` VALUES ('974ef95d707b401495c5ec1240457640', 'aee0d905-2d31-11ea-91ac-c85b7643dd9e', 'jsite_leave', 2, 'leave_reason', 'startevent1', '开始节点', '0', '0', '0', '1', '2020-02-19 11:17:12', '1', '2020-02-19 11:26:09', NULL, '0');
INSERT INTO `flow_form_authorize` VALUES ('a517b06efc18465ba2e6002ae6b96f1d', 'aee0d905-2d31-11ea-91ac-c85b7643dd9e', 'jsite_leave', 2, 'leave_tm_begin', 'startevent1', '开始节点', '0', '0', '0', '1', '2020-02-19 11:17:13', '1', '2020-02-19 11:25:59', NULL, '0');
INSERT INTO `flow_form_authorize` VALUES ('a6378c11b29840d390e8533300a1e9f6', 'aee0d905-2d31-11ea-91ac-c85b7643dd9e', 'jsite_leave', 2, 'leave_tm_end', 'startevent1', '开始节点', '0', '0', '0', '1', '2020-02-19 11:17:13', '1', '2020-02-19 11:26:02', NULL, '0');
INSERT INTO `flow_form_authorize` VALUES ('a881fffcb01d4bc480927762dc398c0d', 'aee0d905-2d31-11ea-91ac-c85b7643dd9e', 'jsite_leave', 1, 'comment', 'startevent1', '开始节点', '1', '0', '0', '1', '2020-01-03 09:57:50', '1', '2020-01-03 09:57:50', NULL, '0');
INSERT INTO `flow_form_authorize` VALUES ('b054662509c243f580e568c3ac1b1dce', 'aee0d905-2d31-11ea-91ac-c85b7643dd9e', 'jsite_leave', 2, 'leave_type', 'startevent1', '开始节点', '0', '0', '0', '1', '2020-02-19 11:17:12', '1', '2020-02-19 11:25:54', NULL, '0');
INSERT INTO `flow_form_authorize` VALUES ('bdb42e6cb4b047adb1a25cebbc7f9d17', 'aee0d905-2d31-11ea-91ac-c85b7643dd9e', 'jsite_leave', 1, 'task_asignee', 'leave_leader_audit', '领导审批', '0', '0', '1', '1', '2020-01-03 09:53:59', '1', '2020-01-03 14:35:36', NULL, '0');
INSERT INTO `flow_form_authorize` VALUES ('ce9d90fdf73b4444bdfeab4e6106386f', 'aee0d905-2d31-11ea-91ac-c85b7643dd9e', 'jsite_leave', 2, 'leave_reason', 'leave_leader_audit', '领导审批', '1', '0', '0', '1', '2020-02-19 11:17:11', '1', '2020-02-19 11:26:09', NULL, '0');
INSERT INTO `flow_form_authorize` VALUES ('d3127d6f2d4a4bfd83760e002bd4d259', 'aee0d905-2d31-11ea-91ac-c85b7643dd9e', 'jsite_leave', 1, 'leave_type', 'adjustApply', '调整申请', '0', '0', '0', '1', '2020-01-03 09:56:57', '1', '2020-01-03 09:56:57', NULL, '0');
INSERT INTO `flow_form_authorize` VALUES ('d76ac10b6de941b19ab143624a882da5', 'aee0d905-2d31-11ea-91ac-c85b7643dd9e', 'jsite_leave', 1, 'comment', 'adjustApply', '调整申请', '1', '0', '0', '1', '2020-01-03 09:57:52', '1', '2020-01-03 09:57:52', NULL, '0');
INSERT INTO `flow_form_authorize` VALUES ('e3cf98de120545a2b1ff6ef3e4a49646', 'aee0d905-2d31-11ea-91ac-c85b7643dd9e', 'jsite_leave', 2, 'leave_tm_begin', 'adjustApply', '调整申请', '0', '0', '0', '1', '2020-02-19 11:17:09', '1', '2020-02-19 11:25:58', NULL, '0');
INSERT INTO `flow_form_authorize` VALUES ('e5003452a17b4006976df4d4a0c65bca', 'aee0d905-2d31-11ea-91ac-c85b7643dd9e', 'jsite_leave', 1, 'leave_type', 'startevent1', '开始节点', '0', '0', '0', '1', '2020-01-03 09:56:55', '1', '2020-01-03 09:56:55', NULL, '0');
INSERT INTO `flow_form_authorize` VALUES ('ee805e150ad44645ae89990c3f6f9565', 'aee0d905-2d31-11ea-91ac-c85b7643dd9e', 'jsite_leave', 1, 'leave_tm_begin', 'leave_leader_audit', '领导审批', '1', '0', '0', '1', '2020-01-03 09:57:19', '1', '2020-01-03 09:57:19', NULL, '0');
INSERT INTO `flow_form_authorize` VALUES ('f26f62544f6b4085bf823b6fc2a87e36', 'aee0d905-2d31-11ea-91ac-c85b7643dd9e', 'jsite_leave', 1, 'leave_reason', 'leave_leader_audit', '领导审批', '1', '0', '0', '1', '2020-01-03 09:57:41', '1', '2020-01-03 09:57:41', NULL, '0');
INSERT INTO `flow_form_authorize` VALUES ('f60c91a950004a8a8f6c66a409bbf18b', 'aee0d905-2d31-11ea-91ac-c85b7643dd9e', 'jsite_leave', 1, 'leave_tm_begin', 'adjustApply', '调整申请', '0', '1', '0', '1', '2020-01-03 09:57:19', '1', '2020-01-03 09:57:19', NULL, '0');
INSERT INTO `flow_form_authorize` VALUES ('f62080fac3444178a0684f0ab41e5dd7', 'aee0d905-2d31-11ea-91ac-c85b7643dd9e', 'jsite_leave', 1, 'comment', 'leave_leader_audit', '领导审批', '0', '0', '0', '1', '2020-01-03 09:57:50', '1', '2020-01-03 09:57:50', NULL, '0');

-- ----------------------------
-- Table structure for flow_form_business
-- ----------------------------
DROP TABLE IF EXISTS `flow_form_business`;
CREATE TABLE `flow_form_business`  (
  `id` varchar(64) CHARACTER SET utf8 COLLATE utf8_bin NOT NULL COMMENT '���',
  `form_id` varchar(64) CHARACTER SET utf8 COLLATE utf8_bin NULL DEFAULT NULL COMMENT '������',
  `proc_ins_id` varchar(255) CHARACTER SET utf8 COLLATE utf8_bin NULL DEFAULT NULL COMMENT '����ʵ��ID',
  `create_by` varchar(64) CHARACTER SET utf8 COLLATE utf8_bin NOT NULL COMMENT '������',
  `create_date` datetime(0) NOT NULL COMMENT '����ʱ��',
  `update_by` varchar(64) CHARACTER SET utf8 COLLATE utf8_bin NOT NULL COMMENT '������',
  `update_date` datetime(0) NOT NULL COMMENT '����ʱ��',
  `remarks` varchar(255) CHARACTER SET utf8 COLLATE utf8_bin NULL DEFAULT NULL COMMENT '��ע��Ϣ',
  `del_flag` char(1) CHARACTER SET utf8 COLLATE utf8_bin NOT NULL DEFAULT '0' COMMENT 'ɾ�����',
  PRIMARY KEY (`id`) USING BTREE
) ENGINE = InnoDB CHARACTER SET = utf8 COLLATE = utf8_bin COMMENT = '���̱��ҵ���ܱ�' ROW_FORMAT = Dynamic;

-- ----------------------------
-- Records of flow_form_business
-- ----------------------------
INSERT INTO `flow_form_business` VALUES ('0150e3a778874b609905ba4f3c05aa14', 'b50fc0fcc2194ac88d5a85d7c4ae2a2d', 'f5d4437e-3733-11ea-aa63-00163e2e65eb', '1', '2020-01-15 09:11:30', '1', '2020-01-15 09:11:30', NULL, '0');
INSERT INTO `flow_form_business` VALUES ('08b3f8483184489192676c4a0fc7a74f', 'b50fc0fcc2194ac88d5a85d7c4ae2a2d', '18a05841-517b-11ea-9661-00163e2e65eb', '2', '2020-02-17 19:46:12', '2', '2020-02-17 19:46:12', NULL, '0');
INSERT INTO `flow_form_business` VALUES ('0bcda03d39e843088a4c3d6fab230dab', 'b50fc0fcc2194ac88d5a85d7c4ae2a2d', '979e7168-3368-11ea-aa63-00163e2e65eb', '1', '2020-01-10 13:18:10', '1', '2020-01-10 13:18:10', NULL, '0');
INSERT INTO `flow_form_business` VALUES ('16957f196e45430982cf67f4c07586d2', 'b50fc0fcc2194ac88d5a85d7c4ae2a2d', '3414bed4-3046-11ea-9129-00163e2e65eb', '1', '2020-01-06 13:34:27', '1', '2020-01-06 13:34:27', NULL, '0');
INSERT INTO `flow_form_business` VALUES ('190b101831714360a8385c1d46a84df3', 'b50fc0fcc2194ac88d5a85d7c4ae2a2d', '1034b9e1-31f9-11ea-aa63-00163e2e65eb', '1', '2020-01-08 17:27:18', '1', '2020-01-08 17:27:18', NULL, '0');
INSERT INTO `flow_form_business` VALUES ('1a801d4529984f36998d9ac51851c353', 'b50fc0fcc2194ac88d5a85d7c4ae2a2d', '8db9ba53-3379-11ea-aa63-00163e2e65eb', '2', '2020-01-10 15:19:35', '2', '2020-01-10 15:19:35', NULL, '0');
INSERT INTO `flow_form_business` VALUES ('1ca7c4347a9349d1aeec97e9bf828091', 'b50fc0fcc2194ac88d5a85d7c4ae2a2d', 'e08f1edf-4c97-11ea-9b4e-00163e2e65eb', '2', '2020-02-11 14:29:38', '2', '2020-02-11 14:29:38', NULL, '0');
INSERT INTO `flow_form_business` VALUES ('20d017eef151490e86afa85894aa23c6', 'b50fc0fcc2194ac88d5a85d7c4ae2a2d', '264a7336-3678-11ea-aa63-00163e2e65eb', '1', '2020-01-14 10:47:05', '1', '2020-01-14 10:47:05', NULL, '0');
INSERT INTO `flow_form_business` VALUES ('2554ba5658d64d79ae6f085e2d4d51cb', 'b50fc0fcc2194ac88d5a85d7c4ae2a2d', '1f538bd4-4f9d-11ea-9661-00163e2e65eb', '1', '2020-02-15 10:44:44', '1', '2020-02-15 10:44:44', NULL, '0');
INSERT INTO `flow_form_business` VALUES ('2b1caea87ec94bb29b6175834331ea9b', '17902cb796e9404083b8a68632580a42', 'aed40019-52c7-11ea-8c7c-c85b7643dd9e', '1', '2020-02-19 11:26:57', '1', '2020-02-19 11:26:57', NULL, '0');
INSERT INTO `flow_form_business` VALUES ('2d498acf528f46b395a00fcdf93b5c54', 'b50fc0fcc2194ac88d5a85d7c4ae2a2d', '66bf898f-3827-11ea-aa63-00163e2e65eb', '1', '2020-01-16 14:14:07', '1', '2020-01-16 14:14:07', NULL, '0');
INSERT INTO `flow_form_business` VALUES ('2ded58de3ff34ed4953a92498672883e', 'b50fc0fcc2194ac88d5a85d7c4ae2a2d', '6678cae6-515a-11ea-9661-00163e2e65eb', '1', '2020-02-17 15:52:10', '1', '2020-02-17 15:52:10', NULL, '0');
INSERT INTO `flow_form_business` VALUES ('346fbb981ff44d0eb231846927c61715', 'b50fc0fcc2194ac88d5a85d7c4ae2a2d', '5da62737-32b9-11ea-aa63-00163e2e65eb', '1', '2020-01-09 16:23:51', '1', '2020-01-09 16:23:51', NULL, '0');
INSERT INTO `flow_form_business` VALUES ('352b30c8d8e14b3592244daeca9a4a11', 'b50fc0fcc2194ac88d5a85d7c4ae2a2d', 'dafeba38-367d-11ea-aa63-00163e2e65eb', '1', '2020-01-14 11:27:56', '1', '2020-01-14 11:27:56', NULL, '0');
INSERT INTO `flow_form_business` VALUES ('3893a63eadb34a56beaa6d56451b198c', 'b50fc0fcc2194ac88d5a85d7c4ae2a2d', '4868dc5a-4f9e-11ea-9661-00163e2e65eb', '1', '2020-02-15 10:53:03', '1', '2020-02-15 10:53:03', NULL, '0');
INSERT INTO `flow_form_business` VALUES ('38bc9bbdfcf14f09a9b8f3fdc50409ff', 'b50fc0fcc2194ac88d5a85d7c4ae2a2d', 'f9e02281-38f5-11ea-aa63-00163e2e65eb', '1', '2020-01-17 14:52:50', '1', '2020-01-17 14:52:50', NULL, '0');
INSERT INTO `flow_form_business` VALUES ('42d4054b569745f181d2d369703e5998', 'b50fc0fcc2194ac88d5a85d7c4ae2a2d', 'de63bcf2-4bdf-11ea-9b4e-00163e2e65eb', '2', '2020-02-10 16:32:27', '2', '2020-02-10 16:32:27', NULL, '0');
INSERT INTO `flow_form_business` VALUES ('4c7cfcb86d1d4b81843618b51b7186db', 'b50fc0fcc2194ac88d5a85d7c4ae2a2d', '4a4f6710-4e4c-11ea-9661-00163e2e65eb', '2', '2020-02-13 18:33:36', '2', '2020-02-13 18:33:36', NULL, '0');
INSERT INTO `flow_form_business` VALUES ('54546dadb08e4dcbbc3c90ba739fcd91', 'b50fc0fcc2194ac88d5a85d7c4ae2a2d', '1035a7c0-2f8c-11ea-9129-00163e2e65eb', '1', '2020-01-05 15:22:00', '1', '2020-01-05 15:22:00', NULL, '0');
INSERT INTO `flow_form_business` VALUES ('5ea728e17994433aac9a509ac9944ed0', 'b50fc0fcc2194ac88d5a85d7c4ae2a2d', '0ad9c74c-3223-11ea-aa63-00163e2e65eb', '1', '2020-01-08 22:27:48', '1', '2020-01-08 22:27:48', NULL, '0');
INSERT INTO `flow_form_business` VALUES ('621b45fe147b4e1291d5acd272ba2f2e', 'b50fc0fcc2194ac88d5a85d7c4ae2a2d', 'aa3c297d-3349-11ea-aa63-00163e2e65eb', '1', '2020-01-10 09:36:47', '1', '2020-01-10 09:36:47', NULL, '0');
INSERT INTO `flow_form_business` VALUES ('627901d2c68e469189224b66471c9676', 'b50fc0fcc2194ac88d5a85d7c4ae2a2d', '006ae1ba-3838-11ea-aa63-00163e2e65eb', '1', '2020-01-16 16:12:56', '1', '2020-01-16 16:12:56', NULL, '0');
INSERT INTO `flow_form_business` VALUES ('699ddfb824f04d96b76c42354dc2964f', 'b50fc0fcc2194ac88d5a85d7c4ae2a2d', '56631326-383f-11ea-aa63-00163e2e65eb', '1', '2020-01-16 17:05:27', '1', '2020-01-16 17:05:27', NULL, '0');
INSERT INTO `flow_form_business` VALUES ('6bcbe514462a45ff8778f010595169ef', 'b50fc0fcc2194ac88d5a85d7c4ae2a2d', 'ca5a65af-4d6c-11ea-9b4e-00163e2e65eb', '1', '2020-02-12 15:53:43', '1', '2020-02-12 15:53:43', NULL, '0');
INSERT INTO `flow_form_business` VALUES ('6dac5249254843e2a25d59de898686b9', 'b50fc0fcc2194ac88d5a85d7c4ae2a2d', '783cda15-2e95-11ea-9129-00163e2e65eb', '1', '2020-01-04 09:56:49', '1', '2020-01-04 09:56:49', NULL, '0');
INSERT INTO `flow_form_business` VALUES ('6f79af673ab940c3b42b69c7fda7ffec', '17902cb796e9404083b8a68632580a42', 'af905a8a-56af-11ea-9661-00163e2e65eb', '1', '2020-02-24 10:45:15', '1', '2020-02-24 10:45:15', NULL, '0');
INSERT INTO `flow_form_business` VALUES ('75294dca525741a480260d8820a46953', 'b50fc0fcc2194ac88d5a85d7c4ae2a2d', 'a0af89db-2df4-11ea-aa23-c85b7643dd9e', '1', '2020-01-03 14:45:28', '1', '2020-01-03 14:45:28', NULL, '0');
INSERT INTO `flow_form_business` VALUES ('785f9f3ba20d443091c3969187f9b9a0', 'b50fc0fcc2194ac88d5a85d7c4ae2a2d', 'caea8d18-36ae-11ea-aa63-00163e2e65eb', '1', '2020-01-14 17:18:14', '1', '2020-01-14 17:18:14', NULL, '0');
INSERT INTO `flow_form_business` VALUES ('797aa0d32095404f9c5796fd3bb69545', 'b50fc0fcc2194ac88d5a85d7c4ae2a2d', '8290f1e3-3387-11ea-aa63-00163e2e65eb', '1', '2020-01-10 16:59:29', '1', '2020-01-10 16:59:29', NULL, '0');
INSERT INTO `flow_form_business` VALUES ('815a7d8c847946a59dd4dcef7427fd2f', 'b50fc0fcc2194ac88d5a85d7c4ae2a2d', 'c5247234-3156-11ea-9129-00163e2e65eb', '1', '2020-01-07 22:05:33', '1', '2020-01-07 22:05:33', NULL, '0');
INSERT INTO `flow_form_business` VALUES ('81eb2f7819294ad6a5e065c42b1d0236', 'b50fc0fcc2194ac88d5a85d7c4ae2a2d', '143f81f3-3029-11ea-9129-00163e2e65eb', '1', '2020-01-06 10:05:58', '1', '2020-01-06 10:05:58', NULL, '0');
INSERT INTO `flow_form_business` VALUES ('8e80a78718e84192a03f7279dd945c42', '17902cb796e9404083b8a68632580a42', 'def0a034-562d-11ea-9661-00163e2e65eb', '2', '2020-02-23 19:16:00', '2', '2020-02-23 19:16:00', NULL, '0');
INSERT INTO `flow_form_business` VALUES ('8f483ff0ce954f8e83957de684124c36', 'b50fc0fcc2194ac88d5a85d7c4ae2a2d', 'dca4f015-4e48-11ea-9661-00163e2e65eb', '1', '2020-02-13 18:09:03', '1', '2020-02-13 18:09:03', NULL, '0');
INSERT INTO `flow_form_business` VALUES ('9d34ff062ae44a8e88220a2c2a397743', '17902cb796e9404083b8a68632580a42', 'e521e4ae-52ea-11ea-9661-00163e2e65eb', '1', '2020-02-19 15:39:01', '1', '2020-02-19 15:39:01', NULL, '0');
INSERT INTO `flow_form_business` VALUES ('9ea6742d060140979d2fa6309d8d8fe1', 'b50fc0fcc2194ac88d5a85d7c4ae2a2d', 'ec0a0dfc-38fb-11ea-aa63-00163e2e65eb', '1', '2020-01-17 15:35:24', '1', '2020-01-17 15:35:24', NULL, '0');
INSERT INTO `flow_form_business` VALUES ('a9e2126951284868bceb43e81caca869', 'b50fc0fcc2194ac88d5a85d7c4ae2a2d', '3d309e0e-3029-11ea-9129-00163e2e65eb', '1', '2020-01-06 10:07:07', '1', '2020-01-06 10:07:07', NULL, '0');
INSERT INTO `flow_form_business` VALUES ('b393f21fd12648bb9c7cf79241e30b40', 'b50fc0fcc2194ac88d5a85d7c4ae2a2d', 'c81fe553-36b7-11ea-aa63-00163e2e65eb', '1', '2020-01-14 18:22:35', '1', '2020-01-14 18:22:35', NULL, '0');
INSERT INTO `flow_form_business` VALUES ('bd03bf2b04664b51884db6b5a85b8abb', 'b50fc0fcc2194ac88d5a85d7c4ae2a2d', '79cea582-2df3-11ea-aa23-c85b7643dd9e', '1', '2020-01-03 14:37:12', '1', '2020-01-03 14:37:12', NULL, '0');
INSERT INTO `flow_form_business` VALUES ('cd536006afaf40eca5a7fc498e3aee63', 'b50fc0fcc2194ac88d5a85d7c4ae2a2d', 'bdc1bb3a-2dd7-11ea-a0ba-c85b7643dd9e', '1', '2020-01-03 11:18:41', '1', '2020-01-03 11:18:41', NULL, '0');
INSERT INTO `flow_form_business` VALUES ('d2eded0dfea948caa0433105525803c3', 'b50fc0fcc2194ac88d5a85d7c4ae2a2d', '5460056f-4f9d-11ea-9661-00163e2e65eb', '1', '2020-02-15 10:46:13', '1', '2020-02-15 10:46:13', NULL, '0');
INSERT INTO `flow_form_business` VALUES ('d40bdbaf8d9e426885097b21f390293a', 'b50fc0fcc2194ac88d5a85d7c4ae2a2d', 'd698a7fb-4d81-11ea-9b4e-00163e2e65eb', '1', '2020-02-12 18:24:23', '1', '2020-02-12 18:24:23', NULL, '0');
INSERT INTO `flow_form_business` VALUES ('dc37012c6fc649c3a82868288c8b5bd4', 'b50fc0fcc2194ac88d5a85d7c4ae2a2d', 'c87ffc92-32bd-11ea-aa63-00163e2e65eb', '1', '2020-01-09 16:55:28', '1', '2020-01-09 16:55:28', NULL, '0');
INSERT INTO `flow_form_business` VALUES ('eed2fae2591d46b3917cd0980e6c76a6', 'b50fc0fcc2194ac88d5a85d7c4ae2a2d', 'fc715bed-36a6-11ea-aa63-00163e2e65eb', '1', '2020-01-14 16:22:22', '1', '2020-01-14 16:22:22', NULL, '0');
INSERT INTO `flow_form_business` VALUES ('ef2d9d44ab6e4c89a379f5b8c71d1f73', 'b50fc0fcc2194ac88d5a85d7c4ae2a2d', '90237410-35d5-11ea-aa63-00163e2e65eb', '1', '2020-01-13 15:23:15', '1', '2020-01-13 15:23:15', NULL, '0');
INSERT INTO `flow_form_business` VALUES ('f89ed621413846589bd433fee03826c5', 'b50fc0fcc2194ac88d5a85d7c4ae2a2d', '7c8a32c5-35d1-11ea-aa63-00163e2e65eb', '1', '2020-01-13 14:54:04', '1', '2020-01-13 14:54:04', NULL, '0');
INSERT INTO `flow_form_business` VALUES ('fadf2b5870ab49d5bb527b90af2fa246', 'b50fc0fcc2194ac88d5a85d7c4ae2a2d', 'd27dd303-2dea-11ea-b12b-c85b7643dd9e', '1', '2020-01-03 13:35:16', '1', '2020-01-03 13:35:16', NULL, '0');
INSERT INTO `flow_form_business` VALUES ('fc8a20a02b1d4b15a8bab8e2ee0efde9', 'b50fc0fcc2194ac88d5a85d7c4ae2a2d', 'e318c61c-305b-11ea-9129-00163e2e65eb', '2', '2020-01-06 16:09:40', '2', '2020-01-06 16:09:40', NULL, '0');

-- ----------------------------
-- Table structure for flow_form_data
-- ----------------------------
DROP TABLE IF EXISTS `flow_form_data`;
CREATE TABLE `flow_form_data`  (
  `id` varchar(64) CHARACTER SET utf8 COLLATE utf8_bin NOT NULL COMMENT '���',
  `form_id` varchar(64) CHARACTER SET utf8 COLLATE utf8_bin NOT NULL COMMENT '������',
  `proc_ins_id` varchar(255) CHARACTER SET utf8 COLLATE utf8_bin NULL DEFAULT NULL COMMENT '����ʵ��ID',
  `field_name` varchar(64) CHARACTER SET utf8 COLLATE utf8_bin NULL DEFAULT NULL COMMENT '�ֶ�����',
  `field_value` varchar(255) CHARACTER SET utf8 COLLATE utf8_bin NULL DEFAULT NULL COMMENT '�ֶ�ֵ',
  `field_large_value` varchar(3000) CHARACTER SET utf8 COLLATE utf8_bin NULL DEFAULT NULL COMMENT '���ı��ֶ�ֵ',
  `create_by` varchar(64) CHARACTER SET utf8 COLLATE utf8_bin NOT NULL COMMENT '������',
  `create_date` datetime(0) NOT NULL COMMENT '����ʱ��',
  `update_by` varchar(64) CHARACTER SET utf8 COLLATE utf8_bin NOT NULL COMMENT '������',
  `update_date` datetime(0) NOT NULL COMMENT '����ʱ��',
  `remarks` varchar(255) CHARACTER SET utf8 COLLATE utf8_bin NULL DEFAULT NULL COMMENT '��ע��Ϣ',
  `del_flag` char(1) CHARACTER SET utf8 COLLATE utf8_bin NOT NULL DEFAULT '0' COMMENT 'ɾ�����',
  PRIMARY KEY (`id`) USING BTREE,
  INDEX `form_id`(`form_id`) USING BTREE,
  CONSTRAINT `flow_form_data_ibfk_1` FOREIGN KEY (`form_id`) REFERENCES `flow_form` (`id`) ON DELETE RESTRICT ON UPDATE RESTRICT
) ENGINE = InnoDB CHARACTER SET = utf8 COLLATE = utf8_bin COMMENT = '���̱���ֶ����ݱ�' ROW_FORMAT = Dynamic;

-- ----------------------------
-- Records of flow_form_data
-- ----------------------------
INSERT INTO `flow_form_data` VALUES ('00aadd8fd08e430e8e33048c9ff30d67', 'b50fc0fcc2194ac88d5a85d7c4ae2a2d', '6678cae6-515a-11ea-9661-00163e2e65eb', 'leave_reason', 'aaa', NULL, '1', '2020-02-17 15:52:10', '2', '2020-02-18 13:28:31', NULL, '0');
INSERT INTO `flow_form_data` VALUES ('03334f7d474c45d5bdca7d3703c037cc', 'b50fc0fcc2194ac88d5a85d7c4ae2a2d', '3414bed4-3046-11ea-9129-00163e2e65eb', 'leave_tm_begin', '2020-01-06', NULL, '1', '2020-01-06 13:34:27', '3', '2020-01-07 16:49:14', NULL, '0');
INSERT INTO `flow_form_data` VALUES ('034493c821074c158b459cd489b11921', 'b50fc0fcc2194ac88d5a85d7c4ae2a2d', 'bdc1bb3a-2dd7-11ea-a0ba-c85b7643dd9e', 'leave_days', '2', NULL, '1', '2020-01-03 11:18:44', '1', '2020-01-03 12:05:27', NULL, '0');
INSERT INTO `flow_form_data` VALUES ('0430eea0db2546d3a422c7623f6421cd', 'b50fc0fcc2194ac88d5a85d7c4ae2a2d', 'a0af89db-2df4-11ea-aa23-c85b7643dd9e', 'leave_reason', '请假测试2222222', NULL, '1', '2020-01-03 14:45:31', '2', '2020-01-17 15:37:25', NULL, '0');
INSERT INTO `flow_form_data` VALUES ('053bdd08193b4fbfae0f8fc46a42ef2f', 'b50fc0fcc2194ac88d5a85d7c4ae2a2d', '783cda15-2e95-11ea-9129-00163e2e65eb', 'leave_reason', ' cnmd  bbb ', NULL, '1', '2020-01-04 09:56:50', '2', '2020-02-17 20:51:41', NULL, '0');
INSERT INTO `flow_form_data` VALUES ('056be1ce46fb42f99628e2ef75df48ab', 'b50fc0fcc2194ac88d5a85d7c4ae2a2d', 'e08f1edf-4c97-11ea-9b4e-00163e2e65eb', 'leave_days', '3', NULL, '2', '2020-02-11 14:29:38', '2', '2020-02-13 18:34:05', NULL, '0');
INSERT INTO `flow_form_data` VALUES ('057aac0705d041ec935b12f49aedb3ce', 'b50fc0fcc2194ac88d5a85d7c4ae2a2d', '18a05841-517b-11ea-9661-00163e2e65eb', 'leave_reason', '12121', NULL, '2', '2020-02-17 19:46:13', '3', '2020-03-02 17:37:10', NULL, '0');
INSERT INTO `flow_form_data` VALUES ('06698d3b07b540b4bf921777263f9259', '17902cb796e9404083b8a68632580a42', 'def0a034-562d-11ea-9661-00163e2e65eb', 'leave_reason', '测试1231', NULL, '2', '2020-02-23 19:16:01', '1', '2020-02-27 10:09:37', NULL, '0');
INSERT INTO `flow_form_data` VALUES ('0724efab244942d6abc2ab3a89bb8ba1', 'b50fc0fcc2194ac88d5a85d7c4ae2a2d', 'e08f1edf-4c97-11ea-9b4e-00163e2e65eb', 'comment', '', NULL, '2', '2020-02-11 14:29:38', '2', '2020-02-13 18:34:05', NULL, '0');
INSERT INTO `flow_form_data` VALUES ('0742378913fc4547903512b0f559a38b', 'b50fc0fcc2194ac88d5a85d7c4ae2a2d', '4868dc5a-4f9e-11ea-9661-00163e2e65eb', 'leave_tm_end', '2020-02-15', NULL, '1', '2020-02-15 10:53:03', '1', '2020-02-18 17:27:55', NULL, '0');
INSERT INTO `flow_form_data` VALUES ('0848e029f4864ce2aced89b422a33411', 'b50fc0fcc2194ac88d5a85d7c4ae2a2d', '006ae1ba-3838-11ea-aa63-00163e2e65eb', 'comment', '', NULL, '1', '2020-01-16 16:12:57', '1', '2020-01-16 16:12:57', NULL, '0');
INSERT INTO `flow_form_data` VALUES ('0967518e26354e3ba9c688a1c348fef6', 'b50fc0fcc2194ac88d5a85d7c4ae2a2d', '1034b9e1-31f9-11ea-aa63-00163e2e65eb', 'leave_days', '3', NULL, '1', '2020-01-08 17:27:18', '1', '2020-03-12 17:41:36', NULL, '0');
INSERT INTO `flow_form_data` VALUES ('098f9ab127cb42f087420dd25bda6c02', 'b50fc0fcc2194ac88d5a85d7c4ae2a2d', 'e318c61c-305b-11ea-9129-00163e2e65eb', 'leave_tm_end', '2020-01-08', NULL, '2', '2020-01-06 16:09:40', '2', '2020-01-06 16:10:38', NULL, '0');
INSERT INTO `flow_form_data` VALUES ('0a2ee33a25714145860fd13b92dbca5b', 'b50fc0fcc2194ac88d5a85d7c4ae2a2d', '18a05841-517b-11ea-9661-00163e2e65eb', 'leave_type', '3', NULL, '2', '2020-02-17 19:46:13', '3', '2020-03-02 17:37:10', NULL, '0');
INSERT INTO `flow_form_data` VALUES ('0abfbb56494e4eb78940b80a9599b1d0', 'b50fc0fcc2194ac88d5a85d7c4ae2a2d', '90237410-35d5-11ea-aa63-00163e2e65eb', 'leave_tm_begin', '2020-01-13', NULL, '1', '2020-01-13 15:23:15', '1', '2020-01-13 15:24:11', NULL, '0');
INSERT INTO `flow_form_data` VALUES ('0b11dd839790470f851459b95c519b7b', 'b50fc0fcc2194ac88d5a85d7c4ae2a2d', 'de63bcf2-4bdf-11ea-9b4e-00163e2e65eb', 'leave_type', '3', NULL, '2', '2020-02-10 16:32:27', '1', '2020-03-14 01:36:26', NULL, '0');
INSERT INTO `flow_form_data` VALUES ('0b150ae11f314636864904f786c68e48', 'b50fc0fcc2194ac88d5a85d7c4ae2a2d', '66bf898f-3827-11ea-aa63-00163e2e65eb', 'comment', '', NULL, '1', '2020-01-16 14:14:07', '1', '2020-01-16 14:14:07', NULL, '0');
INSERT INTO `flow_form_data` VALUES ('0bd8e1ef4d3f4099b724b40471167c77', 'b50fc0fcc2194ac88d5a85d7c4ae2a2d', '0ad9c74c-3223-11ea-aa63-00163e2e65eb', 'task_asignee', '', NULL, '1', '2020-01-08 22:27:48', '1', '2020-01-13 15:24:04', NULL, '0');
INSERT INTO `flow_form_data` VALUES ('0c01300da9214c47a8260af0966e17a4', 'b50fc0fcc2194ac88d5a85d7c4ae2a2d', 'de63bcf2-4bdf-11ea-9b4e-00163e2e65eb', 'leave_tm_begin', '2020-02-11', NULL, '2', '2020-02-10 16:32:27', '1', '2020-03-14 01:36:26', NULL, '0');
INSERT INTO `flow_form_data` VALUES ('0c1cd71684e84db1a44b8aaeed69d15b', 'b50fc0fcc2194ac88d5a85d7c4ae2a2d', 'fc715bed-36a6-11ea-aa63-00163e2e65eb', 'leave_type', '2', NULL, '1', '2020-01-14 16:22:22', '1', '2020-01-14 16:22:22', NULL, '0');
INSERT INTO `flow_form_data` VALUES ('0c6f2b99545145e692f7328a6de76441', 'b50fc0fcc2194ac88d5a85d7c4ae2a2d', 'ca5a65af-4d6c-11ea-9b4e-00163e2e65eb', 'leave_tm_end', '2020-02-21', NULL, '1', '2020-02-12 15:53:44', '3', '2020-03-02 15:52:53', NULL, '0');
INSERT INTO `flow_form_data` VALUES ('0c9015df08654682ba5b58f8f1104acd', 'b50fc0fcc2194ac88d5a85d7c4ae2a2d', '264a7336-3678-11ea-aa63-00163e2e65eb', 'leave_tm_begin', '2020-01-14', NULL, '1', '2020-01-14 10:47:06', '1', '2020-01-14 14:08:19', NULL, '0');
INSERT INTO `flow_form_data` VALUES ('0cbd0712d9214d1aad393c21abd1061f', 'b50fc0fcc2194ac88d5a85d7c4ae2a2d', 'f5d4437e-3733-11ea-aa63-00163e2e65eb', 'comment', '', NULL, '1', '2020-01-15 09:11:30', '2', '2020-01-17 15:36:39', NULL, '0');
INSERT INTO `flow_form_data` VALUES ('0ede4bd02a2b49f9b67317d8118de47d', 'b50fc0fcc2194ac88d5a85d7c4ae2a2d', 'bdc1bb3a-2dd7-11ea-a0ba-c85b7643dd9e', 'leave_reason', '請假測試', NULL, '1', '2020-01-03 11:18:45', '1', '2020-01-03 12:05:27', NULL, '0');
INSERT INTO `flow_form_data` VALUES ('0f034517573a49e296cdbac8bc0d1aeb', 'b50fc0fcc2194ac88d5a85d7c4ae2a2d', '1034b9e1-31f9-11ea-aa63-00163e2e65eb', 'leave_reason', '的吃撒', NULL, '1', '2020-01-08 17:27:18', '1', '2020-03-12 17:41:36', NULL, '0');
INSERT INTO `flow_form_data` VALUES ('0f3f895452f44b829d81685f43c13b52', 'b50fc0fcc2194ac88d5a85d7c4ae2a2d', '264a7336-3678-11ea-aa63-00163e2e65eb', 'leave_days', '5', NULL, '1', '2020-01-14 10:47:06', '1', '2020-01-14 14:08:19', NULL, '0');
INSERT INTO `flow_form_data` VALUES ('0f666c5c0ad14591b52bba071e6dc988', 'b50fc0fcc2194ac88d5a85d7c4ae2a2d', 'f9e02281-38f5-11ea-aa63-00163e2e65eb', 'leave_tm_end', '2020-01-21', NULL, '1', '2020-01-17 14:52:50', '3', '2020-02-27 13:09:28', NULL, '0');
INSERT INTO `flow_form_data` VALUES ('0f731bc9380045fcac82ca9be9b863e4', 'b50fc0fcc2194ac88d5a85d7c4ae2a2d', 'd698a7fb-4d81-11ea-9b4e-00163e2e65eb', 'leave_tm_end', '2020-02-14', NULL, '1', '2020-02-12 18:24:24', '2', '2020-02-12 18:27:46', NULL, '0');
INSERT INTO `flow_form_data` VALUES ('0f8acc52a21b42299d395dc326042ceb', 'b50fc0fcc2194ac88d5a85d7c4ae2a2d', '1f538bd4-4f9d-11ea-9661-00163e2e65eb', 'leave_tm_end', '2020-02-15', NULL, '1', '2020-02-15 10:44:45', '4', '2020-02-19 14:18:10', NULL, '0');
INSERT INTO `flow_form_data` VALUES ('0fc6503978544fb48070bc3594f6bb13', '17902cb796e9404083b8a68632580a42', 'def0a034-562d-11ea-9661-00163e2e65eb', 'leave_days', '', NULL, '2', '2020-02-23 19:16:00', '1', '2020-02-27 10:09:37', NULL, '0');
INSERT INTO `flow_form_data` VALUES ('0fdec8ea08c24858b7174ba5f5b78884', 'b50fc0fcc2194ac88d5a85d7c4ae2a2d', '5da62737-32b9-11ea-aa63-00163e2e65eb', 'leave_tm_end', '2020-01-06', NULL, '1', '2020-01-09 16:23:51', '1', '2020-03-12 17:41:23', NULL, '0');
INSERT INTO `flow_form_data` VALUES ('11da34c38126424ab6fb3baab69c41c6', 'b50fc0fcc2194ac88d5a85d7c4ae2a2d', 'd27dd303-2dea-11ea-b12b-c85b7643dd9e', 'leave_type', '3', NULL, '1', '2020-01-03 13:35:21', '1', '2020-01-03 14:00:53', NULL, '0');
INSERT INTO `flow_form_data` VALUES ('137082d995194431aa87eb501ef2bf96', 'b50fc0fcc2194ac88d5a85d7c4ae2a2d', 'd698a7fb-4d81-11ea-9b4e-00163e2e65eb', 'task_asignee', '', NULL, '1', '2020-02-12 18:24:24', '2', '2020-02-12 18:27:46', NULL, '0');
INSERT INTO `flow_form_data` VALUES ('137d2a559bd648d98a66c748a63f4003', 'b50fc0fcc2194ac88d5a85d7c4ae2a2d', 'dca4f015-4e48-11ea-9661-00163e2e65eb', 'task_asignee', '普通用户,jsiteuser', NULL, '1', '2020-02-13 18:09:04', '1', '2020-02-13 18:09:04', NULL, '0');
INSERT INTO `flow_form_data` VALUES ('13f12a6504d04c6490005b28c4b2ddbe', 'b50fc0fcc2194ac88d5a85d7c4ae2a2d', 'bdc1bb3a-2dd7-11ea-a0ba-c85b7643dd9e', 'task_asignee', '', NULL, '1', '2020-01-03 11:18:44', '1', '2020-01-03 12:05:27', NULL, '0');
INSERT INTO `flow_form_data` VALUES ('14ca2bfa186048b9ae1acfee2b9b47d1', 'b50fc0fcc2194ac88d5a85d7c4ae2a2d', 'ca5a65af-4d6c-11ea-9b4e-00163e2e65eb', 'task_asignee', '', NULL, '1', '2020-02-12 15:53:44', '3', '2020-03-02 15:52:53', NULL, '0');
INSERT INTO `flow_form_data` VALUES ('16153608049445c7b726791d31eb2bb8', '17902cb796e9404083b8a68632580a42', 'def0a034-562d-11ea-9661-00163e2e65eb', 'leave_tm_begin', '2020-02-23', NULL, '2', '2020-02-23 19:16:00', '1', '2020-02-27 10:09:36', NULL, '0');
INSERT INTO `flow_form_data` VALUES ('1699910a291f4b6da79903bcc9ca2e3f', 'b50fc0fcc2194ac88d5a85d7c4ae2a2d', '4a4f6710-4e4c-11ea-9661-00163e2e65eb', 'leave_days', '3', NULL, '2', '2020-02-13 18:33:36', '3', '2020-03-16 10:15:56', NULL, '0');
INSERT INTO `flow_form_data` VALUES ('173cc31952394f6f93f890585c7da778', '17902cb796e9404083b8a68632580a42', 'af905a8a-56af-11ea-9661-00163e2e65eb', 'leave_type', '3', NULL, '1', '2020-02-24 10:45:16', '3', '2020-02-27 13:09:21', NULL, '0');
INSERT INTO `flow_form_data` VALUES ('17822b7468a149bda9a6a8d4e1d35737', 'b50fc0fcc2194ac88d5a85d7c4ae2a2d', '1f538bd4-4f9d-11ea-9661-00163e2e65eb', 'leave_type', '1', NULL, '1', '2020-02-15 10:44:45', '4', '2020-02-19 14:18:10', NULL, '0');
INSERT INTO `flow_form_data` VALUES ('195e3cc86b1a4967a2b214aec30dae81', 'b50fc0fcc2194ac88d5a85d7c4ae2a2d', '79cea582-2df3-11ea-aa23-c85b7643dd9e', 'task_asignee', '', NULL, '1', '2020-01-03 14:37:15', '1', '2020-01-03 14:43:59', NULL, '0');
INSERT INTO `flow_form_data` VALUES ('1c43a3b076144c15864412aa34e7372f', 'b50fc0fcc2194ac88d5a85d7c4ae2a2d', '90237410-35d5-11ea-aa63-00163e2e65eb', 'comment', '', NULL, '1', '2020-01-13 15:23:15', '1', '2020-01-13 15:24:11', NULL, '0');
INSERT INTO `flow_form_data` VALUES ('1d71d31bfc03425d9ec139000cb2c340', 'b50fc0fcc2194ac88d5a85d7c4ae2a2d', '783cda15-2e95-11ea-9129-00163e2e65eb', 'comment', '啊啊啊啊啊啊啊啊啊啊啊  驳回', NULL, '1', '2020-01-04 09:56:50', '2', '2020-02-17 20:51:41', NULL, '0');
INSERT INTO `flow_form_data` VALUES ('1fcd6daa148e4a2f8d8b820567e3e0f0', 'b50fc0fcc2194ac88d5a85d7c4ae2a2d', '4868dc5a-4f9e-11ea-9661-00163e2e65eb', 'comment', '同意', NULL, '1', '2020-02-15 10:53:03', '1', '2020-02-18 17:27:55', NULL, '0');
INSERT INTO `flow_form_data` VALUES ('201484b0c5484bfe8930ab0d2b703e10', 'b50fc0fcc2194ac88d5a85d7c4ae2a2d', 'd27dd303-2dea-11ea-b12b-c85b7643dd9e', 'task_asignee', '', NULL, '1', '2020-01-03 13:35:19', '1', '2020-01-03 14:00:52', NULL, '0');
INSERT INTO `flow_form_data` VALUES ('20385ec3d1b64517ae3b9e63a00eb295', 'b50fc0fcc2194ac88d5a85d7c4ae2a2d', 'c5247234-3156-11ea-9129-00163e2e65eb', 'task_asignee', '', NULL, '1', '2020-01-07 22:05:33', '2', '2020-02-13 18:34:11', NULL, '0');
INSERT INTO `flow_form_data` VALUES ('213f0846abd14082a96e3443b7fbb4b2', 'b50fc0fcc2194ac88d5a85d7c4ae2a2d', '783cda15-2e95-11ea-9129-00163e2e65eb', 'leave_tm_end', '2020-02-01', NULL, '1', '2020-01-04 09:56:50', '2', '2020-02-17 20:51:41', NULL, '0');
INSERT INTO `flow_form_data` VALUES ('21cd65c04c9f4bb7b5e91b36afa7949b', 'b50fc0fcc2194ac88d5a85d7c4ae2a2d', '3d309e0e-3029-11ea-9129-00163e2e65eb', 'comment', 'ddsfsfsdfsdfs', NULL, '1', '2020-01-06 10:07:07', '1', '2020-01-07 14:48:24', NULL, '0');
INSERT INTO `flow_form_data` VALUES ('2228d510b7844367aab7da5283d52a0c', 'b50fc0fcc2194ac88d5a85d7c4ae2a2d', 'caea8d18-36ae-11ea-aa63-00163e2e65eb', 'comment', '', NULL, '1', '2020-01-14 17:18:15', '3', '2020-01-15 11:00:03', NULL, '0');
INSERT INTO `flow_form_data` VALUES ('24a70c3bd55448e8b20e9706e4cdac32', 'b50fc0fcc2194ac88d5a85d7c4ae2a2d', 'aa3c297d-3349-11ea-aa63-00163e2e65eb', 'task_asignee', '', NULL, '1', '2020-01-10 09:36:47', '1', '2020-01-10 15:25:55', NULL, '0');
INSERT INTO `flow_form_data` VALUES ('2591e0be308548649a22751aa01ced9b', 'b50fc0fcc2194ac88d5a85d7c4ae2a2d', 'f9e02281-38f5-11ea-aa63-00163e2e65eb', 'comment', '', NULL, '1', '2020-01-17 14:52:50', '3', '2020-02-27 13:09:28', NULL, '0');
INSERT INTO `flow_form_data` VALUES ('26fac7eccd1642fa9920d6fc9ea5dd39', 'b50fc0fcc2194ac88d5a85d7c4ae2a2d', 'c87ffc92-32bd-11ea-aa63-00163e2e65eb', 'leave_tm_end', '2020-01-10', NULL, '1', '2020-01-09 16:55:29', '1', '2020-03-12 17:41:06', NULL, '0');
INSERT INTO `flow_form_data` VALUES ('270877ee9bd842b790327cd72b468610', 'b50fc0fcc2194ac88d5a85d7c4ae2a2d', '979e7168-3368-11ea-aa63-00163e2e65eb', 'task_asignee', '', NULL, '1', '2020-01-10 13:18:10', '2', '2020-01-17 15:37:10', NULL, '0');
INSERT INTO `flow_form_data` VALUES ('27597d6b5db547d988c2f9b16d5290d3', 'b50fc0fcc2194ac88d5a85d7c4ae2a2d', 'dafeba38-367d-11ea-aa63-00163e2e65eb', 'leave_days', '1', NULL, '1', '2020-01-14 11:27:57', '2', '2020-02-11 14:29:46', NULL, '0');
INSERT INTO `flow_form_data` VALUES ('286cacb7128f4a418e17b785b18fe912', 'b50fc0fcc2194ac88d5a85d7c4ae2a2d', '8290f1e3-3387-11ea-aa63-00163e2e65eb', 'leave_reason', 'test', NULL, '1', '2020-01-10 16:59:30', '1', '2020-01-10 16:59:30', NULL, '0');
INSERT INTO `flow_form_data` VALUES ('29c8a32cc05c4357ab7e0fbc376c9c2b', 'b50fc0fcc2194ac88d5a85d7c4ae2a2d', '79cea582-2df3-11ea-aa23-c85b7643dd9e', 'leave_tm_begin', '2020-01-03', NULL, '1', '2020-01-03 14:37:15', '1', '2020-01-03 14:43:59', NULL, '0');
INSERT INTO `flow_form_data` VALUES ('29e7c48da7d648a588f2fd33832f2842', 'b50fc0fcc2194ac88d5a85d7c4ae2a2d', '006ae1ba-3838-11ea-aa63-00163e2e65eb', 'leave_tm_end', '2020-01-24', NULL, '1', '2020-01-16 16:12:57', '1', '2020-01-16 16:12:57', NULL, '0');
INSERT INTO `flow_form_data` VALUES ('29fef8346813444ebbb4239f6daddacc', 'b50fc0fcc2194ac88d5a85d7c4ae2a2d', '6678cae6-515a-11ea-9661-00163e2e65eb', 'leave_type', '1', NULL, '1', '2020-02-17 15:52:10', '2', '2020-02-18 13:28:31', NULL, '0');
INSERT INTO `flow_form_data` VALUES ('2a2cbef9f7cf47979a7bc3f2a5b3cc31', 'b50fc0fcc2194ac88d5a85d7c4ae2a2d', 'dafeba38-367d-11ea-aa63-00163e2e65eb', 'leave_tm_begin', '2020-01-14', NULL, '1', '2020-01-14 11:27:57', '2', '2020-02-11 14:29:46', NULL, '0');
INSERT INTO `flow_form_data` VALUES ('2babfc4745c8496bb6fbcfb4045a6c07', 'b50fc0fcc2194ac88d5a85d7c4ae2a2d', '90237410-35d5-11ea-aa63-00163e2e65eb', 'leave_type', '4', NULL, '1', '2020-01-13 15:23:15', '1', '2020-01-13 15:24:11', NULL, '0');
INSERT INTO `flow_form_data` VALUES ('2e7dd092fbd043aea014187880d80908', 'b50fc0fcc2194ac88d5a85d7c4ae2a2d', 'ec0a0dfc-38fb-11ea-aa63-00163e2e65eb', 'leave_tm_end', '2020-01-17', NULL, '1', '2020-01-17 15:35:24', '3', '2020-01-17 15:38:18', NULL, '0');
INSERT INTO `flow_form_data` VALUES ('2ea0cfed7ca4405bbedee592c4c73b31', 'b50fc0fcc2194ac88d5a85d7c4ae2a2d', 'dca4f015-4e48-11ea-9661-00163e2e65eb', 'leave_tm_end', '2020-02-15', NULL, '1', '2020-02-13 18:09:04', '1', '2020-02-13 18:09:04', NULL, '0');
INSERT INTO `flow_form_data` VALUES ('2f2719ce0e01478190d2a8734dd341fd', '17902cb796e9404083b8a68632580a42', 'def0a034-562d-11ea-9661-00163e2e65eb', 'leave_tm_end', '2020-02-29', NULL, '2', '2020-02-23 19:16:01', '1', '2020-02-27 10:09:37', NULL, '0');
INSERT INTO `flow_form_data` VALUES ('2f554818c7ac4559b7da01bf6f84a720', 'b50fc0fcc2194ac88d5a85d7c4ae2a2d', 'e08f1edf-4c97-11ea-9b4e-00163e2e65eb', 'leave_tm_begin', '2020-02-11', NULL, '2', '2020-02-11 14:29:38', '2', '2020-02-13 18:34:05', NULL, '0');
INSERT INTO `flow_form_data` VALUES ('2f6ce172b873441bbf5b2cb7496cdfa2', 'b50fc0fcc2194ac88d5a85d7c4ae2a2d', 'ec0a0dfc-38fb-11ea-aa63-00163e2e65eb', 'leave_tm_begin', '2020-01-17', NULL, '1', '2020-01-17 15:35:24', '3', '2020-01-17 15:38:18', NULL, '0');
INSERT INTO `flow_form_data` VALUES ('30264165a5d341ff9c88f11a3e497d48', 'b50fc0fcc2194ac88d5a85d7c4ae2a2d', 'f5d4437e-3733-11ea-aa63-00163e2e65eb', 'leave_tm_end', '2020-01-15', NULL, '1', '2020-01-15 09:11:30', '2', '2020-01-17 15:36:39', NULL, '0');
INSERT INTO `flow_form_data` VALUES ('303c207ba50c457286467c4731bcdda4', 'b50fc0fcc2194ac88d5a85d7c4ae2a2d', 'dca4f015-4e48-11ea-9661-00163e2e65eb', 'leave_reason', 'adsadasd', NULL, '1', '2020-02-13 18:09:04', '1', '2020-02-13 18:09:04', NULL, '0');
INSERT INTO `flow_form_data` VALUES ('32daf1a7bec44c3c8c16febe596607db', 'b50fc0fcc2194ac88d5a85d7c4ae2a2d', '264a7336-3678-11ea-aa63-00163e2e65eb', 'leave_reason', '请假原因：\n', NULL, '1', '2020-01-14 10:47:06', '1', '2020-01-14 14:08:19', NULL, '0');
INSERT INTO `flow_form_data` VALUES ('3454c189c8ff4d5abb645b771116d78c', 'b50fc0fcc2194ac88d5a85d7c4ae2a2d', '4a4f6710-4e4c-11ea-9661-00163e2e65eb', 'comment', '', NULL, '2', '2020-02-13 18:33:36', '3', '2020-03-16 10:15:56', NULL, '0');
INSERT INTO `flow_form_data` VALUES ('3469a6d8abaa4820a56c0ed7e5eed917', 'b50fc0fcc2194ac88d5a85d7c4ae2a2d', '3414bed4-3046-11ea-9129-00163e2e65eb', 'leave_days', '3', NULL, '1', '2020-01-06 13:34:27', '3', '2020-01-07 16:49:14', NULL, '0');
INSERT INTO `flow_form_data` VALUES ('379898d8d8e8444180097bf48d1b523d', 'b50fc0fcc2194ac88d5a85d7c4ae2a2d', '1035a7c0-2f8c-11ea-9129-00163e2e65eb', 'leave_tm_begin', '2020-01-05', NULL, '1', '2020-01-05 15:22:00', '1', '2020-01-05 15:22:17', NULL, '0');
INSERT INTO `flow_form_data` VALUES ('37c0f379d1b54f0fb4f8cbc47790bf1b', 'b50fc0fcc2194ac88d5a85d7c4ae2a2d', 'f5d4437e-3733-11ea-aa63-00163e2e65eb', 'leave_days', '1', NULL, '1', '2020-01-15 09:11:30', '2', '2020-01-17 15:36:39', NULL, '0');
INSERT INTO `flow_form_data` VALUES ('37de9fca8f82436eab431da839f88b1e', '17902cb796e9404083b8a68632580a42', 'def0a034-562d-11ea-9661-00163e2e65eb', 'comment', '1231321', NULL, '2', '2020-02-23 19:16:00', '1', '2020-02-27 10:09:37', NULL, '0');
INSERT INTO `flow_form_data` VALUES ('39a92bfcb30e4c4fbe1d6574b0bbce13', 'b50fc0fcc2194ac88d5a85d7c4ae2a2d', '6678cae6-515a-11ea-9661-00163e2e65eb', 'leave_tm_begin', '2020-02-17', NULL, '1', '2020-02-17 15:52:10', '2', '2020-02-18 13:28:31', NULL, '0');
INSERT INTO `flow_form_data` VALUES ('39fc268a13134dc9a80dc5d46a295f7a', '17902cb796e9404083b8a68632580a42', 'af905a8a-56af-11ea-9661-00163e2e65eb', 'leave_reason', '12313', NULL, '1', '2020-02-24 10:45:16', '3', '2020-02-27 13:09:21', NULL, '0');
INSERT INTO `flow_form_data` VALUES ('3a2cf06f244a48069dce981e099e3e87', 'b50fc0fcc2194ac88d5a85d7c4ae2a2d', '5460056f-4f9d-11ea-9661-00163e2e65eb', 'task_asignee', '', NULL, '1', '2020-02-15 10:46:13', '3', '2020-03-09 14:58:29', NULL, '0');
INSERT INTO `flow_form_data` VALUES ('3b3fed9bbfda42ab9976352a655168a0', 'b50fc0fcc2194ac88d5a85d7c4ae2a2d', 'c5247234-3156-11ea-9129-00163e2e65eb', 'leave_tm_end', '2020-01-08', NULL, '1', '2020-01-07 22:05:34', '2', '2020-02-13 18:34:11', NULL, '0');
INSERT INTO `flow_form_data` VALUES ('3cf38d3082a64ce7a7b74b587b9d3cb6', 'b50fc0fcc2194ac88d5a85d7c4ae2a2d', '006ae1ba-3838-11ea-aa63-00163e2e65eb', 'task_asignee', '人力资源,jsitehr', NULL, '1', '2020-01-16 16:12:57', '1', '2020-01-16 16:12:57', NULL, '0');
INSERT INTO `flow_form_data` VALUES ('3d4ea0696c8f48588cf2748e4bb352e1', 'b50fc0fcc2194ac88d5a85d7c4ae2a2d', 'f9e02281-38f5-11ea-aa63-00163e2e65eb', 'leave_reason', '1111111', NULL, '1', '2020-01-17 14:52:50', '3', '2020-02-27 13:09:28', NULL, '0');
INSERT INTO `flow_form_data` VALUES ('3d5512ed3b704799829666141ab437df', 'b50fc0fcc2194ac88d5a85d7c4ae2a2d', '3414bed4-3046-11ea-9129-00163e2e65eb', 'task_asignee', '', NULL, '1', '2020-01-06 13:34:27', '3', '2020-01-07 16:49:14', NULL, '0');
INSERT INTO `flow_form_data` VALUES ('3e0c27cb63af483ba41f3a74ee767c52', 'b50fc0fcc2194ac88d5a85d7c4ae2a2d', '5da62737-32b9-11ea-aa63-00163e2e65eb', 'leave_type', '1', NULL, '1', '2020-01-09 16:23:51', '1', '2020-03-12 17:41:23', NULL, '0');
INSERT INTO `flow_form_data` VALUES ('3e4c8f109a994892a39fd9aa25541387', 'b50fc0fcc2194ac88d5a85d7c4ae2a2d', 'f9e02281-38f5-11ea-aa63-00163e2e65eb', 'leave_tm_begin', '2020-01-17', NULL, '1', '2020-01-17 14:52:50', '3', '2020-02-27 13:09:28', NULL, '0');
INSERT INTO `flow_form_data` VALUES ('3ed904de1319402098b70e1766d07acc', 'b50fc0fcc2194ac88d5a85d7c4ae2a2d', '1034b9e1-31f9-11ea-aa63-00163e2e65eb', 'leave_tm_begin', '2020-01-08', NULL, '1', '2020-01-08 17:27:18', '1', '2020-03-12 17:41:36', NULL, '0');
INSERT INTO `flow_form_data` VALUES ('3f5342b0c3d2402f8af42a85cfa4b9b8', 'b50fc0fcc2194ac88d5a85d7c4ae2a2d', 'ca5a65af-4d6c-11ea-9b4e-00163e2e65eb', 'leave_reason', '22', NULL, '1', '2020-02-12 15:53:44', '3', '2020-03-02 15:52:53', NULL, '0');
INSERT INTO `flow_form_data` VALUES ('3fea3f8dc9284aaab78a3ef5299fcfd7', 'b50fc0fcc2194ac88d5a85d7c4ae2a2d', '979e7168-3368-11ea-aa63-00163e2e65eb', 'leave_type', '4', NULL, '1', '2020-01-10 13:18:10', '2', '2020-01-17 15:37:10', NULL, '0');
INSERT INTO `flow_form_data` VALUES ('41335b639c88458bafaed48c1486039e', 'b50fc0fcc2194ac88d5a85d7c4ae2a2d', '66bf898f-3827-11ea-aa63-00163e2e65eb', 'leave_reason', '1', NULL, '1', '2020-01-16 14:14:08', '1', '2020-01-16 14:14:08', NULL, '0');
INSERT INTO `flow_form_data` VALUES ('418046073b5a4b70b37d162d44c4a150', 'b50fc0fcc2194ac88d5a85d7c4ae2a2d', 'aa3c297d-3349-11ea-aa63-00163e2e65eb', 'leave_days', '5', NULL, '1', '2020-01-10 09:36:47', '1', '2020-01-10 15:25:55', NULL, '0');
INSERT INTO `flow_form_data` VALUES ('430e8e6b394c4a99b51bcb0b3c3a1b96', 'b50fc0fcc2194ac88d5a85d7c4ae2a2d', 'fc715bed-36a6-11ea-aa63-00163e2e65eb', 'task_asignee', '人力资源,jsitehr', NULL, '1', '2020-01-14 16:22:22', '1', '2020-01-14 16:22:22', NULL, '0');
INSERT INTO `flow_form_data` VALUES ('442824003ab54e3b8f8214394ffe73a8', 'b50fc0fcc2194ac88d5a85d7c4ae2a2d', '4868dc5a-4f9e-11ea-9661-00163e2e65eb', 'leave_type', '1', NULL, '1', '2020-02-15 10:53:03', '1', '2020-02-18 17:27:55', NULL, '0');
INSERT INTO `flow_form_data` VALUES ('44c31d5974e14c76954f56998ebef6ef', 'b50fc0fcc2194ac88d5a85d7c4ae2a2d', '979e7168-3368-11ea-aa63-00163e2e65eb', 'leave_reason', '这是一个测试流程', NULL, '1', '2020-01-10 13:18:11', '2', '2020-01-17 15:37:10', NULL, '0');
INSERT INTO `flow_form_data` VALUES ('44fe9959f5404d989a876ddcac6b6512', 'b50fc0fcc2194ac88d5a85d7c4ae2a2d', '3d309e0e-3029-11ea-9129-00163e2e65eb', 'leave_tm_begin', '2020-01-06', NULL, '1', '2020-01-06 10:07:07', '1', '2020-01-07 14:48:24', NULL, '0');
INSERT INTO `flow_form_data` VALUES ('46406315d47e4a75adc399e087a6324b', 'b50fc0fcc2194ac88d5a85d7c4ae2a2d', '979e7168-3368-11ea-aa63-00163e2e65eb', 'leave_tm_end', '2020-01-11', NULL, '1', '2020-01-10 13:18:11', '2', '2020-01-17 15:37:10', NULL, '0');
INSERT INTO `flow_form_data` VALUES ('48f820a178fc404f82ec7adc20a74770', 'b50fc0fcc2194ac88d5a85d7c4ae2a2d', '4a4f6710-4e4c-11ea-9661-00163e2e65eb', 'leave_type', '1', NULL, '2', '2020-02-13 18:33:36', '3', '2020-03-16 10:15:56', NULL, '0');
INSERT INTO `flow_form_data` VALUES ('4925670d63dc4431b290aa05457a5ce4', '17902cb796e9404083b8a68632580a42', 'af905a8a-56af-11ea-9661-00163e2e65eb', 'comment', '', NULL, '1', '2020-02-24 10:45:16', '3', '2020-02-27 13:09:21', NULL, '0');
INSERT INTO `flow_form_data` VALUES ('4a04cdd2cf6a4177a7abf858f843e121', 'b50fc0fcc2194ac88d5a85d7c4ae2a2d', 'e08f1edf-4c97-11ea-9b4e-00163e2e65eb', 'leave_type', '3', NULL, '2', '2020-02-11 14:29:38', '2', '2020-02-13 18:34:05', NULL, '0');
INSERT INTO `flow_form_data` VALUES ('4a476e1797584525aa1a069b977dfbd8', 'b50fc0fcc2194ac88d5a85d7c4ae2a2d', '8290f1e3-3387-11ea-aa63-00163e2e65eb', 'comment', '', NULL, '1', '2020-01-10 16:59:30', '1', '2020-01-10 16:59:30', NULL, '0');
INSERT INTO `flow_form_data` VALUES ('4b9766a0265b49aea78f0967b7a993a4', 'b50fc0fcc2194ac88d5a85d7c4ae2a2d', 'de63bcf2-4bdf-11ea-9b4e-00163e2e65eb', 'comment', '', NULL, '2', '2020-02-10 16:32:27', '1', '2020-03-14 01:36:26', NULL, '0');
INSERT INTO `flow_form_data` VALUES ('4d049c08c5c64803becba686cde83c03', 'b50fc0fcc2194ac88d5a85d7c4ae2a2d', '8290f1e3-3387-11ea-aa63-00163e2e65eb', 'task_asignee', '人力资源,jsitehr', NULL, '1', '2020-01-10 16:59:29', '1', '2020-01-10 16:59:29', NULL, '0');
INSERT INTO `flow_form_data` VALUES ('4d48647ce30a43c98b83997068be0c7b', 'b50fc0fcc2194ac88d5a85d7c4ae2a2d', 'f9e02281-38f5-11ea-aa63-00163e2e65eb', 'task_asignee', '', NULL, '1', '2020-01-17 14:52:50', '3', '2020-02-27 13:09:28', NULL, '0');
INSERT INTO `flow_form_data` VALUES ('4fa86d4827db410190ae76166bcc43ff', '17902cb796e9404083b8a68632580a42', 'aed40019-52c7-11ea-8c7c-c85b7643dd9e', 'leave_days', '1', NULL, '1', '2020-02-19 11:26:58', '2', '2020-02-24 09:42:42', NULL, '0');
INSERT INTO `flow_form_data` VALUES ('507e34f26dca47a3a5edf89bf40c05e6', 'b50fc0fcc2194ac88d5a85d7c4ae2a2d', '264a7336-3678-11ea-aa63-00163e2e65eb', 'task_asignee', '', NULL, '1', '2020-01-14 10:47:06', '1', '2020-01-14 14:08:19', NULL, '0');
INSERT INTO `flow_form_data` VALUES ('51578a0424c84e91899a8e28f8ecddb3', 'b50fc0fcc2194ac88d5a85d7c4ae2a2d', '006ae1ba-3838-11ea-aa63-00163e2e65eb', 'leave_type', '2', NULL, '1', '2020-01-16 16:12:57', '1', '2020-01-16 16:12:57', NULL, '0');
INSERT INTO `flow_form_data` VALUES ('51d560b40dbd4782955906a7a4061d10', 'b50fc0fcc2194ac88d5a85d7c4ae2a2d', '8290f1e3-3387-11ea-aa63-00163e2e65eb', 'leave_type', '2', NULL, '1', '2020-01-10 16:59:30', '1', '2020-01-10 16:59:30', NULL, '0');
INSERT INTO `flow_form_data` VALUES ('527233dd2d574f2d8ce090d901dd6519', 'b50fc0fcc2194ac88d5a85d7c4ae2a2d', 'c5247234-3156-11ea-9129-00163e2e65eb', 'leave_tm_begin', '2020-01-07', NULL, '1', '2020-01-07 22:05:33', '2', '2020-02-13 18:34:11', NULL, '0');
INSERT INTO `flow_form_data` VALUES ('529e0ebb28154f83a4b2f7b7aaa2b114', 'b50fc0fcc2194ac88d5a85d7c4ae2a2d', 'bdc1bb3a-2dd7-11ea-a0ba-c85b7643dd9e', 'leave_tm_end', '2020-01-04', NULL, '1', '2020-01-03 11:18:45', '1', '2020-01-03 12:05:27', NULL, '0');
INSERT INTO `flow_form_data` VALUES ('53a1319609c249238f0dad7e2f5a4e28', 'b50fc0fcc2194ac88d5a85d7c4ae2a2d', '1034b9e1-31f9-11ea-aa63-00163e2e65eb', 'comment', 'asdfasdf ', NULL, '1', '2020-01-08 17:27:18', '1', '2020-03-12 17:41:36', NULL, '0');
INSERT INTO `flow_form_data` VALUES ('5441a34556b74a88a38390d1a3adf107', '17902cb796e9404083b8a68632580a42', 'e521e4ae-52ea-11ea-9661-00163e2e65eb', 'leave_tm_end', '2020-02-20', NULL, '1', '2020-02-19 15:39:01', '1', '2020-02-24 12:31:59', NULL, '0');
INSERT INTO `flow_form_data` VALUES ('58137163b319461d8174818bafae12c2', 'b50fc0fcc2194ac88d5a85d7c4ae2a2d', '1035a7c0-2f8c-11ea-9129-00163e2e65eb', 'leave_tm_end', '2020-01-06', NULL, '1', '2020-01-05 15:22:01', '1', '2020-01-05 15:22:17', NULL, '0');
INSERT INTO `flow_form_data` VALUES ('5b6b6894468049da80c8473a8cb3388b', 'b50fc0fcc2194ac88d5a85d7c4ae2a2d', '90237410-35d5-11ea-aa63-00163e2e65eb', 'task_asignee', '', NULL, '1', '2020-01-13 15:23:15', '1', '2020-01-13 15:24:11', NULL, '0');
INSERT INTO `flow_form_data` VALUES ('5c5451fd9066429bb6da45438cf0d520', 'b50fc0fcc2194ac88d5a85d7c4ae2a2d', 'fc715bed-36a6-11ea-aa63-00163e2e65eb', 'comment', '', NULL, '1', '2020-01-14 16:22:22', '1', '2020-01-14 16:22:22', NULL, '0');
INSERT INTO `flow_form_data` VALUES ('5cd9d4aa70b542cb800e106816fa9513', 'b50fc0fcc2194ac88d5a85d7c4ae2a2d', '143f81f3-3029-11ea-9129-00163e2e65eb', 'leave_tm_begin', '2020-01-06', NULL, '1', '2020-01-06 10:05:58', '1', '2020-01-08 11:12:25', NULL, '0');
INSERT INTO `flow_form_data` VALUES ('5cf36a5f1dce49c6a5a5305f214c58aa', 'b50fc0fcc2194ac88d5a85d7c4ae2a2d', '783cda15-2e95-11ea-9129-00163e2e65eb', 'leave_type', '3', NULL, '1', '2020-01-04 09:56:50', '2', '2020-02-17 20:51:41', NULL, '0');
INSERT INTO `flow_form_data` VALUES ('5dc3c902df714644bdf3124d61822c0b', 'b50fc0fcc2194ac88d5a85d7c4ae2a2d', '5da62737-32b9-11ea-aa63-00163e2e65eb', 'leave_reason', '有事', NULL, '1', '2020-01-09 16:23:51', '1', '2020-03-12 17:41:23', NULL, '0');
INSERT INTO `flow_form_data` VALUES ('5ecac06358a34b4cb3d01b85dc104d9f', 'b50fc0fcc2194ac88d5a85d7c4ae2a2d', 'd698a7fb-4d81-11ea-9b4e-00163e2e65eb', 'leave_tm_begin', '2020-02-13', NULL, '1', '2020-02-12 18:24:24', '2', '2020-02-12 18:27:46', NULL, '0');
INSERT INTO `flow_form_data` VALUES ('5f671d291e13410a8eb88925a76dcd82', 'b50fc0fcc2194ac88d5a85d7c4ae2a2d', 'dafeba38-367d-11ea-aa63-00163e2e65eb', 'leave_reason', '1111111111', NULL, '1', '2020-01-14 11:27:57', '2', '2020-02-11 14:29:46', NULL, '0');
INSERT INTO `flow_form_data` VALUES ('61eb04cbc7734ae18a5d310049b55bd0', 'b50fc0fcc2194ac88d5a85d7c4ae2a2d', 'dca4f015-4e48-11ea-9661-00163e2e65eb', 'leave_days', '2', NULL, '1', '2020-02-13 18:09:04', '1', '2020-02-13 18:09:04', NULL, '0');
INSERT INTO `flow_form_data` VALUES ('634dd848aa344d05b5dabb9bd2874593', 'b50fc0fcc2194ac88d5a85d7c4ae2a2d', '5da62737-32b9-11ea-aa63-00163e2e65eb', 'comment', 'sdfgsdfg ', NULL, '1', '2020-01-09 16:23:51', '1', '2020-03-12 17:41:23', NULL, '0');
INSERT INTO `flow_form_data` VALUES ('63b06f4a2d67489d9d0d7e56e2efce23', 'b50fc0fcc2194ac88d5a85d7c4ae2a2d', '0ad9c74c-3223-11ea-aa63-00163e2e65eb', 'comment', '', NULL, '1', '2020-01-08 22:27:48', '1', '2020-01-13 15:24:04', NULL, '0');
INSERT INTO `flow_form_data` VALUES ('63b561259c2041a8a319ec1ce303c172', 'b50fc0fcc2194ac88d5a85d7c4ae2a2d', '18a05841-517b-11ea-9661-00163e2e65eb', 'comment', '', NULL, '2', '2020-02-17 19:46:13', '3', '2020-03-02 17:37:10', NULL, '0');
INSERT INTO `flow_form_data` VALUES ('64f6ed8c092849d58d96b3c362958db1', 'b50fc0fcc2194ac88d5a85d7c4ae2a2d', 'd27dd303-2dea-11ea-b12b-c85b7643dd9e', 'leave_days', '2', NULL, '1', '2020-01-03 13:35:18', '1', '2020-01-03 14:00:53', NULL, '0');
INSERT INTO `flow_form_data` VALUES ('6703e5e7fd7949ddb8d52872bf28bccb', '17902cb796e9404083b8a68632580a42', 'af905a8a-56af-11ea-9661-00163e2e65eb', 'leave_days', '', NULL, '1', '2020-02-24 10:45:16', '3', '2020-02-27 13:09:21', NULL, '0');
INSERT INTO `flow_form_data` VALUES ('672c78a096a8469ca96813bbd48af070', 'b50fc0fcc2194ac88d5a85d7c4ae2a2d', 'dca4f015-4e48-11ea-9661-00163e2e65eb', 'leave_tm_begin', '2020-02-13', NULL, '1', '2020-02-13 18:09:04', '1', '2020-02-13 18:09:04', NULL, '0');
INSERT INTO `flow_form_data` VALUES ('67f04beb16704fd8b4cf3088b1f7f8fe', 'b50fc0fcc2194ac88d5a85d7c4ae2a2d', '143f81f3-3029-11ea-9129-00163e2e65eb', 'leave_reason', '2', NULL, '1', '2020-01-06 10:05:59', '1', '2020-01-08 11:12:25', NULL, '0');
INSERT INTO `flow_form_data` VALUES ('693563122bf5499eaa14ea091189a4ba', '17902cb796e9404083b8a68632580a42', 'e521e4ae-52ea-11ea-9661-00163e2e65eb', 'leave_reason', '', NULL, '1', '2020-02-19 15:39:01', '1', '2020-02-24 12:31:59', NULL, '0');
INSERT INTO `flow_form_data` VALUES ('69997d997c6e446380d86b007cb2a475', 'b50fc0fcc2194ac88d5a85d7c4ae2a2d', '1035a7c0-2f8c-11ea-9129-00163e2e65eb', 'leave_reason', '1', NULL, '1', '2020-01-05 15:22:01', '1', '2020-01-05 15:22:17', NULL, '0');
INSERT INTO `flow_form_data` VALUES ('6a7db1a27c1349afb45f1135a2e85d7d', 'b50fc0fcc2194ac88d5a85d7c4ae2a2d', '3414bed4-3046-11ea-9129-00163e2e65eb', 'leave_type', '2', NULL, '1', '2020-01-06 13:34:27', '3', '2020-01-07 16:49:14', NULL, '0');
INSERT INTO `flow_form_data` VALUES ('6b1eb5764cf44dadb5926824c2cb19da', 'b50fc0fcc2194ac88d5a85d7c4ae2a2d', '1034b9e1-31f9-11ea-aa63-00163e2e65eb', 'leave_type', '2', NULL, '1', '2020-01-08 17:27:18', '1', '2020-03-12 17:41:36', NULL, '0');
INSERT INTO `flow_form_data` VALUES ('6bdbc61258ac46ed85715fe8494fcb47', 'b50fc0fcc2194ac88d5a85d7c4ae2a2d', 'd27dd303-2dea-11ea-b12b-c85b7643dd9e', 'leave_tm_end', '2020-01-04', NULL, '1', '2020-01-03 13:35:21', '1', '2020-01-03 14:00:52', NULL, '0');
INSERT INTO `flow_form_data` VALUES ('6dcc0580356a43189fb7de4b6efff638', 'b50fc0fcc2194ac88d5a85d7c4ae2a2d', '783cda15-2e95-11ea-9129-00163e2e65eb', 'task_asignee', '', NULL, '1', '2020-01-04 09:56:50', '2', '2020-02-17 20:51:41', NULL, '0');
INSERT INTO `flow_form_data` VALUES ('6df0b4137a9845ac9e98ac752e1cce0d', 'b50fc0fcc2194ac88d5a85d7c4ae2a2d', 'd27dd303-2dea-11ea-b12b-c85b7643dd9e', 'comment', '駁回測試', NULL, '1', '2020-01-03 13:35:21', '1', '2020-01-03 14:00:52', NULL, '0');
INSERT INTO `flow_form_data` VALUES ('6e68e35c08714c4a8e8343d8e1f37327', 'b50fc0fcc2194ac88d5a85d7c4ae2a2d', 'ec0a0dfc-38fb-11ea-aa63-00163e2e65eb', 'comment', '', NULL, '1', '2020-01-17 15:35:24', '3', '2020-01-17 15:38:18', NULL, '0');
INSERT INTO `flow_form_data` VALUES ('6fa6e482677746118f76ef07fc405977', 'b50fc0fcc2194ac88d5a85d7c4ae2a2d', 'e318c61c-305b-11ea-9129-00163e2e65eb', 'leave_reason', 'xxxxxxxxxxxxx', NULL, '2', '2020-01-06 16:09:40', '2', '2020-01-06 16:10:38', NULL, '0');
INSERT INTO `flow_form_data` VALUES ('70739b2796c54078882fd0961562be1e', 'b50fc0fcc2194ac88d5a85d7c4ae2a2d', '1034b9e1-31f9-11ea-aa63-00163e2e65eb', 'leave_tm_end', '2020-01-23', NULL, '1', '2020-01-08 17:27:18', '1', '2020-03-12 17:41:36', NULL, '0');
INSERT INTO `flow_form_data` VALUES ('70c293c7ad4f410ab382f32235d367b7', 'b50fc0fcc2194ac88d5a85d7c4ae2a2d', '79cea582-2df3-11ea-aa23-c85b7643dd9e', 'leave_reason', '请假测试0103\n调整测试0103', NULL, '1', '2020-01-03 14:37:16', '1', '2020-01-03 14:43:59', NULL, '0');
INSERT INTO `flow_form_data` VALUES ('7184b56e09bb42408d21af484672db3f', 'b50fc0fcc2194ac88d5a85d7c4ae2a2d', '56631326-383f-11ea-aa63-00163e2e65eb', 'leave_tm_begin', '2020-01-16', NULL, '1', '2020-01-16 17:05:27', '3', '2020-03-04 13:35:14', NULL, '0');
INSERT INTO `flow_form_data` VALUES ('71ae87e20142439a99c665ad7ca6ce3c', 'b50fc0fcc2194ac88d5a85d7c4ae2a2d', '979e7168-3368-11ea-aa63-00163e2e65eb', 'leave_days', '1', NULL, '1', '2020-01-10 13:18:10', '2', '2020-01-17 15:37:10', NULL, '0');
INSERT INTO `flow_form_data` VALUES ('71e098d651114a75a0f8b218c6493b04', 'b50fc0fcc2194ac88d5a85d7c4ae2a2d', '3414bed4-3046-11ea-9129-00163e2e65eb', 'comment', '不批准', NULL, '1', '2020-01-06 13:34:27', '3', '2020-01-07 16:49:14', NULL, '0');
INSERT INTO `flow_form_data` VALUES ('72d2d4f4d84e4606a29af798671362b2', 'b50fc0fcc2194ac88d5a85d7c4ae2a2d', 'f5d4437e-3733-11ea-aa63-00163e2e65eb', 'task_asignee', '', NULL, '1', '2020-01-15 09:11:30', '2', '2020-01-17 15:36:39', NULL, '0');
INSERT INTO `flow_form_data` VALUES ('72fd184111e44ba3a9160b7820c3c916', 'b50fc0fcc2194ac88d5a85d7c4ae2a2d', '7c8a32c5-35d1-11ea-aa63-00163e2e65eb', 'comment', '', NULL, '1', '2020-01-13 14:54:05', '1', '2020-01-13 15:24:20', NULL, '0');
INSERT INTO `flow_form_data` VALUES ('743233d9e819400dacf0361c4a0889f6', '17902cb796e9404083b8a68632580a42', 'e521e4ae-52ea-11ea-9661-00163e2e65eb', 'leave_days', '2', NULL, '1', '2020-02-19 15:39:01', '1', '2020-02-24 12:31:59', NULL, '0');
INSERT INTO `flow_form_data` VALUES ('75b143f705c84bf89a1336e7c668c05c', 'b50fc0fcc2194ac88d5a85d7c4ae2a2d', 'e08f1edf-4c97-11ea-9b4e-00163e2e65eb', 'task_asignee', '', NULL, '2', '2020-02-11 14:29:38', '2', '2020-02-13 18:34:05', NULL, '0');
INSERT INTO `flow_form_data` VALUES ('75d685617c0f46e2b306ae7ccd4b568a', 'b50fc0fcc2194ac88d5a85d7c4ae2a2d', 'e318c61c-305b-11ea-9129-00163e2e65eb', 'comment', '321312313', NULL, '2', '2020-01-06 16:09:40', '2', '2020-01-06 16:10:38', NULL, '0');
INSERT INTO `flow_form_data` VALUES ('777cad43bb6b46e4a26d6362cac831fd', 'b50fc0fcc2194ac88d5a85d7c4ae2a2d', '3d309e0e-3029-11ea-9129-00163e2e65eb', 'leave_reason', '2', NULL, '1', '2020-01-06 10:07:07', '1', '2020-01-07 14:48:24', NULL, '0');
INSERT INTO `flow_form_data` VALUES ('7913d1ca87774709a707547ea928511b', 'b50fc0fcc2194ac88d5a85d7c4ae2a2d', 'c81fe553-36b7-11ea-aa63-00163e2e65eb', 'comment', '', NULL, '1', '2020-01-14 18:22:36', '1', '2020-01-14 18:22:36', NULL, '0');
INSERT INTO `flow_form_data` VALUES ('794cd422f1c24c3ca6f0f3f80ca6538b', 'b50fc0fcc2194ac88d5a85d7c4ae2a2d', 'de63bcf2-4bdf-11ea-9b4e-00163e2e65eb', 'leave_tm_end', '2020-02-13', NULL, '2', '2020-02-10 16:32:28', '1', '2020-03-14 01:36:26', NULL, '0');
INSERT INTO `flow_form_data` VALUES ('79643849a80844139cb7012848aed0c7', 'b50fc0fcc2194ac88d5a85d7c4ae2a2d', 'ca5a65af-4d6c-11ea-9b4e-00163e2e65eb', 'comment', '', NULL, '1', '2020-02-12 15:53:44', '3', '2020-03-02 15:52:53', NULL, '0');
INSERT INTO `flow_form_data` VALUES ('79a57261e1924703872faa42d76f0abf', 'b50fc0fcc2194ac88d5a85d7c4ae2a2d', '5da62737-32b9-11ea-aa63-00163e2e65eb', 'leave_tm_begin', '2020-01-09', NULL, '1', '2020-01-09 16:23:51', '1', '2020-03-12 17:41:23', NULL, '0');
INSERT INTO `flow_form_data` VALUES ('7a0488f747d7486aa6293acfd6c751a8', 'b50fc0fcc2194ac88d5a85d7c4ae2a2d', 'f5d4437e-3733-11ea-aa63-00163e2e65eb', 'leave_reason', '事假', NULL, '1', '2020-01-15 09:11:30', '2', '2020-01-17 15:36:39', NULL, '0');
INSERT INTO `flow_form_data` VALUES ('7c81f152f5b2475180a64a1d5f33ee0b', 'b50fc0fcc2194ac88d5a85d7c4ae2a2d', '4a4f6710-4e4c-11ea-9661-00163e2e65eb', 'task_asignee', '', NULL, '2', '2020-02-13 18:33:36', '3', '2020-03-16 10:15:56', NULL, '0');
INSERT INTO `flow_form_data` VALUES ('7cf2476c291b4971a51992673523339d', 'b50fc0fcc2194ac88d5a85d7c4ae2a2d', '79cea582-2df3-11ea-aa23-c85b7643dd9e', 'leave_days', '1', NULL, '1', '2020-01-03 14:37:14', '1', '2020-01-03 14:44:00', NULL, '0');
INSERT INTO `flow_form_data` VALUES ('7d131d7fea384c67ac67612fee67e9e6', 'b50fc0fcc2194ac88d5a85d7c4ae2a2d', '3414bed4-3046-11ea-9129-00163e2e65eb', 'leave_reason', '33', NULL, '1', '2020-01-06 13:34:27', '3', '2020-01-07 16:49:14', NULL, '0');
INSERT INTO `flow_form_data` VALUES ('7db2dce3a7c6432896c7a2f3f69e5e59', '17902cb796e9404083b8a68632580a42', 'af905a8a-56af-11ea-9661-00163e2e65eb', 'leave_tm_begin', '2020-02-24', NULL, '1', '2020-02-24 10:45:16', '3', '2020-02-27 13:09:21', NULL, '0');
INSERT INTO `flow_form_data` VALUES ('7f33aed85d5344ff83b02c0f3f633ead', 'b50fc0fcc2194ac88d5a85d7c4ae2a2d', '8db9ba53-3379-11ea-aa63-00163e2e65eb', 'leave_days', '1', NULL, '2', '2020-01-10 15:19:35', '2', '2020-01-10 15:19:35', NULL, '0');
INSERT INTO `flow_form_data` VALUES ('7f7f6b03d0d945de9071673d63d1b3a6', 'b50fc0fcc2194ac88d5a85d7c4ae2a2d', '6678cae6-515a-11ea-9661-00163e2e65eb', 'comment', '', NULL, '1', '2020-02-17 15:52:10', '2', '2020-02-18 13:28:31', NULL, '0');
INSERT INTO `flow_form_data` VALUES ('7fae3a5390fe405bb59824db576520aa', 'b50fc0fcc2194ac88d5a85d7c4ae2a2d', '8290f1e3-3387-11ea-aa63-00163e2e65eb', 'leave_days', '1', NULL, '1', '2020-01-10 16:59:29', '1', '2020-01-10 16:59:29', NULL, '0');
INSERT INTO `flow_form_data` VALUES ('7fc20079220f4cf29ac8ee31a18fda94', 'b50fc0fcc2194ac88d5a85d7c4ae2a2d', '56631326-383f-11ea-aa63-00163e2e65eb', 'comment', '', NULL, '1', '2020-01-16 17:05:28', '3', '2020-03-04 13:35:14', NULL, '0');
INSERT INTO `flow_form_data` VALUES ('7ff2ca3171b141978d01ecc1d767e8ec', 'b50fc0fcc2194ac88d5a85d7c4ae2a2d', '3d309e0e-3029-11ea-9129-00163e2e65eb', 'leave_tm_end', '2020-01-08', NULL, '1', '2020-01-06 10:07:07', '1', '2020-01-07 14:48:24', NULL, '0');
INSERT INTO `flow_form_data` VALUES ('8039b27f85d64042ab5a46dc2e579167', 'b50fc0fcc2194ac88d5a85d7c4ae2a2d', 'e318c61c-305b-11ea-9129-00163e2e65eb', 'task_asignee', '', NULL, '2', '2020-01-06 16:09:40', '2', '2020-01-06 16:10:38', NULL, '0');
INSERT INTO `flow_form_data` VALUES ('811a5b06c3554dc7a52725ce87758b7a', 'b50fc0fcc2194ac88d5a85d7c4ae2a2d', 'c87ffc92-32bd-11ea-aa63-00163e2e65eb', 'leave_type', '1', NULL, '1', '2020-01-09 16:55:28', '1', '2020-03-12 17:41:06', NULL, '0');
INSERT INTO `flow_form_data` VALUES ('8228ab32c4db4f90a1c9d3cbc051350a', 'b50fc0fcc2194ac88d5a85d7c4ae2a2d', '56631326-383f-11ea-aa63-00163e2e65eb', 'leave_type', '1', NULL, '1', '2020-01-16 17:05:27', '3', '2020-03-04 13:35:14', NULL, '0');
INSERT INTO `flow_form_data` VALUES ('823558eaa75a4c6da51d9d127433ed5d', 'b50fc0fcc2194ac88d5a85d7c4ae2a2d', '006ae1ba-3838-11ea-aa63-00163e2e65eb', 'leave_tm_begin', '2020-01-16', NULL, '1', '2020-01-16 16:12:57', '1', '2020-01-16 16:12:57', NULL, '0');
INSERT INTO `flow_form_data` VALUES ('823eeb9d29b04a4d8101c7c58db7618b', 'b50fc0fcc2194ac88d5a85d7c4ae2a2d', 'a0af89db-2df4-11ea-aa23-c85b7643dd9e', 'comment', '', NULL, '1', '2020-01-03 14:45:30', '2', '2020-01-17 15:37:25', NULL, '0');
INSERT INTO `flow_form_data` VALUES ('82a91744d3e444fbb9dd2e0e096bbca9', 'b50fc0fcc2194ac88d5a85d7c4ae2a2d', 'caea8d18-36ae-11ea-aa63-00163e2e65eb', 'leave_type', '1', NULL, '1', '2020-01-14 17:18:15', '3', '2020-01-15 11:00:03', NULL, '0');
INSERT INTO `flow_form_data` VALUES ('832ca4570548418a8a304b1b8b5ff971', 'b50fc0fcc2194ac88d5a85d7c4ae2a2d', '8db9ba53-3379-11ea-aa63-00163e2e65eb', 'leave_tm_end', '2020-01-11', NULL, '2', '2020-01-10 15:19:35', '2', '2020-01-10 15:19:35', NULL, '0');
INSERT INTO `flow_form_data` VALUES ('83db91aff8b7473291b20e625e0cc56f', 'b50fc0fcc2194ac88d5a85d7c4ae2a2d', 'a0af89db-2df4-11ea-aa23-c85b7643dd9e', 'task_asignee', '', NULL, '1', '2020-01-03 14:45:30', '2', '2020-01-17 15:37:25', NULL, '0');
INSERT INTO `flow_form_data` VALUES ('83eef491ef39422db9d2eb6720e4bb42', 'b50fc0fcc2194ac88d5a85d7c4ae2a2d', 'fc715bed-36a6-11ea-aa63-00163e2e65eb', 'leave_tm_end', '2020-01-16', NULL, '1', '2020-01-14 16:22:22', '1', '2020-01-14 16:22:22', NULL, '0');
INSERT INTO `flow_form_data` VALUES ('84242a0b32fb48bba5da32804c107c8c', 'b50fc0fcc2194ac88d5a85d7c4ae2a2d', '56631326-383f-11ea-aa63-00163e2e65eb', 'leave_days', '2', NULL, '1', '2020-01-16 17:05:27', '3', '2020-03-04 13:35:14', NULL, '0');
INSERT INTO `flow_form_data` VALUES ('84be2624e3b74df4a9cf73db981d3422', 'b50fc0fcc2194ac88d5a85d7c4ae2a2d', 'a0af89db-2df4-11ea-aa23-c85b7643dd9e', 'leave_days', '2', NULL, '1', '2020-01-03 14:45:29', '2', '2020-01-17 15:37:25', NULL, '0');
INSERT INTO `flow_form_data` VALUES ('8514d10c54894e47a93fc96a7c3e3bd9', 'b50fc0fcc2194ac88d5a85d7c4ae2a2d', '7c8a32c5-35d1-11ea-aa63-00163e2e65eb', 'leave_tm_end', '2020-01-14', NULL, '1', '2020-01-13 14:54:05', '1', '2020-01-13 15:24:20', NULL, '0');
INSERT INTO `flow_form_data` VALUES ('85b5ce3405db454eb8b865ac3d94c61a', 'b50fc0fcc2194ac88d5a85d7c4ae2a2d', '4868dc5a-4f9e-11ea-9661-00163e2e65eb', 'leave_reason', '1', NULL, '1', '2020-02-15 10:53:03', '1', '2020-02-18 17:27:55', NULL, '0');
INSERT INTO `flow_form_data` VALUES ('85bcd1a4e5b34e189b6b32b30882ecbc', 'b50fc0fcc2194ac88d5a85d7c4ae2a2d', 'ec0a0dfc-38fb-11ea-aa63-00163e2e65eb', 'leave_reason', '1', NULL, '1', '2020-01-17 15:35:24', '3', '2020-01-17 15:38:18', NULL, '0');
INSERT INTO `flow_form_data` VALUES ('85f2d6bbe42e444280c17f5691968790', 'b50fc0fcc2194ac88d5a85d7c4ae2a2d', 'de63bcf2-4bdf-11ea-9b4e-00163e2e65eb', 'task_asignee', '', NULL, '2', '2020-02-10 16:32:27', '1', '2020-03-14 01:36:26', NULL, '0');
INSERT INTO `flow_form_data` VALUES ('8765088544d348eb9fad4b4e9356659f', 'b50fc0fcc2194ac88d5a85d7c4ae2a2d', 'bdc1bb3a-2dd7-11ea-a0ba-c85b7643dd9e', 'leave_tm_begin', '2020-01-03', NULL, '1', '2020-01-03 11:18:44', '1', '2020-01-03 12:05:27', NULL, '0');
INSERT INTO `flow_form_data` VALUES ('88195def223b42c486fcd73f27accf17', '17902cb796e9404083b8a68632580a42', 'e521e4ae-52ea-11ea-9661-00163e2e65eb', 'comment', '', NULL, '1', '2020-02-19 15:39:01', '1', '2020-02-24 12:31:59', NULL, '0');
INSERT INTO `flow_form_data` VALUES ('88368b53b39143599818c09f2256b183', 'b50fc0fcc2194ac88d5a85d7c4ae2a2d', 'de63bcf2-4bdf-11ea-9b4e-00163e2e65eb', 'leave_reason', '/', NULL, '2', '2020-02-10 16:32:27', '1', '2020-03-14 01:36:26', NULL, '0');
INSERT INTO `flow_form_data` VALUES ('8921ed8e7efc472fa499a88069c78c80', '17902cb796e9404083b8a68632580a42', 'aed40019-52c7-11ea-8c7c-c85b7643dd9e', 'task_asignee', '', NULL, '1', '2020-02-19 11:26:59', '2', '2020-02-24 09:42:42', NULL, '0');
INSERT INTO `flow_form_data` VALUES ('8b3424ddd308468c8f9677e4dbb24fe3', 'b50fc0fcc2194ac88d5a85d7c4ae2a2d', 'de63bcf2-4bdf-11ea-9b4e-00163e2e65eb', 'leave_days', '2', NULL, '2', '2020-02-10 16:32:27', '1', '2020-03-14 01:36:26', NULL, '0');
INSERT INTO `flow_form_data` VALUES ('8b9ed62ee2464c16a1ceebfe9f5c5153', 'b50fc0fcc2194ac88d5a85d7c4ae2a2d', '4a4f6710-4e4c-11ea-9661-00163e2e65eb', 'leave_tm_end', '2020-02-13', NULL, '2', '2020-02-13 18:33:36', '3', '2020-03-16 10:15:56', NULL, '0');
INSERT INTO `flow_form_data` VALUES ('8e1ae4bca5aa4768b7e249fff5680c77', 'b50fc0fcc2194ac88d5a85d7c4ae2a2d', '66bf898f-3827-11ea-aa63-00163e2e65eb', 'leave_type', '2', NULL, '1', '2020-01-16 14:14:07', '1', '2020-01-16 14:14:07', NULL, '0');
INSERT INTO `flow_form_data` VALUES ('8e29ae364c1b4b52a4e0be08dd93b934', 'b50fc0fcc2194ac88d5a85d7c4ae2a2d', '1035a7c0-2f8c-11ea-9129-00163e2e65eb', 'task_asignee', '', NULL, '1', '2020-01-05 15:22:00', '1', '2020-01-05 15:22:18', NULL, '0');
INSERT INTO `flow_form_data` VALUES ('8f303e90bc6e4df0aa20e13d1c25effe', 'b50fc0fcc2194ac88d5a85d7c4ae2a2d', '5da62737-32b9-11ea-aa63-00163e2e65eb', 'task_asignee', '', NULL, '1', '2020-01-09 16:23:51', '1', '2020-03-12 17:41:23', NULL, '0');
INSERT INTO `flow_form_data` VALUES ('91514f4f9163419cb222c83d3907057f', 'b50fc0fcc2194ac88d5a85d7c4ae2a2d', '18a05841-517b-11ea-9661-00163e2e65eb', 'task_asignee', '', NULL, '2', '2020-02-17 19:46:13', '3', '2020-03-02 17:37:10', NULL, '0');
INSERT INTO `flow_form_data` VALUES ('91e3eaf0b6654633aa252b40571e51db', 'b50fc0fcc2194ac88d5a85d7c4ae2a2d', '783cda15-2e95-11ea-9129-00163e2e65eb', 'leave_tm_begin', '2020-01-24', NULL, '1', '2020-01-04 09:56:50', '2', '2020-02-17 20:51:41', NULL, '0');
INSERT INTO `flow_form_data` VALUES ('9261f48f223a481a91f336ad688e4a2e', 'b50fc0fcc2194ac88d5a85d7c4ae2a2d', 'ca5a65af-4d6c-11ea-9b4e-00163e2e65eb', 'leave_tm_begin', '2020-02-12', NULL, '1', '2020-02-12 15:53:44', '3', '2020-03-02 15:52:53', NULL, '0');
INSERT INTO `flow_form_data` VALUES ('93a096f39d414d89a3b4d4883e4fefc4', 'b50fc0fcc2194ac88d5a85d7c4ae2a2d', 'c5247234-3156-11ea-9129-00163e2e65eb', 'leave_reason', '生病了哦', NULL, '1', '2020-01-07 22:05:34', '2', '2020-02-13 18:34:11', NULL, '0');
INSERT INTO `flow_form_data` VALUES ('94a0d8b6e3e143e8a8fc527b31c823a1', 'b50fc0fcc2194ac88d5a85d7c4ae2a2d', 'caea8d18-36ae-11ea-aa63-00163e2e65eb', 'leave_tm_end', '2020-01-14', NULL, '1', '2020-01-14 17:18:15', '3', '2020-01-15 11:00:03', NULL, '0');
INSERT INTO `flow_form_data` VALUES ('95771144ed744cd9a32e57542593ec2b', 'b50fc0fcc2194ac88d5a85d7c4ae2a2d', 'fc715bed-36a6-11ea-aa63-00163e2e65eb', 'leave_days', '12', NULL, '1', '2020-01-14 16:22:22', '1', '2020-01-14 16:22:22', NULL, '0');
INSERT INTO `flow_form_data` VALUES ('9671cbedb54c42fe9da6ef530c390a98', 'b50fc0fcc2194ac88d5a85d7c4ae2a2d', '8db9ba53-3379-11ea-aa63-00163e2e65eb', 'task_asignee', '人力资源,jsitehr', NULL, '2', '2020-01-10 15:19:35', '2', '2020-01-10 15:19:35', NULL, '0');
INSERT INTO `flow_form_data` VALUES ('96c28e4002354e299e4b052eeb693559', 'b50fc0fcc2194ac88d5a85d7c4ae2a2d', '783cda15-2e95-11ea-9129-00163e2e65eb', 'leave_days', '5', NULL, '1', '2020-01-04 09:56:49', '2', '2020-02-17 20:51:41', NULL, '0');
INSERT INTO `flow_form_data` VALUES ('97da1b81cf5046278b7d19025840a94d', '17902cb796e9404083b8a68632580a42', 'af905a8a-56af-11ea-9661-00163e2e65eb', 'leave_tm_end', '2020-03-05', NULL, '1', '2020-02-24 10:45:16', '3', '2020-02-27 13:09:21', NULL, '0');
INSERT INTO `flow_form_data` VALUES ('99280c39146449edb4a447a7ac1edfb1', 'b50fc0fcc2194ac88d5a85d7c4ae2a2d', '7c8a32c5-35d1-11ea-aa63-00163e2e65eb', 'leave_type', '1', NULL, '1', '2020-01-13 14:54:04', '1', '2020-01-13 15:24:21', NULL, '0');
INSERT INTO `flow_form_data` VALUES ('9977a248de51409983fdcf1992711671', 'b50fc0fcc2194ac88d5a85d7c4ae2a2d', '006ae1ba-3838-11ea-aa63-00163e2e65eb', 'leave_reason', '鄢康请假', NULL, '1', '2020-01-16 16:12:57', '1', '2020-01-16 16:12:57', NULL, '0');
INSERT INTO `flow_form_data` VALUES ('9a2fe05ad45d4d46a3ce9b7a2fa0c902', 'b50fc0fcc2194ac88d5a85d7c4ae2a2d', '3d309e0e-3029-11ea-9129-00163e2e65eb', 'leave_type', '1', NULL, '1', '2020-01-06 10:07:07', '1', '2020-01-07 14:48:24', NULL, '0');
INSERT INTO `flow_form_data` VALUES ('9a73d295d7e64f558ba42e765b66cba9', '17902cb796e9404083b8a68632580a42', 'aed40019-52c7-11ea-8c7c-c85b7643dd9e', 'leave_reason', '重新申请', NULL, '1', '2020-02-19 11:26:59', '2', '2020-02-24 09:42:42', NULL, '0');
INSERT INTO `flow_form_data` VALUES ('9ac2ec6213e84ac4b109a0764bd797c4', 'b50fc0fcc2194ac88d5a85d7c4ae2a2d', 'aa3c297d-3349-11ea-aa63-00163e2e65eb', 'leave_type', '1', NULL, '1', '2020-01-10 09:36:47', '1', '2020-01-10 15:25:55', NULL, '0');
INSERT INTO `flow_form_data` VALUES ('9b5af0c6b9484b1db33c354d4abd2db8', 'b50fc0fcc2194ac88d5a85d7c4ae2a2d', 'c81fe553-36b7-11ea-aa63-00163e2e65eb', 'task_asignee', '普通用户,jsiteuser', NULL, '1', '2020-01-14 18:22:36', '1', '2020-01-14 18:22:36', NULL, '0');
INSERT INTO `flow_form_data` VALUES ('9b90db6971c248edac20869c8d3e72bb', 'b50fc0fcc2194ac88d5a85d7c4ae2a2d', 'd698a7fb-4d81-11ea-9b4e-00163e2e65eb', 'leave_days', '1', NULL, '1', '2020-02-12 18:24:24', '2', '2020-02-12 18:27:46', NULL, '0');
INSERT INTO `flow_form_data` VALUES ('9c1698de503c4bc7b348a090979fee02', 'b50fc0fcc2194ac88d5a85d7c4ae2a2d', 'c81fe553-36b7-11ea-aa63-00163e2e65eb', 'leave_days', '3', NULL, '1', '2020-01-14 18:22:35', '1', '2020-01-14 18:22:35', NULL, '0');
INSERT INTO `flow_form_data` VALUES ('9e8def0cc066443d95bd1b4a299f9852', 'b50fc0fcc2194ac88d5a85d7c4ae2a2d', '8db9ba53-3379-11ea-aa63-00163e2e65eb', 'comment', '', NULL, '2', '2020-01-10 15:19:35', '2', '2020-01-10 15:19:35', NULL, '0');
INSERT INTO `flow_form_data` VALUES ('9ed1af5e7e6e405d93f88f7e5e296354', 'b50fc0fcc2194ac88d5a85d7c4ae2a2d', 'aa3c297d-3349-11ea-aa63-00163e2e65eb', 'comment', '', NULL, '1', '2020-01-10 09:36:47', '1', '2020-01-10 15:25:55', NULL, '0');
INSERT INTO `flow_form_data` VALUES ('9f10775ca2084fb69290eda121d29d8d', 'b50fc0fcc2194ac88d5a85d7c4ae2a2d', 'c81fe553-36b7-11ea-aa63-00163e2e65eb', 'leave_reason', '33', NULL, '1', '2020-01-14 18:22:36', '1', '2020-01-14 18:22:36', NULL, '0');
INSERT INTO `flow_form_data` VALUES ('9f54d492e683490cbbc2078545d5c95f', 'b50fc0fcc2194ac88d5a85d7c4ae2a2d', '90237410-35d5-11ea-aa63-00163e2e65eb', 'leave_reason', 'DSSFDAA', NULL, '1', '2020-01-13 15:23:15', '1', '2020-01-13 15:24:11', NULL, '0');
INSERT INTO `flow_form_data` VALUES ('9fa1fcf956d645edb93f6d578213be40', '17902cb796e9404083b8a68632580a42', 'def0a034-562d-11ea-9661-00163e2e65eb', 'task_asignee', '', NULL, '2', '2020-02-23 19:16:00', '1', '2020-02-27 10:09:37', NULL, '0');
INSERT INTO `flow_form_data` VALUES ('a0f64fc4628e4a8f80f1716000bd6a4d', 'b50fc0fcc2194ac88d5a85d7c4ae2a2d', 'ca5a65af-4d6c-11ea-9b4e-00163e2e65eb', 'leave_type', '3', NULL, '1', '2020-02-12 15:53:44', '3', '2020-03-02 15:52:53', NULL, '0');
INSERT INTO `flow_form_data` VALUES ('a10c03243b294fe58e43343fa6e6b35c', 'b50fc0fcc2194ac88d5a85d7c4ae2a2d', '5460056f-4f9d-11ea-9661-00163e2e65eb', 'leave_reason', '1+++', NULL, '1', '2020-02-15 10:46:14', '3', '2020-03-09 14:58:29', NULL, '0');
INSERT INTO `flow_form_data` VALUES ('a146f8dc938a48888b3e517a96774e91', 'b50fc0fcc2194ac88d5a85d7c4ae2a2d', '90237410-35d5-11ea-aa63-00163e2e65eb', 'leave_tm_end', '2020-01-25', NULL, '1', '2020-01-13 15:23:15', '1', '2020-01-13 15:24:11', NULL, '0');
INSERT INTO `flow_form_data` VALUES ('a1ba4a43ff8c472cba9d89725076c017', 'b50fc0fcc2194ac88d5a85d7c4ae2a2d', 'a0af89db-2df4-11ea-aa23-c85b7643dd9e', 'leave_tm_end', '2020-01-04', NULL, '1', '2020-01-03 14:45:31', '2', '2020-01-17 15:37:25', NULL, '0');
INSERT INTO `flow_form_data` VALUES ('a2b15f9606d742d2ac174704324fb104', 'b50fc0fcc2194ac88d5a85d7c4ae2a2d', 'dca4f015-4e48-11ea-9661-00163e2e65eb', 'comment', '', NULL, '1', '2020-02-13 18:09:04', '1', '2020-02-13 18:09:04', NULL, '0');
INSERT INTO `flow_form_data` VALUES ('a3b0b02b69f1497a98eab336d31fdfe8', 'b50fc0fcc2194ac88d5a85d7c4ae2a2d', '4868dc5a-4f9e-11ea-9661-00163e2e65eb', 'task_asignee', '', NULL, '1', '2020-02-15 10:53:03', '1', '2020-02-18 17:27:55', NULL, '0');
INSERT INTO `flow_form_data` VALUES ('a3c37bed595849b5a8904c3c30a938d3', 'b50fc0fcc2194ac88d5a85d7c4ae2a2d', 'caea8d18-36ae-11ea-aa63-00163e2e65eb', 'leave_days', '1', NULL, '1', '2020-01-14 17:18:15', '3', '2020-01-15 11:00:03', NULL, '0');
INSERT INTO `flow_form_data` VALUES ('a4fe7f6072c44c7d96a74687b7c94d86', 'b50fc0fcc2194ac88d5a85d7c4ae2a2d', '143f81f3-3029-11ea-9129-00163e2e65eb', 'leave_days', '2', NULL, '1', '2020-01-06 10:05:58', '1', '2020-01-08 11:12:25', NULL, '0');
INSERT INTO `flow_form_data` VALUES ('a60671215f494feb8caf85eadf9c0cdd', 'b50fc0fcc2194ac88d5a85d7c4ae2a2d', 'caea8d18-36ae-11ea-aa63-00163e2e65eb', 'leave_reason', '11', NULL, '1', '2020-01-14 17:18:15', '3', '2020-01-15 11:00:03', NULL, '0');
INSERT INTO `flow_form_data` VALUES ('a6af745c545f489d80f02b0ab8771cf1', 'b50fc0fcc2194ac88d5a85d7c4ae2a2d', 'c87ffc92-32bd-11ea-aa63-00163e2e65eb', 'task_asignee', '', NULL, '1', '2020-01-09 16:55:28', '1', '2020-03-12 17:41:06', NULL, '0');
INSERT INTO `flow_form_data` VALUES ('a74bb0e058ca42b99f7161d53b191c56', 'b50fc0fcc2194ac88d5a85d7c4ae2a2d', '5460056f-4f9d-11ea-9661-00163e2e65eb', 'leave_tm_begin', '2020-02-12', NULL, '1', '2020-02-15 10:46:13', '3', '2020-03-09 14:58:29', NULL, '0');
INSERT INTO `flow_form_data` VALUES ('a853c6a3c2f14f17aeb44ec10de3dbc2', 'b50fc0fcc2194ac88d5a85d7c4ae2a2d', '56631326-383f-11ea-aa63-00163e2e65eb', 'task_asignee', '', NULL, '1', '2020-01-16 17:05:27', '3', '2020-03-04 13:35:14', NULL, '0');
INSERT INTO `flow_form_data` VALUES ('a89377089f594d3ab3c5b4932d36bf2a', 'b50fc0fcc2194ac88d5a85d7c4ae2a2d', '7c8a32c5-35d1-11ea-aa63-00163e2e65eb', 'task_asignee', '', NULL, '1', '2020-01-13 14:54:04', '1', '2020-01-13 15:24:21', NULL, '0');
INSERT INTO `flow_form_data` VALUES ('a8ad4ef3c06e4d4696b5fa59b0d4cce3', 'b50fc0fcc2194ac88d5a85d7c4ae2a2d', 'fc715bed-36a6-11ea-aa63-00163e2e65eb', 'leave_tm_begin', '2020-01-15', NULL, '1', '2020-01-14 16:22:22', '1', '2020-01-14 16:22:22', NULL, '0');
INSERT INTO `flow_form_data` VALUES ('a8dacc14a9044a2b81b26e0956495340', 'b50fc0fcc2194ac88d5a85d7c4ae2a2d', 'bdc1bb3a-2dd7-11ea-a0ba-c85b7643dd9e', 'leave_type', '3', NULL, '1', '2020-01-03 11:18:45', '1', '2020-01-03 12:05:28', NULL, '0');
INSERT INTO `flow_form_data` VALUES ('a9726b1f9ea74e84b1d0176f89ba01f2', 'b50fc0fcc2194ac88d5a85d7c4ae2a2d', '6678cae6-515a-11ea-9661-00163e2e65eb', 'task_asignee', '', NULL, '1', '2020-02-17 15:52:10', '2', '2020-02-18 13:28:31', NULL, '0');
INSERT INTO `flow_form_data` VALUES ('a9d2a510ccf743c196a79a771627355a', 'b50fc0fcc2194ac88d5a85d7c4ae2a2d', '1f538bd4-4f9d-11ea-9661-00163e2e65eb', 'leave_reason', '1', NULL, '1', '2020-02-15 10:44:45', '4', '2020-02-19 14:18:10', NULL, '0');
INSERT INTO `flow_form_data` VALUES ('a9fe5e3c1fa0467f955153fa974e65ba', 'b50fc0fcc2194ac88d5a85d7c4ae2a2d', '56631326-383f-11ea-aa63-00163e2e65eb', 'leave_tm_end', '2020-01-18', NULL, '1', '2020-01-16 17:05:28', '3', '2020-03-04 13:35:14', NULL, '0');
INSERT INTO `flow_form_data` VALUES ('aa1ad2330e994a2eb2c7ea77c77dbf03', 'b50fc0fcc2194ac88d5a85d7c4ae2a2d', '1f538bd4-4f9d-11ea-9661-00163e2e65eb', 'comment', 'eeeee', NULL, '1', '2020-02-15 10:44:45', '4', '2020-02-19 14:18:10', NULL, '0');
INSERT INTO `flow_form_data` VALUES ('aaaa8bb80b6748c0b0684c17560521eb', 'b50fc0fcc2194ac88d5a85d7c4ae2a2d', 'a0af89db-2df4-11ea-aa23-c85b7643dd9e', 'leave_tm_begin', '2020-01-03', NULL, '1', '2020-01-03 14:45:30', '2', '2020-01-17 15:37:25', NULL, '0');
INSERT INTO `flow_form_data` VALUES ('aaca6b36b1604c15ae4f46dc76420290', 'b50fc0fcc2194ac88d5a85d7c4ae2a2d', 'dafeba38-367d-11ea-aa63-00163e2e65eb', 'task_asignee', '', NULL, '1', '2020-01-14 11:27:57', '2', '2020-02-11 14:29:46', NULL, '0');
INSERT INTO `flow_form_data` VALUES ('aaed9bc98c594158b9cab28ccbff18e6', 'b50fc0fcc2194ac88d5a85d7c4ae2a2d', '79cea582-2df3-11ea-aa23-c85b7643dd9e', 'comment', '驳回1111', NULL, '1', '2020-01-03 14:37:15', '1', '2020-01-03 14:44:00', NULL, '0');
INSERT INTO `flow_form_data` VALUES ('ab3951969d3b4c70b61905257db65583', 'b50fc0fcc2194ac88d5a85d7c4ae2a2d', 'c5247234-3156-11ea-9129-00163e2e65eb', 'leave_days', '2', NULL, '1', '2020-01-07 22:05:33', '2', '2020-02-13 18:34:11', NULL, '0');
INSERT INTO `flow_form_data` VALUES ('ab82627cbd7042538b08783164d963bc', 'b50fc0fcc2194ac88d5a85d7c4ae2a2d', '264a7336-3678-11ea-aa63-00163e2e65eb', 'leave_type', '2', NULL, '1', '2020-01-14 10:47:06', '1', '2020-01-14 14:08:19', NULL, '0');
INSERT INTO `flow_form_data` VALUES ('abca490c9fb4407fae4a605595cbdd71', 'b50fc0fcc2194ac88d5a85d7c4ae2a2d', 'e318c61c-305b-11ea-9129-00163e2e65eb', 'leave_days', '2', NULL, '2', '2020-01-06 16:09:40', '2', '2020-01-06 16:10:38', NULL, '0');
INSERT INTO `flow_form_data` VALUES ('acf24f0b217249608fabbcabd05202bb', 'b50fc0fcc2194ac88d5a85d7c4ae2a2d', 'e08f1edf-4c97-11ea-9b4e-00163e2e65eb', 'leave_tm_end', '2020-02-14', NULL, '2', '2020-02-11 14:29:38', '2', '2020-02-13 18:34:05', NULL, '0');
INSERT INTO `flow_form_data` VALUES ('ad98a5a84ccb48d3830e617f316e10d2', '17902cb796e9404083b8a68632580a42', 'e521e4ae-52ea-11ea-9661-00163e2e65eb', 'leave_type', '1', NULL, '1', '2020-02-19 15:39:01', '1', '2020-02-24 12:31:59', NULL, '0');
INSERT INTO `flow_form_data` VALUES ('ae3588ca0b3e487888868e027dacdef6', 'b50fc0fcc2194ac88d5a85d7c4ae2a2d', '8290f1e3-3387-11ea-aa63-00163e2e65eb', 'leave_tm_end', '2020-01-11', NULL, '1', '2020-01-10 16:59:30', '1', '2020-01-10 16:59:30', NULL, '0');
INSERT INTO `flow_form_data` VALUES ('af0a2f0a737f495cb652cbae7bf44614', 'b50fc0fcc2194ac88d5a85d7c4ae2a2d', 'dafeba38-367d-11ea-aa63-00163e2e65eb', 'leave_type', '1', NULL, '1', '2020-01-14 11:27:57', '2', '2020-02-11 14:29:46', NULL, '0');
INSERT INTO `flow_form_data` VALUES ('af2faf5e22b745ff8316597f2578bbb5', 'b50fc0fcc2194ac88d5a85d7c4ae2a2d', '66bf898f-3827-11ea-aa63-00163e2e65eb', 'task_asignee', '人力资源,jsitehr', NULL, '1', '2020-01-16 14:14:07', '1', '2020-01-16 14:14:07', NULL, '0');
INSERT INTO `flow_form_data` VALUES ('b17fbe24d50944bdba1353cc0a92e50b', 'b50fc0fcc2194ac88d5a85d7c4ae2a2d', 'dafeba38-367d-11ea-aa63-00163e2e65eb', 'comment', '', NULL, '1', '2020-01-14 11:27:57', '2', '2020-02-11 14:29:46', NULL, '0');
INSERT INTO `flow_form_data` VALUES ('b1921be0e64945cb96dd8fcef290767a', 'b50fc0fcc2194ac88d5a85d7c4ae2a2d', 'ec0a0dfc-38fb-11ea-aa63-00163e2e65eb', 'leave_type', '1', NULL, '1', '2020-01-17 15:35:24', '3', '2020-01-17 15:38:18', NULL, '0');
INSERT INTO `flow_form_data` VALUES ('b195481e4b264a4c9f489dd493e19784', 'b50fc0fcc2194ac88d5a85d7c4ae2a2d', 'caea8d18-36ae-11ea-aa63-00163e2e65eb', 'task_asignee', '', NULL, '1', '2020-01-14 17:18:15', '3', '2020-01-15 11:00:03', NULL, '0');
INSERT INTO `flow_form_data` VALUES ('b1f319f548a14fc7b263bc2412452c54', '17902cb796e9404083b8a68632580a42', 'e521e4ae-52ea-11ea-9661-00163e2e65eb', 'leave_tm_begin', '2020-02-19', NULL, '1', '2020-02-19 15:39:01', '1', '2020-02-24 12:31:59', NULL, '0');
INSERT INTO `flow_form_data` VALUES ('b2e0100072a14a318eba4a1816ad59bd', 'b50fc0fcc2194ac88d5a85d7c4ae2a2d', '7c8a32c5-35d1-11ea-aa63-00163e2e65eb', 'leave_days', '3', NULL, '1', '2020-01-13 14:54:04', '1', '2020-01-13 15:24:21', NULL, '0');
INSERT INTO `flow_form_data` VALUES ('b3d528f1fa87480686071f1948ce2578', 'b50fc0fcc2194ac88d5a85d7c4ae2a2d', '4868dc5a-4f9e-11ea-9661-00163e2e65eb', 'leave_days', '1', NULL, '1', '2020-02-15 10:53:03', '1', '2020-02-18 17:27:55', NULL, '0');
INSERT INTO `flow_form_data` VALUES ('b3e27dcc396d410ea6eaeae5aa4a6695', 'b50fc0fcc2194ac88d5a85d7c4ae2a2d', 'aa3c297d-3349-11ea-aa63-00163e2e65eb', 'leave_reason', '试试水', NULL, '1', '2020-01-10 09:36:47', '1', '2020-01-10 15:25:55', NULL, '0');
INSERT INTO `flow_form_data` VALUES ('b4545c0ad6dc46ebb2a5cec00b285807', 'b50fc0fcc2194ac88d5a85d7c4ae2a2d', 'd698a7fb-4d81-11ea-9b4e-00163e2e65eb', 'comment', '', NULL, '1', '2020-02-12 18:24:24', '2', '2020-02-12 18:27:46', NULL, '0');
INSERT INTO `flow_form_data` VALUES ('b5d1d86fb7a140278b900a8ec4c11f73', 'b50fc0fcc2194ac88d5a85d7c4ae2a2d', 'f9e02281-38f5-11ea-aa63-00163e2e65eb', 'leave_type', '1', NULL, '1', '2020-01-17 14:52:50', '3', '2020-02-27 13:09:28', NULL, '0');
INSERT INTO `flow_form_data` VALUES ('b632c001544f44e4badaf0334c28ce65', 'b50fc0fcc2194ac88d5a85d7c4ae2a2d', '979e7168-3368-11ea-aa63-00163e2e65eb', 'comment', '', NULL, '1', '2020-01-10 13:18:11', '2', '2020-01-17 15:37:10', NULL, '0');
INSERT INTO `flow_form_data` VALUES ('b64ff54e4e6b4ef6829bcc30951f809c', 'b50fc0fcc2194ac88d5a85d7c4ae2a2d', '79cea582-2df3-11ea-aa23-c85b7643dd9e', 'leave_tm_end', '2020-01-03', NULL, '1', '2020-01-03 14:37:16', '1', '2020-01-03 14:43:59', NULL, '0');
INSERT INTO `flow_form_data` VALUES ('b699c2c005bc4cf28cdb9a88249d3db2', '17902cb796e9404083b8a68632580a42', 'af905a8a-56af-11ea-9661-00163e2e65eb', 'task_asignee', '', NULL, '1', '2020-02-24 10:45:16', '3', '2020-02-27 13:09:21', NULL, '0');
INSERT INTO `flow_form_data` VALUES ('b8593128ffea47c78d6d0ab4cb6a8552', 'b50fc0fcc2194ac88d5a85d7c4ae2a2d', '6678cae6-515a-11ea-9661-00163e2e65eb', 'leave_tm_end', '2020-02-18', NULL, '1', '2020-02-17 15:52:10', '2', '2020-02-18 13:28:31', NULL, '0');
INSERT INTO `flow_form_data` VALUES ('b9b31634d07b4400bbe89a60545c1a1b', 'b50fc0fcc2194ac88d5a85d7c4ae2a2d', '5da62737-32b9-11ea-aa63-00163e2e65eb', 'leave_days', '8', NULL, '1', '2020-01-09 16:23:51', '1', '2020-03-12 17:41:23', NULL, '0');
INSERT INTO `flow_form_data` VALUES ('b9e56b8e153c4332a54dbf52a85bc2fc', 'b50fc0fcc2194ac88d5a85d7c4ae2a2d', 'e08f1edf-4c97-11ea-9b4e-00163e2e65eb', 'leave_reason', 'virves', NULL, '2', '2020-02-11 14:29:38', '2', '2020-02-13 18:34:05', NULL, '0');
INSERT INTO `flow_form_data` VALUES ('ba56061732e9422fb35f6e5fa1893ce0', 'b50fc0fcc2194ac88d5a85d7c4ae2a2d', 'd698a7fb-4d81-11ea-9b4e-00163e2e65eb', 'leave_type', '3', NULL, '1', '2020-02-12 18:24:24', '2', '2020-02-12 18:27:46', NULL, '0');
INSERT INTO `flow_form_data` VALUES ('ba97b3f643c7426697ac8f7c3deffafc', '17902cb796e9404083b8a68632580a42', 'aed40019-52c7-11ea-8c7c-c85b7643dd9e', 'comment', '驳回测试', NULL, '1', '2020-02-19 11:26:59', '2', '2020-02-24 09:42:42', NULL, '0');
INSERT INTO `flow_form_data` VALUES ('ba98317e82bd4c44abd5f138ada30a42', 'b50fc0fcc2194ac88d5a85d7c4ae2a2d', '1f538bd4-4f9d-11ea-9661-00163e2e65eb', 'leave_tm_begin', '2020-02-15', NULL, '1', '2020-02-15 10:44:44', '4', '2020-02-19 14:18:10', NULL, '0');
INSERT INTO `flow_form_data` VALUES ('bacbf63a0dd04df8b10cc69ddaa2a61b', 'b50fc0fcc2194ac88d5a85d7c4ae2a2d', 'ec0a0dfc-38fb-11ea-aa63-00163e2e65eb', 'leave_days', '1', NULL, '1', '2020-01-17 15:35:24', '3', '2020-01-17 15:38:19', NULL, '0');
INSERT INTO `flow_form_data` VALUES ('bad5e26fb07740b3971c65ee5810c488', 'b50fc0fcc2194ac88d5a85d7c4ae2a2d', '79cea582-2df3-11ea-aa23-c85b7643dd9e', 'leave_type', '3', NULL, '1', '2020-01-03 14:37:15', '1', '2020-01-03 14:44:00', NULL, '0');
INSERT INTO `flow_form_data` VALUES ('bb60586d64ea4a1bb083fa353ef860c3', 'b50fc0fcc2194ac88d5a85d7c4ae2a2d', '0ad9c74c-3223-11ea-aa63-00163e2e65eb', 'leave_tm_end', '2020-01-31', NULL, '1', '2020-01-08 22:27:48', '1', '2020-01-13 15:24:04', NULL, '0');
INSERT INTO `flow_form_data` VALUES ('bd74eea7979b486db0c0e1b947a2b0e2', 'b50fc0fcc2194ac88d5a85d7c4ae2a2d', '66bf898f-3827-11ea-aa63-00163e2e65eb', 'leave_tm_end', '2020-01-17', NULL, '1', '2020-01-16 14:14:08', '1', '2020-01-16 14:14:08', NULL, '0');
INSERT INTO `flow_form_data` VALUES ('be77d3f2c95446768cb31ab790509526', 'b50fc0fcc2194ac88d5a85d7c4ae2a2d', 'c81fe553-36b7-11ea-aa63-00163e2e65eb', 'leave_tm_begin', '2020-01-16', NULL, '1', '2020-01-14 18:22:36', '1', '2020-01-14 18:22:36', NULL, '0');
INSERT INTO `flow_form_data` VALUES ('bebbf6b41d474d44b2e546a1dad34449', 'b50fc0fcc2194ac88d5a85d7c4ae2a2d', '143f81f3-3029-11ea-9129-00163e2e65eb', 'task_asignee', '', NULL, '1', '2020-01-06 10:05:58', '1', '2020-01-08 11:12:25', NULL, '0');
INSERT INTO `flow_form_data` VALUES ('c0bc452294894377b60bb09ac7f9f66e', 'b50fc0fcc2194ac88d5a85d7c4ae2a2d', '4a4f6710-4e4c-11ea-9661-00163e2e65eb', 'leave_reason', '1', NULL, '2', '2020-02-13 18:33:36', '3', '2020-03-16 10:15:56', NULL, '0');
INSERT INTO `flow_form_data` VALUES ('c3fc68bcade9425697c1b29f4cd2ba37', 'b50fc0fcc2194ac88d5a85d7c4ae2a2d', '7c8a32c5-35d1-11ea-aa63-00163e2e65eb', 'leave_tm_begin', '2020-01-13', NULL, '1', '2020-01-13 14:54:04', '1', '2020-01-13 15:24:21', NULL, '0');
INSERT INTO `flow_form_data` VALUES ('c401a2e18ec944dab2df05b4a5c0ad8b', 'b50fc0fcc2194ac88d5a85d7c4ae2a2d', 'c5247234-3156-11ea-9129-00163e2e65eb', 'leave_type', '3', NULL, '1', '2020-01-07 22:05:33', '2', '2020-02-13 18:34:11', NULL, '0');
INSERT INTO `flow_form_data` VALUES ('c5651ed319384444a43804a83ed5637e', 'b50fc0fcc2194ac88d5a85d7c4ae2a2d', '264a7336-3678-11ea-aa63-00163e2e65eb', 'leave_tm_end', '2020-01-30', NULL, '1', '2020-01-14 10:47:06', '1', '2020-01-14 14:08:19', NULL, '0');
INSERT INTO `flow_form_data` VALUES ('c580b36b0b864e21a06d772dd1a194f8', 'b50fc0fcc2194ac88d5a85d7c4ae2a2d', 'd698a7fb-4d81-11ea-9b4e-00163e2e65eb', 'leave_reason', '无', NULL, '1', '2020-02-12 18:24:24', '2', '2020-02-12 18:27:46', NULL, '0');
INSERT INTO `flow_form_data` VALUES ('c668e26041474c3dab20d129b199ed7e', '17902cb796e9404083b8a68632580a42', 'aed40019-52c7-11ea-8c7c-c85b7643dd9e', 'leave_type', '1', NULL, '1', '2020-02-19 11:26:59', '2', '2020-02-24 09:42:42', NULL, '0');
INSERT INTO `flow_form_data` VALUES ('c7e7898da4e646b7bb889691e4913b80', 'b50fc0fcc2194ac88d5a85d7c4ae2a2d', '8db9ba53-3379-11ea-aa63-00163e2e65eb', 'leave_type', '1', NULL, '2', '2020-01-10 15:19:35', '2', '2020-01-10 15:19:35', NULL, '0');
INSERT INTO `flow_form_data` VALUES ('cb700c0a1ed54cff9d6fa132df599314', 'b50fc0fcc2194ac88d5a85d7c4ae2a2d', 'f5d4437e-3733-11ea-aa63-00163e2e65eb', 'leave_type', '3', NULL, '1', '2020-01-15 09:11:30', '2', '2020-01-17 15:36:39', NULL, '0');
INSERT INTO `flow_form_data` VALUES ('ccbf98dab8ab48269bf76249c40b8f4c', 'b50fc0fcc2194ac88d5a85d7c4ae2a2d', '1f538bd4-4f9d-11ea-9661-00163e2e65eb', 'task_asignee', '', NULL, '1', '2020-02-15 10:44:44', '4', '2020-02-19 14:18:10', NULL, '0');
INSERT INTO `flow_form_data` VALUES ('cce7e79f211a44dbb699287890815f5e', 'b50fc0fcc2194ac88d5a85d7c4ae2a2d', 'f5d4437e-3733-11ea-aa63-00163e2e65eb', 'leave_tm_begin', '2020-01-15', NULL, '1', '2020-01-15 09:11:30', '2', '2020-01-17 15:36:39', NULL, '0');
INSERT INTO `flow_form_data` VALUES ('ce6c996a833f4487906706d50b029d24', 'b50fc0fcc2194ac88d5a85d7c4ae2a2d', 'dafeba38-367d-11ea-aa63-00163e2e65eb', 'leave_tm_end', '2020-01-15', NULL, '1', '2020-01-14 11:27:57', '2', '2020-02-11 14:29:46', NULL, '0');
INSERT INTO `flow_form_data` VALUES ('d1117f5bb0f14284804d72091bb5ba0c', 'b50fc0fcc2194ac88d5a85d7c4ae2a2d', 'c87ffc92-32bd-11ea-aa63-00163e2e65eb', 'leave_reason', 'test', NULL, '1', '2020-01-09 16:55:29', '1', '2020-03-12 17:41:06', NULL, '0');
INSERT INTO `flow_form_data` VALUES ('d11f2dc846ec47b0ba97cbe9295a1013', 'b50fc0fcc2194ac88d5a85d7c4ae2a2d', 'c87ffc92-32bd-11ea-aa63-00163e2e65eb', 'comment', '', NULL, '1', '2020-01-09 16:55:28', '1', '2020-03-12 17:41:06', NULL, '0');
INSERT INTO `flow_form_data` VALUES ('d379b114d9ff4e60b18ed75ddaaf733c', 'b50fc0fcc2194ac88d5a85d7c4ae2a2d', '4a4f6710-4e4c-11ea-9661-00163e2e65eb', 'leave_tm_begin', '2020-02-13', NULL, '2', '2020-02-13 18:33:36', '3', '2020-03-16 10:15:56', NULL, '0');
INSERT INTO `flow_form_data` VALUES ('d38b790215384986b5f701abe9fb9ce2', 'b50fc0fcc2194ac88d5a85d7c4ae2a2d', '5460056f-4f9d-11ea-9661-00163e2e65eb', 'comment', '', NULL, '1', '2020-02-15 10:46:14', '3', '2020-03-09 14:58:29', NULL, '0');
INSERT INTO `flow_form_data` VALUES ('d39b53ef1d5149688e2661b7dabb920a', 'b50fc0fcc2194ac88d5a85d7c4ae2a2d', '18a05841-517b-11ea-9661-00163e2e65eb', 'leave_days', '3', NULL, '2', '2020-02-17 19:46:13', '3', '2020-03-02 17:37:10', NULL, '0');
INSERT INTO `flow_form_data` VALUES ('d479fbd58620406bb11188b6789b5bc9', 'b50fc0fcc2194ac88d5a85d7c4ae2a2d', 'e318c61c-305b-11ea-9129-00163e2e65eb', 'leave_type', '1', NULL, '2', '2020-01-06 16:09:40', '2', '2020-01-06 16:10:38', NULL, '0');
INSERT INTO `flow_form_data` VALUES ('d54ced9834784595813559aed4de0ec7', '17902cb796e9404083b8a68632580a42', 'aed40019-52c7-11ea-8c7c-c85b7643dd9e', 'leave_tm_end', '2020-02-19', NULL, '1', '2020-02-19 11:26:59', '2', '2020-02-24 09:42:42', NULL, '0');
INSERT INTO `flow_form_data` VALUES ('d56e138bca854cc8846436d6b9f5b74c', 'b50fc0fcc2194ac88d5a85d7c4ae2a2d', '143f81f3-3029-11ea-9129-00163e2e65eb', 'comment', '', NULL, '1', '2020-01-06 10:05:59', '1', '2020-01-08 11:12:25', NULL, '0');
INSERT INTO `flow_form_data` VALUES ('d5de1ee5dbab410caec3345703d91023', 'b50fc0fcc2194ac88d5a85d7c4ae2a2d', '66bf898f-3827-11ea-aa63-00163e2e65eb', 'leave_days', '1', NULL, '1', '2020-01-16 14:14:07', '1', '2020-01-16 14:14:07', NULL, '0');
INSERT INTO `flow_form_data` VALUES ('d7345f465cbd4b73ab427bd47940daf5', 'b50fc0fcc2194ac88d5a85d7c4ae2a2d', '0ad9c74c-3223-11ea-aa63-00163e2e65eb', 'leave_days', '20', NULL, '1', '2020-01-08 22:27:48', '1', '2020-01-13 15:24:04', NULL, '0');
INSERT INTO `flow_form_data` VALUES ('d8d7ed83e08a4082ae08e337eb429c03', 'b50fc0fcc2194ac88d5a85d7c4ae2a2d', '1035a7c0-2f8c-11ea-9129-00163e2e65eb', 'comment', '', NULL, '1', '2020-01-05 15:22:01', '1', '2020-01-05 15:22:17', NULL, '0');
INSERT INTO `flow_form_data` VALUES ('d901c5d10ebe412f880adf6b03eb66d1', 'b50fc0fcc2194ac88d5a85d7c4ae2a2d', 'd27dd303-2dea-11ea-b12b-c85b7643dd9e', 'leave_tm_begin', '2020-01-03', NULL, '1', '2020-01-03 13:35:18', '1', '2020-01-03 14:00:53', NULL, '0');
INSERT INTO `flow_form_data` VALUES ('da24504f061c4b40a613604b5d4418df', 'b50fc0fcc2194ac88d5a85d7c4ae2a2d', 'aa3c297d-3349-11ea-aa63-00163e2e65eb', 'leave_tm_begin', '2020-01-10', NULL, '1', '2020-01-10 09:36:47', '1', '2020-01-10 15:25:55', NULL, '0');
INSERT INTO `flow_form_data` VALUES ('dc4d4a7c89094c048ab2e31ab610e56e', 'b50fc0fcc2194ac88d5a85d7c4ae2a2d', '7c8a32c5-35d1-11ea-aa63-00163e2e65eb', 'leave_reason', '33', NULL, '1', '2020-01-13 14:54:05', '1', '2020-01-13 15:24:21', NULL, '0');
INSERT INTO `flow_form_data` VALUES ('ddb6768243e94d57a0b0f7c13bed28f5', 'b50fc0fcc2194ac88d5a85d7c4ae2a2d', '6678cae6-515a-11ea-9661-00163e2e65eb', 'leave_days', '2', NULL, '1', '2020-02-17 15:52:10', '2', '2020-02-18 13:28:31', NULL, '0');
INSERT INTO `flow_form_data` VALUES ('df49a0644ef546ff80fc67e1d38e3d6d', 'b50fc0fcc2194ac88d5a85d7c4ae2a2d', '143f81f3-3029-11ea-9129-00163e2e65eb', 'leave_type', '1', NULL, '1', '2020-01-06 10:05:58', '1', '2020-01-08 11:12:25', NULL, '0');
INSERT INTO `flow_form_data` VALUES ('df9f25889fca4bd1849220120f5b5178', '17902cb796e9404083b8a68632580a42', 'aed40019-52c7-11ea-8c7c-c85b7643dd9e', 'leave_tm_begin', '2020-02-19', NULL, '1', '2020-02-19 11:26:58', '2', '2020-02-24 09:42:42', NULL, '0');
INSERT INTO `flow_form_data` VALUES ('e1a061a294e54beab05304c8212c81cc', 'b50fc0fcc2194ac88d5a85d7c4ae2a2d', '3d309e0e-3029-11ea-9129-00163e2e65eb', 'leave_days', '2', NULL, '1', '2020-01-06 10:07:07', '1', '2020-01-07 14:48:24', NULL, '0');
INSERT INTO `flow_form_data` VALUES ('e21a10ae85fe4e428af07e4c8ebadddc', 'b50fc0fcc2194ac88d5a85d7c4ae2a2d', '0ad9c74c-3223-11ea-aa63-00163e2e65eb', 'leave_reason', '私事', NULL, '1', '2020-01-08 22:27:48', '1', '2020-01-13 15:24:04', NULL, '0');
INSERT INTO `flow_form_data` VALUES ('e22a99f0a6fa4512832d0ee71edf0c13', 'b50fc0fcc2194ac88d5a85d7c4ae2a2d', '56631326-383f-11ea-aa63-00163e2e65eb', 'leave_reason', '测试测试', NULL, '1', '2020-01-16 17:05:28', '3', '2020-03-04 13:35:14', NULL, '0');
INSERT INTO `flow_form_data` VALUES ('e27633bf44984510ae7a79d9817dbfa9', 'b50fc0fcc2194ac88d5a85d7c4ae2a2d', 'f9e02281-38f5-11ea-aa63-00163e2e65eb', 'leave_days', '2', NULL, '1', '2020-01-17 14:52:50', '3', '2020-02-27 13:09:28', NULL, '0');
INSERT INTO `flow_form_data` VALUES ('e295b95a0b32485086a9dcd8adf0249d', 'b50fc0fcc2194ac88d5a85d7c4ae2a2d', '90237410-35d5-11ea-aa63-00163e2e65eb', 'leave_days', '90', NULL, '1', '2020-01-13 15:23:15', '1', '2020-01-13 15:24:12', NULL, '0');
INSERT INTO `flow_form_data` VALUES ('e2eef3b91bd94a64b3b628d2834b91bf', 'b50fc0fcc2194ac88d5a85d7c4ae2a2d', 'ca5a65af-4d6c-11ea-9b4e-00163e2e65eb', 'leave_days', '1', NULL, '1', '2020-02-12 15:53:44', '3', '2020-03-02 15:52:53', NULL, '0');
INSERT INTO `flow_form_data` VALUES ('e3fcff20ec6049bbaf599c2352ca3322', 'b50fc0fcc2194ac88d5a85d7c4ae2a2d', '8290f1e3-3387-11ea-aa63-00163e2e65eb', 'leave_tm_begin', '2020-01-10', NULL, '1', '2020-01-10 16:59:29', '1', '2020-01-10 16:59:29', NULL, '0');
INSERT INTO `flow_form_data` VALUES ('e641abe856764795a8c6ff691fa44c11', 'b50fc0fcc2194ac88d5a85d7c4ae2a2d', 'bdc1bb3a-2dd7-11ea-a0ba-c85b7643dd9e', 'comment', '', NULL, '1', '2020-01-03 11:18:45', '1', '2020-01-03 12:05:28', NULL, '0');
INSERT INTO `flow_form_data` VALUES ('e6475e2c3ec241ecab6ad820d40f3fb1', 'b50fc0fcc2194ac88d5a85d7c4ae2a2d', '5460056f-4f9d-11ea-9661-00163e2e65eb', 'leave_days', '1', NULL, '1', '2020-02-15 10:46:13', '3', '2020-03-09 14:58:28', NULL, '0');
INSERT INTO `flow_form_data` VALUES ('e75869aa9d27462fa87ceab2c9156330', 'b50fc0fcc2194ac88d5a85d7c4ae2a2d', '0ad9c74c-3223-11ea-aa63-00163e2e65eb', 'leave_type', '1', NULL, '1', '2020-01-08 22:27:48', '1', '2020-01-13 15:24:04', NULL, '0');
INSERT INTO `flow_form_data` VALUES ('e7a6fd9aaa3d4bd485ba67ee47391ed5', 'b50fc0fcc2194ac88d5a85d7c4ae2a2d', '3414bed4-3046-11ea-9129-00163e2e65eb', 'leave_tm_end', '2020-01-08', NULL, '1', '2020-01-06 13:34:27', '3', '2020-01-07 16:49:14', NULL, '0');
INSERT INTO `flow_form_data` VALUES ('e84c12a4092c4707ae7da5caeac07255', 'b50fc0fcc2194ac88d5a85d7c4ae2a2d', '006ae1ba-3838-11ea-aa63-00163e2e65eb', 'leave_days', '10', NULL, '1', '2020-01-16 16:12:57', '1', '2020-01-16 16:12:57', NULL, '0');
INSERT INTO `flow_form_data` VALUES ('e92e4cd370514372bd343c0fca9eb06b', 'b50fc0fcc2194ac88d5a85d7c4ae2a2d', 'dca4f015-4e48-11ea-9661-00163e2e65eb', 'leave_type', '2', NULL, '1', '2020-02-13 18:09:04', '1', '2020-02-13 18:09:04', NULL, '0');
INSERT INTO `flow_form_data` VALUES ('ec3a2d2203254f028facb817fd89e9f3', 'b50fc0fcc2194ac88d5a85d7c4ae2a2d', '979e7168-3368-11ea-aa63-00163e2e65eb', 'leave_tm_begin', '2020-01-10', NULL, '1', '2020-01-10 13:18:10', '2', '2020-01-17 15:37:10', NULL, '0');
INSERT INTO `flow_form_data` VALUES ('ec84e27eb6f94ef0b562e70caa61e981', 'b50fc0fcc2194ac88d5a85d7c4ae2a2d', 'c81fe553-36b7-11ea-aa63-00163e2e65eb', 'leave_tm_end', '2020-01-16', NULL, '1', '2020-01-14 18:22:36', '1', '2020-01-14 18:22:36', NULL, '0');
INSERT INTO `flow_form_data` VALUES ('edc0dec455a6402e8fea560accf1307a', 'b50fc0fcc2194ac88d5a85d7c4ae2a2d', 'caea8d18-36ae-11ea-aa63-00163e2e65eb', 'leave_tm_begin', '2020-01-14', NULL, '1', '2020-01-14 17:18:15', '3', '2020-01-15 11:00:03', NULL, '0');
INSERT INTO `flow_form_data` VALUES ('edcaff99cf1b4b4bb8911f45b4530f4e', 'b50fc0fcc2194ac88d5a85d7c4ae2a2d', '1f538bd4-4f9d-11ea-9661-00163e2e65eb', 'leave_days', '1', NULL, '1', '2020-02-15 10:44:44', '4', '2020-02-19 14:18:10', NULL, '0');
INSERT INTO `flow_form_data` VALUES ('eed33773f34f45a6ac85d69366ef32d6', 'b50fc0fcc2194ac88d5a85d7c4ae2a2d', 'a0af89db-2df4-11ea-aa23-c85b7643dd9e', 'leave_type', '3', NULL, '1', '2020-01-03 14:45:30', '2', '2020-01-17 15:37:26', NULL, '0');
INSERT INTO `flow_form_data` VALUES ('efa3f73bc93843bba6ae63f439e1a0b7', 'b50fc0fcc2194ac88d5a85d7c4ae2a2d', '1035a7c0-2f8c-11ea-9129-00163e2e65eb', 'leave_days', '1', NULL, '1', '2020-01-05 15:22:00', '1', '2020-01-05 15:22:18', NULL, '0');
INSERT INTO `flow_form_data` VALUES ('f236b2d0aefa4fbc809f3b571c5a5e60', 'b50fc0fcc2194ac88d5a85d7c4ae2a2d', 'c87ffc92-32bd-11ea-aa63-00163e2e65eb', 'leave_tm_begin', '2020-01-09', NULL, '1', '2020-01-09 16:55:28', '1', '2020-03-12 17:41:06', NULL, '0');
INSERT INTO `flow_form_data` VALUES ('f312a2997c3f4da2ada73d8573c75cf1', 'b50fc0fcc2194ac88d5a85d7c4ae2a2d', 'ec0a0dfc-38fb-11ea-aa63-00163e2e65eb', 'task_asignee', '', NULL, '1', '2020-01-17 15:35:24', '3', '2020-01-17 15:38:19', NULL, '0');
INSERT INTO `flow_form_data` VALUES ('f4bd02b0334f46c28cc57f1e03fd4879', 'b50fc0fcc2194ac88d5a85d7c4ae2a2d', 'c81fe553-36b7-11ea-aa63-00163e2e65eb', 'leave_type', '1', NULL, '1', '2020-01-14 18:22:36', '1', '2020-01-14 18:22:36', NULL, '0');
INSERT INTO `flow_form_data` VALUES ('f4bdd51688b9406c9d538370d253de3d', 'b50fc0fcc2194ac88d5a85d7c4ae2a2d', 'c87ffc92-32bd-11ea-aa63-00163e2e65eb', 'leave_days', '1', NULL, '1', '2020-01-09 16:55:28', '1', '2020-03-12 17:41:06', NULL, '0');
INSERT INTO `flow_form_data` VALUES ('f4e33a3671544f1f8b1aa94b9f897ddf', 'b50fc0fcc2194ac88d5a85d7c4ae2a2d', '5460056f-4f9d-11ea-9661-00163e2e65eb', 'leave_type', '2', NULL, '1', '2020-02-15 10:46:13', '3', '2020-03-09 14:58:29', NULL, '0');
INSERT INTO `flow_form_data` VALUES ('f54c68681e3548348fc394f860a2e44c', 'b50fc0fcc2194ac88d5a85d7c4ae2a2d', '8db9ba53-3379-11ea-aa63-00163e2e65eb', 'leave_tm_begin', '2020-01-10', NULL, '2', '2020-01-10 15:19:35', '2', '2020-01-10 15:19:35', NULL, '0');
INSERT INTO `flow_form_data` VALUES ('f55d16fcb18b4f038970580cfeaf06cb', 'b50fc0fcc2194ac88d5a85d7c4ae2a2d', 'e318c61c-305b-11ea-9129-00163e2e65eb', 'leave_tm_begin', '2020-01-06', NULL, '2', '2020-01-06 16:09:40', '2', '2020-01-06 16:10:38', NULL, '0');
INSERT INTO `flow_form_data` VALUES ('f5a4b5f3a3d445c4b0496c34b61ae453', 'b50fc0fcc2194ac88d5a85d7c4ae2a2d', '143f81f3-3029-11ea-9129-00163e2e65eb', 'leave_tm_end', '2020-01-07', NULL, '1', '2020-01-06 10:05:59', '1', '2020-01-08 11:12:25', NULL, '0');
INSERT INTO `flow_form_data` VALUES ('f5f7cc75f40f4732bfa8f8a9985d9ed3', 'b50fc0fcc2194ac88d5a85d7c4ae2a2d', '4868dc5a-4f9e-11ea-9661-00163e2e65eb', 'leave_tm_begin', '2020-02-15', NULL, '1', '2020-02-15 10:53:03', '1', '2020-02-18 17:27:55', NULL, '0');
INSERT INTO `flow_form_data` VALUES ('f685d72ff99043feb5db2bc29673bb86', 'b50fc0fcc2194ac88d5a85d7c4ae2a2d', '66bf898f-3827-11ea-aa63-00163e2e65eb', 'leave_tm_begin', '2020-01-16', NULL, '1', '2020-01-16 14:14:07', '1', '2020-01-16 14:14:07', NULL, '0');
INSERT INTO `flow_form_data` VALUES ('f6c925cedd2e4f65b6770729135be0ed', 'b50fc0fcc2194ac88d5a85d7c4ae2a2d', '5460056f-4f9d-11ea-9661-00163e2e65eb', 'leave_tm_end', '2020-02-06', NULL, '1', '2020-02-15 10:46:14', '3', '2020-03-09 14:58:29', NULL, '0');
INSERT INTO `flow_form_data` VALUES ('f8434957becb456394261206adc3aa62', 'b50fc0fcc2194ac88d5a85d7c4ae2a2d', '18a05841-517b-11ea-9661-00163e2e65eb', 'leave_tm_begin', '2020-02-17', NULL, '2', '2020-02-17 19:46:13', '3', '2020-03-02 17:37:10', NULL, '0');
INSERT INTO `flow_form_data` VALUES ('f84c8c1ea5de4716a0529f9b50573ca0', 'b50fc0fcc2194ac88d5a85d7c4ae2a2d', '0ad9c74c-3223-11ea-aa63-00163e2e65eb', 'leave_tm_begin', '2020-01-08', NULL, '1', '2020-01-08 22:27:48', '1', '2020-01-13 15:24:04', NULL, '0');
INSERT INTO `flow_form_data` VALUES ('f8ec53360fa649ada1a366fecb42e3cf', 'b50fc0fcc2194ac88d5a85d7c4ae2a2d', '1034b9e1-31f9-11ea-aa63-00163e2e65eb', 'task_asignee', '', NULL, '1', '2020-01-08 17:27:18', '1', '2020-03-12 17:41:36', NULL, '0');
INSERT INTO `flow_form_data` VALUES ('f9643e4141a14082b94cd2c1221e4d25', 'b50fc0fcc2194ac88d5a85d7c4ae2a2d', 'c5247234-3156-11ea-9129-00163e2e65eb', 'comment', '', NULL, '1', '2020-01-07 22:05:33', '2', '2020-02-13 18:34:11', NULL, '0');
INSERT INTO `flow_form_data` VALUES ('fa0576fe596c442090ef926b4327e96c', '17902cb796e9404083b8a68632580a42', 'def0a034-562d-11ea-9661-00163e2e65eb', 'leave_type', '1', NULL, '2', '2020-02-23 19:16:00', '1', '2020-02-27 10:09:37', NULL, '0');
INSERT INTO `flow_form_data` VALUES ('fa22650bffdc4262bcd818081fb90292', 'b50fc0fcc2194ac88d5a85d7c4ae2a2d', '264a7336-3678-11ea-aa63-00163e2e65eb', 'comment', '', NULL, '1', '2020-01-14 10:47:06', '1', '2020-01-14 14:08:19', NULL, '0');
INSERT INTO `flow_form_data` VALUES ('fac1bcc1569147ae90ea0a6a5e26a91f', 'b50fc0fcc2194ac88d5a85d7c4ae2a2d', 'd27dd303-2dea-11ea-b12b-c85b7643dd9e', 'leave_reason', '請假測試1111111111', NULL, '1', '2020-01-03 13:35:21', '1', '2020-01-03 14:00:52', NULL, '0');
INSERT INTO `flow_form_data` VALUES ('fbeea9c3db7448c3a485614fa417edef', 'b50fc0fcc2194ac88d5a85d7c4ae2a2d', 'aa3c297d-3349-11ea-aa63-00163e2e65eb', 'leave_tm_end', '2020-01-15', NULL, '1', '2020-01-10 09:36:47', '1', '2020-01-10 15:25:55', NULL, '0');
INSERT INTO `flow_form_data` VALUES ('fc666fe229794f0faa9afc223fd2b7cb', 'b50fc0fcc2194ac88d5a85d7c4ae2a2d', 'fc715bed-36a6-11ea-aa63-00163e2e65eb', 'leave_reason', '12', NULL, '1', '2020-01-14 16:22:22', '1', '2020-01-14 16:22:22', NULL, '0');
INSERT INTO `flow_form_data` VALUES ('fde36f48c72747a79e3524f55aa19dde', 'b50fc0fcc2194ac88d5a85d7c4ae2a2d', '1035a7c0-2f8c-11ea-9129-00163e2e65eb', 'leave_type', '2', NULL, '1', '2020-01-05 15:22:00', '1', '2020-01-05 15:22:18', NULL, '0');
INSERT INTO `flow_form_data` VALUES ('ff872ef12da24c15891ee2cefe15f2d0', 'b50fc0fcc2194ac88d5a85d7c4ae2a2d', '18a05841-517b-11ea-9661-00163e2e65eb', 'leave_tm_end', '2020-02-19', NULL, '2', '2020-02-17 19:46:13', '3', '2020-03-02 17:37:10', NULL, '0');
INSERT INTO `flow_form_data` VALUES ('ffa519d74063454c8efb992ed497f7cf', '17902cb796e9404083b8a68632580a42', 'e521e4ae-52ea-11ea-9661-00163e2e65eb', 'task_asignee', '', NULL, '1', '2020-02-19 15:39:01', '1', '2020-02-24 12:31:59', NULL, '0');
INSERT INTO `flow_form_data` VALUES ('ffb48a98676e4b0cba75dcce8ab17ef0', 'b50fc0fcc2194ac88d5a85d7c4ae2a2d', '8db9ba53-3379-11ea-aa63-00163e2e65eb', 'leave_reason', '2222', NULL, '2', '2020-01-10 15:19:35', '2', '2020-01-10 15:19:35', NULL, '0');
INSERT INTO `flow_form_data` VALUES ('ffc9284d84e542a4899acf26e5411bc8', 'b50fc0fcc2194ac88d5a85d7c4ae2a2d', '3d309e0e-3029-11ea-9129-00163e2e65eb', 'task_asignee', '', NULL, '1', '2020-01-06 10:07:07', '1', '2020-01-07 14:48:24', NULL, '0');

-- ----------------------------
-- Table structure for flow_form_data_temp
-- ----------------------------
DROP TABLE IF EXISTS `flow_form_data_temp`;
CREATE TABLE `flow_form_data_temp`  (
  `id` varchar(64) CHARACTER SET utf8 COLLATE utf8_bin NOT NULL COMMENT '���',
  `form_id` varchar(64) CHARACTER SET utf8 COLLATE utf8_bin NOT NULL COMMENT '������',
  `proc_def_key` varchar(255) CHARACTER SET utf8 COLLATE utf8_bin NULL DEFAULT NULL COMMENT '���̶���key',
  `field_name` varchar(64) CHARACTER SET utf8 COLLATE utf8_bin NULL DEFAULT NULL COMMENT '�ֶ�����',
  `field_value` varchar(255) CHARACTER SET utf8 COLLATE utf8_bin NULL DEFAULT NULL COMMENT '�ֶ�ֵ',
  `field_large_value` varchar(3000) CHARACTER SET utf8 COLLATE utf8_bin NULL DEFAULT NULL COMMENT '���ı��ֶ�ֵ',
  `create_by` varchar(64) CHARACTER SET utf8 COLLATE utf8_bin NOT NULL COMMENT '������',
  `create_date` datetime(0) NOT NULL COMMENT '����ʱ��',
  `update_by` varchar(64) CHARACTER SET utf8 COLLATE utf8_bin NOT NULL COMMENT '������',
  `update_date` datetime(0) NOT NULL COMMENT '����ʱ��',
  `remarks` varchar(255) CHARACTER SET utf8 COLLATE utf8_bin NULL DEFAULT NULL COMMENT '��ע��Ϣ',
  `del_flag` char(1) CHARACTER SET utf8 COLLATE utf8_bin NOT NULL DEFAULT '0' COMMENT 'ɾ�����',
  PRIMARY KEY (`id`) USING BTREE
) ENGINE = InnoDB CHARACTER SET = utf8 COLLATE = utf8_bin COMMENT = '���̱���ֶ������ݴ��' ROW_FORMAT = Dynamic;

-- ----------------------------
-- Records of flow_form_data_temp
-- ----------------------------
INSERT INTO `flow_form_data_temp` VALUES ('39b429e91c074902a1cb9a4f966cadcb', '17902cb796e9404083b8a68632580a42', 'jsite_leave', 'leave_days', '', NULL, '1', '2020-03-18 15:19:11', '1', '2020-03-18 16:19:20', NULL, '0');
INSERT INTO `flow_form_data_temp` VALUES ('5fe37cdb29ab4dcabf358a78b8bf317b', '17902cb796e9404083b8a68632580a42', 'jsite_leave', 'task_asignee', '', NULL, '1', '2020-03-18 15:19:11', '1', '2020-03-18 16:19:20', NULL, '0');
INSERT INTO `flow_form_data_temp` VALUES ('86006478e6284bf7b99d9fcb21798069', '17902cb796e9404083b8a68632580a42', 'jsite_leave', 'leave_tm_begin', '', NULL, '1', '2020-03-18 15:19:11', '1', '2020-03-18 16:19:20', NULL, '0');
INSERT INTO `flow_form_data_temp` VALUES ('918928cb54f4424dae7c0800594f7f4c', '17902cb796e9404083b8a68632580a42', 'jsite_leave', 'leave_reason', '', NULL, '1', '2020-03-18 15:19:11', '1', '2020-03-18 16:19:20', NULL, '0');
INSERT INTO `flow_form_data_temp` VALUES ('b31cd3dbea6443e2bbc82d5f89c24f72', '17902cb796e9404083b8a68632580a42', 'jsite_leave', 'comment', '', NULL, '1', '2020-03-18 15:19:11', '1', '2020-03-18 16:19:20', NULL, '0');
INSERT INTO `flow_form_data_temp` VALUES ('c29572e84df3438baa4c24e3ac57b304', '17902cb796e9404083b8a68632580a42', 'jsite_leave', 'leave_type', '1', NULL, '1', '2020-03-18 15:19:11', '1', '2020-03-18 16:19:20', NULL, '0');
INSERT INTO `flow_form_data_temp` VALUES ('fd4adf9cb9fe4917997f6c306cb95eec', '17902cb796e9404083b8a68632580a42', 'jsite_leave', 'leave_tm_end', '', NULL, '1', '2020-03-18 15:19:11', '1', '2020-03-18 16:19:20', NULL, '0');

-- ----------------------------
-- Table structure for flow_form_user
-- ----------------------------
DROP TABLE IF EXISTS `flow_form_user`;
CREATE TABLE `flow_form_user`  (
  `model_key` varchar(64) CHARACTER SET utf8 COLLATE utf8_bin NULL DEFAULT NULL COMMENT 'ģ��key',
  `user_id` varchar(64) CHARACTER SET utf8 COLLATE utf8_bin NULL DEFAULT NULL COMMENT '��ԱID'
) ENGINE = InnoDB CHARACTER SET = utf8 COLLATE = utf8_bin COMMENT = '�����ԱȨ�ޱ�' ROW_FORMAT = Dynamic;

-- ----------------------------
-- Records of flow_form_user
-- ----------------------------
INSERT INTO `flow_form_user` VALUES ('jsite_leave', '3');
INSERT INTO `flow_form_user` VALUES ('jsite_leave', '4');
INSERT INTO `flow_form_user` VALUES ('jsite_leave', '1');
INSERT INTO `flow_form_user` VALUES ('jsite_leave', '2');

-- ----------------------------
-- Table structure for flow_form_vars
-- ----------------------------
DROP TABLE IF EXISTS `flow_form_vars`;
CREATE TABLE `flow_form_vars`  (
  `id` varchar(64) CHARACTER SET utf8 COLLATE utf8_bin NOT NULL COMMENT '���',
  `model_id` varchar(255) CHARACTER SET utf8 COLLATE utf8_bin NULL DEFAULT NULL COMMENT '����ģ��Id',
  `model_key` varchar(400) CHARACTER SET utf8 COLLATE utf8_bin NULL DEFAULT NULL COMMENT '����ģ��key',
  `model_version` int(11) NULL DEFAULT NULL COMMENT '����ģ�Ͱ汾',
  `field_name` varchar(64) CHARACTER SET utf8 COLLATE utf8_bin NULL DEFAULT NULL COMMENT '�ֶ�����',
  `var_name` varchar(255) CHARACTER SET utf8 COLLATE utf8_bin NULL DEFAULT NULL COMMENT '��������',
  `create_by` varchar(64) CHARACTER SET utf8 COLLATE utf8_bin NOT NULL COMMENT '������',
  `create_date` datetime(0) NOT NULL COMMENT '����ʱ��',
  `update_by` varchar(64) CHARACTER SET utf8 COLLATE utf8_bin NOT NULL COMMENT '������',
  `update_date` datetime(0) NOT NULL COMMENT '����ʱ��',
  `remarks` varchar(255) CHARACTER SET utf8 COLLATE utf8_bin NULL DEFAULT NULL COMMENT '��ע��Ϣ',
  `del_flag` char(1) CHARACTER SET utf8 COLLATE utf8_bin NOT NULL DEFAULT '0' COMMENT 'ɾ�����',
  PRIMARY KEY (`id`) USING BTREE
) ENGINE = InnoDB CHARACTER SET = utf8 COLLATE = utf8_bin COMMENT = '���̱��������' ROW_FORMAT = Dynamic;

-- ----------------------------
-- Records of flow_form_vars
-- ----------------------------
INSERT INTO `flow_form_vars` VALUES ('6ca835dfceb84435bf5e3136def8aa8b', 'aee0d905-2d31-11ea-91ac-c85b7643dd9e', 'jsite_leave', 2, 'task_asignee', 'auditPass', '1', '2020-02-19 11:17:13', '1', '2020-02-19 11:25:03', NULL, '0');
INSERT INTO `flow_form_vars` VALUES ('b39476c78a1942618f95de01dbe3d066', 'aee0d905-2d31-11ea-91ac-c85b7643dd9e', 'jsite_leave', 1, 'task_asignee', 'auditPass', '1', '2020-01-03 14:35:37', '1', '2020-01-03 14:35:37', NULL, '0');

-- ----------------------------
-- Table structure for flow_form_version
-- ----------------------------
DROP TABLE IF EXISTS `flow_form_version`;
CREATE TABLE `flow_form_version`  (
  `proc_ins_id` varchar(255) CHARACTER SET utf8 COLLATE utf8_bin NULL DEFAULT NULL COMMENT '����ʵ��ID',
  `model_version` int(11) NULL DEFAULT NULL COMMENT '����ģ�Ͱ汾'
) ENGINE = InnoDB CHARACTER SET = utf8 COLLATE = utf8_bin COMMENT = '���̱���汾��' ROW_FORMAT = Dynamic;

-- ----------------------------
-- Records of flow_form_version
-- ----------------------------
INSERT INTO `flow_form_version` VALUES ('bdc1bb3a-2dd7-11ea-a0ba-c85b7643dd9e', 1);
INSERT INTO `flow_form_version` VALUES ('d27dd303-2dea-11ea-b12b-c85b7643dd9e', 1);
INSERT INTO `flow_form_version` VALUES ('79cea582-2df3-11ea-aa23-c85b7643dd9e', 1);
INSERT INTO `flow_form_version` VALUES ('a0af89db-2df4-11ea-aa23-c85b7643dd9e', 1);
INSERT INTO `flow_form_version` VALUES ('783cda15-2e95-11ea-9129-00163e2e65eb', 1);
INSERT INTO `flow_form_version` VALUES ('1035a7c0-2f8c-11ea-9129-00163e2e65eb', 1);
INSERT INTO `flow_form_version` VALUES ('143f81f3-3029-11ea-9129-00163e2e65eb', 1);
INSERT INTO `flow_form_version` VALUES ('3d309e0e-3029-11ea-9129-00163e2e65eb', 1);
INSERT INTO `flow_form_version` VALUES ('3414bed4-3046-11ea-9129-00163e2e65eb', 1);
INSERT INTO `flow_form_version` VALUES ('e318c61c-305b-11ea-9129-00163e2e65eb', 1);
INSERT INTO `flow_form_version` VALUES ('c5247234-3156-11ea-9129-00163e2e65eb', 1);
INSERT INTO `flow_form_version` VALUES ('1034b9e1-31f9-11ea-aa63-00163e2e65eb', 1);
INSERT INTO `flow_form_version` VALUES ('0ad9c74c-3223-11ea-aa63-00163e2e65eb', 1);
INSERT INTO `flow_form_version` VALUES ('5da62737-32b9-11ea-aa63-00163e2e65eb', 1);
INSERT INTO `flow_form_version` VALUES ('c87ffc92-32bd-11ea-aa63-00163e2e65eb', 1);
INSERT INTO `flow_form_version` VALUES ('aa3c297d-3349-11ea-aa63-00163e2e65eb', 1);
INSERT INTO `flow_form_version` VALUES ('979e7168-3368-11ea-aa63-00163e2e65eb', 1);
INSERT INTO `flow_form_version` VALUES ('8db9ba53-3379-11ea-aa63-00163e2e65eb', 1);
INSERT INTO `flow_form_version` VALUES ('8290f1e3-3387-11ea-aa63-00163e2e65eb', 1);
INSERT INTO `flow_form_version` VALUES ('7c8a32c5-35d1-11ea-aa63-00163e2e65eb', 1);
INSERT INTO `flow_form_version` VALUES ('90237410-35d5-11ea-aa63-00163e2e65eb', 1);
INSERT INTO `flow_form_version` VALUES ('264a7336-3678-11ea-aa63-00163e2e65eb', 1);
INSERT INTO `flow_form_version` VALUES ('dafeba38-367d-11ea-aa63-00163e2e65eb', 1);
INSERT INTO `flow_form_version` VALUES ('fc715bed-36a6-11ea-aa63-00163e2e65eb', 1);
INSERT INTO `flow_form_version` VALUES ('caea8d18-36ae-11ea-aa63-00163e2e65eb', 1);
INSERT INTO `flow_form_version` VALUES ('c81fe553-36b7-11ea-aa63-00163e2e65eb', 1);
INSERT INTO `flow_form_version` VALUES ('f5d4437e-3733-11ea-aa63-00163e2e65eb', 1);
INSERT INTO `flow_form_version` VALUES ('66bf898f-3827-11ea-aa63-00163e2e65eb', 1);
INSERT INTO `flow_form_version` VALUES ('006ae1ba-3838-11ea-aa63-00163e2e65eb', 1);
INSERT INTO `flow_form_version` VALUES ('56631326-383f-11ea-aa63-00163e2e65eb', 1);
INSERT INTO `flow_form_version` VALUES ('f9e02281-38f5-11ea-aa63-00163e2e65eb', 1);
INSERT INTO `flow_form_version` VALUES ('ec0a0dfc-38fb-11ea-aa63-00163e2e65eb', 1);
INSERT INTO `flow_form_version` VALUES ('de63bcf2-4bdf-11ea-9b4e-00163e2e65eb', 1);
INSERT INTO `flow_form_version` VALUES ('e08f1edf-4c97-11ea-9b4e-00163e2e65eb', 1);
INSERT INTO `flow_form_version` VALUES ('ca5a65af-4d6c-11ea-9b4e-00163e2e65eb', 1);
INSERT INTO `flow_form_version` VALUES ('d698a7fb-4d81-11ea-9b4e-00163e2e65eb', 1);
INSERT INTO `flow_form_version` VALUES ('dca4f015-4e48-11ea-9661-00163e2e65eb', 1);
INSERT INTO `flow_form_version` VALUES ('4a4f6710-4e4c-11ea-9661-00163e2e65eb', 1);
INSERT INTO `flow_form_version` VALUES ('1f538bd4-4f9d-11ea-9661-00163e2e65eb', 1);
INSERT INTO `flow_form_version` VALUES ('5460056f-4f9d-11ea-9661-00163e2e65eb', 1);
INSERT INTO `flow_form_version` VALUES ('4868dc5a-4f9e-11ea-9661-00163e2e65eb', 1);
INSERT INTO `flow_form_version` VALUES ('6678cae6-515a-11ea-9661-00163e2e65eb', 1);
INSERT INTO `flow_form_version` VALUES ('18a05841-517b-11ea-9661-00163e2e65eb', 1);
INSERT INTO `flow_form_version` VALUES ('aed40019-52c7-11ea-8c7c-c85b7643dd9e', 2);
INSERT INTO `flow_form_version` VALUES ('e521e4ae-52ea-11ea-9661-00163e2e65eb', 2);
INSERT INTO `flow_form_version` VALUES ('def0a034-562d-11ea-9661-00163e2e65eb', 2);
INSERT INTO `flow_form_version` VALUES ('af905a8a-56af-11ea-9661-00163e2e65eb', 2);

-- ----------------------------
-- Table structure for gen_scheme
-- ----------------------------
DROP TABLE IF EXISTS `gen_scheme`;
CREATE TABLE `gen_scheme`  (
  `id` varchar(64) CHARACTER SET utf8 COLLATE utf8_bin NOT NULL COMMENT '编号',
  `name` varchar(200) CHARACTER SET utf8 COLLATE utf8_bin NULL DEFAULT NULL COMMENT '名称',
  `category` varchar(2000) CHARACTER SET utf8 COLLATE utf8_bin NULL DEFAULT NULL COMMENT '分类',
  `package_name` varchar(500) CHARACTER SET utf8 COLLATE utf8_bin NULL DEFAULT NULL COMMENT '生成包路径',
  `module_name` varchar(30) CHARACTER SET utf8 COLLATE utf8_bin NULL DEFAULT NULL COMMENT '生成模块名',
  `sub_module_name` varchar(30) CHARACTER SET utf8 COLLATE utf8_bin NULL DEFAULT NULL COMMENT '生成子模块名',
  `function_name` varchar(500) CHARACTER SET utf8 COLLATE utf8_bin NULL DEFAULT NULL COMMENT '生成功能名',
  `function_name_simple` varchar(100) CHARACTER SET utf8 COLLATE utf8_bin NULL DEFAULT NULL COMMENT '生成功能名（简写）',
  `function_author` varchar(100) CHARACTER SET utf8 COLLATE utf8_bin NULL DEFAULT NULL COMMENT '生成功能作者',
  `gen_table_id` varchar(200) CHARACTER SET utf8 COLLATE utf8_bin NULL DEFAULT NULL COMMENT '生成表编号',
  `create_by` varchar(64) CHARACTER SET utf8 COLLATE utf8_bin NULL DEFAULT NULL COMMENT '创建者',
  `create_date` datetime(0) NULL DEFAULT NULL COMMENT '创建时间',
  `update_by` varchar(64) CHARACTER SET utf8 COLLATE utf8_bin NULL DEFAULT NULL COMMENT '更新者',
  `update_date` datetime(0) NULL DEFAULT NULL COMMENT '更新时间',
  `remarks` varchar(255) CHARACTER SET utf8 COLLATE utf8_bin NULL DEFAULT NULL COMMENT '备注信息',
  `del_flag` char(1) CHARACTER SET utf8 COLLATE utf8_bin NOT NULL DEFAULT '0' COMMENT '删除标记（0：正常；1：删除）',
  PRIMARY KEY (`id`) USING BTREE,
  INDEX `gen_scheme_del_flag`(`del_flag`) USING BTREE
) ENGINE = InnoDB CHARACTER SET = utf8 COLLATE = utf8_bin COMMENT = '生成方案' ROW_FORMAT = Compact;

-- ----------------------------
-- Records of gen_scheme
-- ----------------------------
INSERT INTO `gen_scheme` VALUES ('325d42709242476aab909b8d54a5ad73', '树结构表生成', 'treeTable', 'com.jsite.modules', 'test', '', '树结构表生成', '树结构表生成', 'liuruijun', '3195020a929e41c7bc3dfbd539ed5351', '1', '2019-01-05 22:12:10', '1', '2019-01-08 15:22:56', '', '0');
INSERT INTO `gen_scheme` VALUES ('c544bf7da3744ab1aa285fa3bfef6000', '主子表生成', 'curd_many', 'com.jsite.modules', 'test', '', '主子表生成测试', '主子表生成', 'liuruijun', 'd7c3fff144a046698aa3766844582a4c', '1', '2018-12-29 11:50:24', '1', '2019-01-02 10:06:04', '', '0');
INSERT INTO `gen_scheme` VALUES ('f09437aa6b9c440481e40aa63daf81d7', '单表生成', 'curd', 'com.jsite.modules', 'test', '', '单表生成测试', '单表生成', 'liuruijun', '39c9a49ccd87400b9b19606a46b12dd6', '1', '2018-12-29 11:46:43', '1', '2019-01-02 10:01:38', '', '0');

-- ----------------------------
-- Table structure for gen_table
-- ----------------------------
DROP TABLE IF EXISTS `gen_table`;
CREATE TABLE `gen_table`  (
  `id` varchar(64) CHARACTER SET utf8 COLLATE utf8_bin NOT NULL COMMENT '编号',
  `name` varchar(200) CHARACTER SET utf8 COLLATE utf8_bin NULL DEFAULT NULL COMMENT '名称',
  `comments` varchar(500) CHARACTER SET utf8 COLLATE utf8_bin NULL DEFAULT NULL COMMENT '描述',
  `class_name` varchar(100) CHARACTER SET utf8 COLLATE utf8_bin NULL DEFAULT NULL COMMENT '实体类名称',
  `parent_table` varchar(200) CHARACTER SET utf8 COLLATE utf8_bin NULL DEFAULT NULL COMMENT '关联父表',
  `parent_table_fk` varchar(100) CHARACTER SET utf8 COLLATE utf8_bin NULL DEFAULT NULL COMMENT '关联父表外键',
  `create_by` varchar(64) CHARACTER SET utf8 COLLATE utf8_bin NULL DEFAULT NULL COMMENT '创建者',
  `create_date` datetime(0) NULL DEFAULT NULL COMMENT '创建时间',
  `update_by` varchar(64) CHARACTER SET utf8 COLLATE utf8_bin NULL DEFAULT NULL COMMENT '更新者',
  `update_date` datetime(0) NULL DEFAULT NULL COMMENT '更新时间',
  `remarks` varchar(255) CHARACTER SET utf8 COLLATE utf8_bin NULL DEFAULT NULL COMMENT '备注信息',
  `del_flag` char(1) CHARACTER SET utf8 COLLATE utf8_bin NOT NULL DEFAULT '0' COMMENT '删除标记（0：正常；1：删除）',
  PRIMARY KEY (`id`) USING BTREE,
  INDEX `gen_table_name`(`name`) USING BTREE,
  INDEX `gen_table_del_flag`(`del_flag`) USING BTREE
) ENGINE = InnoDB CHARACTER SET = utf8 COLLATE = utf8_bin COMMENT = '业务表' ROW_FORMAT = Compact;

-- ----------------------------
-- Records of gen_table
-- ----------------------------
INSERT INTO `gen_table` VALUES ('3195020a929e41c7bc3dfbd539ed5351', 'test_tree', '树结构表', 'TestTree', '', '', '1', '2019-01-05 21:22:37', '1', '2019-01-07 16:51:37', NULL, '0');
INSERT INTO `gen_table` VALUES ('39c9a49ccd87400b9b19606a46b12dd6', 'test_data', '业务数据表', 'TestData', '', '', '1', '2018-12-29 11:19:36', '1', '2018-12-29 11:19:36', NULL, '0');
INSERT INTO `gen_table` VALUES ('59cbed6a1419421c843858d75c42b939', 'test_data', '业务数据表', 'TestData', '', '', '1', '2019-12-27 17:15:30', '1', '2019-12-27 17:15:30', NULL, '0');
INSERT INTO `gen_table` VALUES ('794ea2d0349e4590ba4366529d499833', 'test_data_child', '业务数据子表', 'TestDataChild', 'test_data_main', 'test_data_main_id', '1', '2018-12-29 11:21:18', '1', '2018-12-29 11:21:18', NULL, '0');
INSERT INTO `gen_table` VALUES ('d7c3fff144a046698aa3766844582a4c', 'test_data_main', '业务数据表', 'TestDataMain', '', '', '1', '2018-12-29 11:20:51', '1', '2018-12-29 11:20:51', NULL, '0');
INSERT INTO `gen_table` VALUES ('dc8b0bfe3a184c3293a44ea4a2500474', 'test_data', '业务数据表', 'TestData', '', '', '1', '2019-12-27 17:16:54', '1', '2019-12-27 17:16:54', NULL, '0');

-- ----------------------------
-- Table structure for gen_table_column
-- ----------------------------
DROP TABLE IF EXISTS `gen_table_column`;
CREATE TABLE `gen_table_column`  (
  `id` varchar(64) CHARACTER SET utf8 COLLATE utf8_bin NOT NULL COMMENT '编号',
  `gen_table_id` varchar(64) CHARACTER SET utf8 COLLATE utf8_bin NULL DEFAULT NULL COMMENT '归属表编号',
  `name` varchar(200) CHARACTER SET utf8 COLLATE utf8_bin NULL DEFAULT NULL COMMENT '名称',
  `comments` varchar(500) CHARACTER SET utf8 COLLATE utf8_bin NULL DEFAULT NULL COMMENT '描述',
  `jdbc_type` varchar(100) CHARACTER SET utf8 COLLATE utf8_bin NULL DEFAULT NULL COMMENT '列的数据类型的字节长度',
  `java_type` varchar(500) CHARACTER SET utf8 COLLATE utf8_bin NULL DEFAULT NULL COMMENT 'JAVA类型',
  `java_field` varchar(200) CHARACTER SET utf8 COLLATE utf8_bin NULL DEFAULT NULL COMMENT 'JAVA字段名',
  `is_pk` char(1) CHARACTER SET utf8 COLLATE utf8_bin NULL DEFAULT NULL COMMENT '是否主键',
  `is_null` char(1) CHARACTER SET utf8 COLLATE utf8_bin NULL DEFAULT NULL COMMENT '是否可为空',
  `is_insert` char(1) CHARACTER SET utf8 COLLATE utf8_bin NULL DEFAULT NULL COMMENT '是否为插入字段',
  `is_edit` char(1) CHARACTER SET utf8 COLLATE utf8_bin NULL DEFAULT NULL COMMENT '是否编辑字段',
  `is_list` char(1) CHARACTER SET utf8 COLLATE utf8_bin NULL DEFAULT NULL COMMENT '是否列表字段',
  `is_query` char(1) CHARACTER SET utf8 COLLATE utf8_bin NULL DEFAULT NULL COMMENT '是否查询字段',
  `query_type` varchar(200) CHARACTER SET utf8 COLLATE utf8_bin NULL DEFAULT NULL COMMENT '查询方式（等于、不等于、大于、小于、范围、左LIKE、右LIKE、左右LIKE）',
  `show_type` varchar(200) CHARACTER SET utf8 COLLATE utf8_bin NULL DEFAULT NULL COMMENT '字段生成方案（文本框、文本域、下拉框、复选框、单选框、字典选择、人员选择、部门选择、区域选择）',
  `dict_type` varchar(200) CHARACTER SET utf8 COLLATE utf8_bin NULL DEFAULT NULL COMMENT '字典类型',
  `settings` varchar(2000) CHARACTER SET utf8 COLLATE utf8_bin NULL DEFAULT NULL COMMENT '其它设置（扩展字段JSON）',
  `sort` decimal(10, 0) NULL DEFAULT NULL COMMENT '排序（升序）',
  `create_by` varchar(64) CHARACTER SET utf8 COLLATE utf8_bin NULL DEFAULT NULL COMMENT '创建者',
  `create_date` datetime(0) NULL DEFAULT NULL COMMENT '创建时间',
  `update_by` varchar(64) CHARACTER SET utf8 COLLATE utf8_bin NULL DEFAULT NULL COMMENT '更新者',
  `update_date` datetime(0) NULL DEFAULT NULL COMMENT '更新时间',
  `remarks` varchar(255) CHARACTER SET utf8 COLLATE utf8_bin NULL DEFAULT NULL COMMENT '备注信息',
  `del_flag` char(1) CHARACTER SET utf8 COLLATE utf8_bin NOT NULL DEFAULT '0' COMMENT '删除标记（0：正常；1：删除）',
  PRIMARY KEY (`id`) USING BTREE,
  INDEX `gen_table_column_table_id`(`gen_table_id`) USING BTREE,
  INDEX `gen_table_column_name`(`name`) USING BTREE,
  INDEX `gen_table_column_sort`(`sort`) USING BTREE,
  INDEX `gen_table_column_del_flag`(`del_flag`) USING BTREE
) ENGINE = InnoDB CHARACTER SET = utf8 COLLATE = utf8_bin COMMENT = '业务表字段' ROW_FORMAT = Compact;

-- ----------------------------
-- Records of gen_table_column
-- ----------------------------
INSERT INTO `gen_table_column` VALUES ('036c21c4346a4b9a9bd4729f5b1996ed', 'd7c3fff144a046698aa3766844582a4c', 'id', '编号', 'varchar(64)', 'String', 'id', '1', '0', '1', '0', '0', '0', '=', 'input', '', NULL, 10, '1', '2018-12-29 11:20:51', '1', '2018-12-29 11:20:51', NULL, '0');
INSERT INTO `gen_table_column` VALUES ('0739b3a11c40466b8b3d9c488e3a6bf8', '39c9a49ccd87400b9b19606a46b12dd6', 'area_id', '归属区域', 'varchar(64)', 'com.jsite.modules.sys.entity.Area', 'area.id|name', '0', '1', '1', '1', '0', '0', '=', 'areaselect', '', NULL, 40, '1', '2018-12-29 11:19:37', '1', '2019-12-27 17:16:54', NULL, '0');
INSERT INTO `gen_table_column` VALUES ('08b216da6fe042fa817db5a95e4399a7', '3195020a929e41c7bc3dfbd539ed5351', 'parent_id', '父级编号', 'varchar(64)', 'This', 'parent.id|name', '0', '0', '1', '1', '0', '0', '=', 'treeselect', '', NULL, 20, '1', '2019-01-05 21:22:37', '1', '2019-01-07 16:51:37', NULL, '0');
INSERT INTO `gen_table_column` VALUES ('0d48145e1a154e31b276963e1503682c', '3195020a929e41c7bc3dfbd539ed5351', 'create_date', '创建时间', 'datetime', 'java.util.Date', 'createDate', '0', '0', '1', '0', '0', '0', '=', 'dateselect', '', NULL, 90, '1', '2019-01-05 21:22:37', '1', '2019-01-07 16:51:37', NULL, '0');
INSERT INTO `gen_table_column` VALUES ('18bbfa2e86a14ca4a6be2d8a643c98d7', '794ea2d0349e4590ba4366529d499833', 'create_date', '创建时间', 'datetime', 'java.util.Date', 'createDate', '0', '0', '1', '0', '0', '0', '=', 'dateselect', '', NULL, 50, '1', '2018-12-29 11:21:19', '1', '2018-12-29 11:21:19', NULL, '0');
INSERT INTO `gen_table_column` VALUES ('1f36d1a2217f4b09a6b7dc2683b5a6a9', 'd7c3fff144a046698aa3766844582a4c', 'update_date', '更新时间', 'datetime', 'java.util.Date', 'updateDate', '0', '0', '1', '1', '1', '0', '=', 'dateselect', '', NULL, 110, '1', '2018-12-29 11:20:52', '1', '2018-12-29 11:20:52', NULL, '0');
INSERT INTO `gen_table_column` VALUES ('3421eb7ef5a3427f92c48a6033441a0e', '39c9a49ccd87400b9b19606a46b12dd6', 'update_by', '更新者', 'varchar(64)', 'com.jsite.modules.sys.entity.User', 'updateBy.id', '0', '0', '1', '1', '0', '0', '=', 'input', '', NULL, 100, '1', '2018-12-29 11:19:37', '1', '2019-12-27 17:16:55', NULL, '0');
INSERT INTO `gen_table_column` VALUES ('3a745b100cde4fc99eb0f4e35f27a1b7', '39c9a49ccd87400b9b19606a46b12dd6', 'create_by', '创建者', 'varchar(64)', 'com.jsite.modules.sys.entity.User', 'createBy.id', '0', '0', '1', '0', '0', '0', '=', 'input', '', NULL, 80, '1', '2018-12-29 11:19:37', '1', '2019-12-27 17:16:55', NULL, '0');
INSERT INTO `gen_table_column` VALUES ('3b9990bbe9144b52b316402cac1678e8', '3195020a929e41c7bc3dfbd539ed5351', 'update_date', '更新时间', 'datetime', 'java.util.Date', 'updateDate', '0', '0', '1', '1', '1', '0', '=', 'dateselect', '', NULL, 110, '1', '2019-01-05 21:22:37', '1', '2019-01-07 16:51:37', NULL, '0');
INSERT INTO `gen_table_column` VALUES ('404a90b909bb416baa030a1838af45d0', '39c9a49ccd87400b9b19606a46b12dd6', 'name', '名称', 'varchar(100)', 'String', 'name', '0', '1', '1', '1', '1', '1', 'like', 'input', '', NULL, 50, '1', '2018-12-29 11:19:37', '1', '2019-12-27 17:16:54', NULL, '0');
INSERT INTO `gen_table_column` VALUES ('40dc876733f4428a84349621d3ae7e79', '3195020a929e41c7bc3dfbd539ed5351', 'del_flag', '删除标记', 'char(1)', 'String', 'delFlag', '0', '0', '1', '0', '0', '0', '=', 'radiobox', 'del_flag', NULL, 130, '1', '2019-01-05 21:22:37', '1', '2019-01-07 16:51:37', NULL, '0');
INSERT INTO `gen_table_column` VALUES ('4316cdf1fbff40e591419cbb75de6742', '3195020a929e41c7bc3dfbd539ed5351', 'remarks', '备注信息', 'varchar(255)', 'String', 'remarks', '0', '1', '1', '1', '1', '0', '=', 'textarea', '', NULL, 120, '1', '2019-01-05 21:22:37', '1', '2019-01-07 16:51:37', NULL, '0');
INSERT INTO `gen_table_column` VALUES ('471db37a88de4c02a9c2db052faf5dec', '794ea2d0349e4590ba4366529d499833', 'id', '编号', 'varchar(64)', 'String', 'id', '1', '0', '1', '0', '0', '0', '=', 'input', '', NULL, 10, '1', '2018-12-29 11:21:18', '1', '2018-12-29 11:21:18', NULL, '0');
INSERT INTO `gen_table_column` VALUES ('4fa8affc845740448035c44686a6b4f1', 'd7c3fff144a046698aa3766844582a4c', 'create_by', '创建者', 'varchar(64)', 'com.jsite.modules.sys.entity.User', 'createBy.id', '0', '0', '1', '0', '0', '0', '=', 'input', '', NULL, 80, '1', '2018-12-29 11:20:52', '1', '2018-12-29 11:20:52', NULL, '0');
INSERT INTO `gen_table_column` VALUES ('518b26e7bd6c4a6aaac289678ef64ace', '39c9a49ccd87400b9b19606a46b12dd6', 'id', '编号', 'varchar(64)', 'String', 'id', '1', '0', '1', '0', '0', '0', '=', 'input', '', NULL, 10, '1', '2018-12-29 11:19:36', '1', '2019-12-27 17:16:54', NULL, '0');
INSERT INTO `gen_table_column` VALUES ('5442ba5226c149f5a12187e55f68ca4a', '39c9a49ccd87400b9b19606a46b12dd6', 'sex', '性别', 'char(1)', 'String', 'sex', '0', '1', '1', '1', '0', '0', '=', 'input', '', NULL, 60, '1', '2018-12-29 11:19:37', '1', '2019-12-27 17:16:54', NULL, '0');
INSERT INTO `gen_table_column` VALUES ('547037387f074c43a5912e32073e4ba7', '794ea2d0349e4590ba4366529d499833', 'test_data_main_id', '业务主表ID', 'varchar(64)', 'String', 'testDataMainId', '0', '1', '1', '1', '0', '0', '=', 'input', '', NULL, 20, '1', '2018-12-29 11:21:18', '1', '2018-12-29 11:21:18', NULL, '0');
INSERT INTO `gen_table_column` VALUES ('5542c325e3364eb98450c6b7c386885b', '3195020a929e41c7bc3dfbd539ed5351', 'parent_ids', '所有父级编号', 'varchar(2000)', 'String', 'parentIds', '0', '0', '1', '1', '0', '0', 'like', 'input', '', NULL, 30, '1', '2019-01-05 21:22:37', '1', '2019-01-07 16:51:37', NULL, '0');
INSERT INTO `gen_table_column` VALUES ('5806f2b63737423fabe0efde8cd638fc', 'd7c3fff144a046698aa3766844582a4c', 'create_date', '创建时间', 'datetime', 'java.util.Date', 'createDate', '0', '0', '1', '0', '0', '0', '=', 'dateselect', '', NULL, 90, '1', '2018-12-29 11:20:52', '1', '2018-12-29 11:20:52', NULL, '0');
INSERT INTO `gen_table_column` VALUES ('58749bef8ac24ad0a651ec63c6f0cf79', '794ea2d0349e4590ba4366529d499833', 'remarks', '备注信息', 'varchar(255)', 'String', 'remarks', '0', '1', '1', '1', '1', '0', '=', 'textarea', '', NULL, 80, '1', '2018-12-29 11:21:19', '1', '2018-12-29 11:21:19', NULL, '0');
INSERT INTO `gen_table_column` VALUES ('63a7634cd1c449d1966355825f9ae0a1', '3195020a929e41c7bc3dfbd539ed5351', 'create_by', '创建者', 'varchar(64)', 'com.jsite.modules.sys.entity.User', 'createBy.id', '0', '0', '1', '0', '0', '0', '=', 'input', '', NULL, 80, '1', '2019-01-05 21:22:37', '1', '2019-01-07 16:51:37', NULL, '0');
INSERT INTO `gen_table_column` VALUES ('660bcce031194ba195c23225e15f4ebc', 'd7c3fff144a046698aa3766844582a4c', 'sex', '性别', 'char(1)', 'String', 'sex', '0', '1', '1', '1', '1', '0', '=', 'input', '', NULL, 60, '1', '2018-12-29 11:20:51', '1', '2018-12-29 11:20:51', NULL, '0');
INSERT INTO `gen_table_column` VALUES ('7301b4d629db45209e07cdc8849c40f6', '39c9a49ccd87400b9b19606a46b12dd6', 'in_date', '加入日期', 'date', 'java.util.Date', 'inDate', '0', '1', '1', '1', '0', '0', '=', 'dateselect', '', NULL, 70, '1', '2018-12-29 11:19:37', '1', '2019-12-27 17:16:54', NULL, '0');
INSERT INTO `gen_table_column` VALUES ('8ee7f0a8f2804042bb200e24f23de333', '39c9a49ccd87400b9b19606a46b12dd6', 'user_id', '归属用户', 'varchar(64)', 'com.jsite.modules.sys.entity.User', 'user.id|name', '0', '1', '1', '1', '0', '0', '=', 'userselect', '', NULL, 20, '1', '2018-12-29 11:19:36', '1', '2019-12-27 17:16:54', NULL, '0');
INSERT INTO `gen_table_column` VALUES ('9a6afed319b744f79071887baecac3a1', '3195020a929e41c7bc3dfbd539ed5351', 'id', '编号', 'varchar(64)', 'String', 'id', '1', '0', '1', '0', '0', '0', '=', 'input', '', NULL, 10, '1', '2019-01-05 21:22:37', '1', '2019-01-07 16:51:37', NULL, '0');
INSERT INTO `gen_table_column` VALUES ('9a6d8fcf3fdc4eefad2a63b09cda5c7f', '39c9a49ccd87400b9b19606a46b12dd6', 'remarks', '备注信息', 'varchar(255)', 'String', 'remarks', '0', '1', '1', '1', '1', '0', '=', 'textarea', '', NULL, 120, '1', '2018-12-29 11:19:37', '1', '2019-12-27 17:16:55', NULL, '0');
INSERT INTO `gen_table_column` VALUES ('a04f28b86fd545a6b3ea4a85861b55f9', 'd7c3fff144a046698aa3766844582a4c', 'area_id', '归属区域', 'varchar(64)', 'com.jsite.modules.sys.entity.Area', 'area.id|name', '0', '1', '1', '1', '0', '0', '=', 'areaselect', '', NULL, 40, '1', '2018-12-29 11:20:51', '1', '2018-12-29 11:20:51', NULL, '0');
INSERT INTO `gen_table_column` VALUES ('a460e3cbfc4f4b87b07b5a8f88e37c63', '3195020a929e41c7bc3dfbd539ed5351', 'sort', '排序', 'decimal(10,0)', 'Integer', 'sort', '0', '1', '1', '1', '0', '0', '=', 'input', '', NULL, 50, '1', '2019-01-05 21:22:37', '1', '2019-01-07 16:51:37', NULL, '0');
INSERT INTO `gen_table_column` VALUES ('ac74bc0c9b7746249dbf92499b89f310', '794ea2d0349e4590ba4366529d499833', 'del_flag', '删除标记', 'char(1)', 'String', 'delFlag', '0', '0', '1', '0', '0', '0', '=', 'radiobox', 'del_flag', NULL, 90, '1', '2018-12-29 11:21:19', '1', '2018-12-29 11:21:19', NULL, '0');
INSERT INTO `gen_table_column` VALUES ('acc2ffe13abb49fdb3e76fc871caa46e', '794ea2d0349e4590ba4366529d499833', 'create_by', '创建者', 'varchar(64)', 'com.jsite.modules.sys.entity.User', 'createBy.id', '0', '0', '1', '0', '0', '0', '=', 'input', '', NULL, 40, '1', '2018-12-29 11:21:19', '1', '2018-12-29 11:21:19', NULL, '0');
INSERT INTO `gen_table_column` VALUES ('afad04f3c0334e35ae2781b3966e33bf', '3195020a929e41c7bc3dfbd539ed5351', 'name', '名称', 'varchar(100)', 'String', 'name', '0', '1', '1', '1', '1', '1', 'like', 'input', '', NULL, 40, '1', '2019-01-05 21:22:37', '1', '2019-01-07 16:51:37', NULL, '0');
INSERT INTO `gen_table_column` VALUES ('bb2f13421fa04287ac31263650f56522', 'd7c3fff144a046698aa3766844582a4c', 'remarks', '备注信息', 'varchar(255)', 'String', 'remarks', '0', '1', '1', '1', '1', '0', '=', 'textarea', '', NULL, 120, '1', '2018-12-29 11:20:52', '1', '2018-12-29 11:20:52', NULL, '0');
INSERT INTO `gen_table_column` VALUES ('bb984414563449d5a428b798432ebee4', '39c9a49ccd87400b9b19606a46b12dd6', 'office_id', '归属部门', 'varchar(64)', 'com.jsite.modules.sys.entity.Office', 'office.id|name', '0', '1', '1', '1', '0', '0', '=', 'officeselect', '', NULL, 30, '1', '2018-12-29 11:19:36', '1', '2019-12-27 17:16:54', NULL, '0');
INSERT INTO `gen_table_column` VALUES ('bdeae7b5f5764a219b773493ce7ce717', 'd7c3fff144a046698aa3766844582a4c', 'user_id', '归属用户', 'varchar(64)', 'com.jsite.modules.sys.entity.User', 'user.id|name', '0', '1', '1', '1', '0', '0', '=', 'userselect', '', NULL, 20, '1', '2018-12-29 11:20:51', '1', '2018-12-29 11:20:51', NULL, '0');
INSERT INTO `gen_table_column` VALUES ('cb23c6752a744f7c865fc4461189e9e5', '3195020a929e41c7bc3dfbd539ed5351', 'tree_level', '树形层级(0:根级)', 'decimal(4,0)', 'String', 'treeLevel', '0', '1', '1', '1', '0', '0', '=', 'input', '', NULL, 70, '1', '2019-01-05 21:22:37', '1', '2019-01-07 16:51:37', NULL, '0');
INSERT INTO `gen_table_column` VALUES ('ce459de5970642e6ab8791ac72d0dfc6', 'd7c3fff144a046698aa3766844582a4c', 'name', '名称', 'varchar(100)', 'String', 'name', '0', '1', '1', '1', '1', '1', 'like', 'input', '', NULL, 50, '1', '2018-12-29 11:20:51', '1', '2018-12-29 11:20:51', NULL, '0');
INSERT INTO `gen_table_column` VALUES ('d333b5918d2f4db1996a360d2ac74a99', '39c9a49ccd87400b9b19606a46b12dd6', 'update_date', '更新时间', 'datetime', 'java.util.Date', 'updateDate', '0', '0', '1', '1', '1', '0', '=', 'dateselect', '', NULL, 110, '1', '2018-12-29 11:19:37', '1', '2019-12-27 17:16:55', NULL, '0');
INSERT INTO `gen_table_column` VALUES ('d3952c7032284832b26a532543f4fe78', '794ea2d0349e4590ba4366529d499833', 'update_date', '更新时间', 'datetime', 'java.util.Date', 'updateDate', '0', '0', '1', '1', '1', '0', '=', 'dateselect', '', NULL, 70, '1', '2018-12-29 11:21:19', '1', '2018-12-29 11:21:19', NULL, '0');
INSERT INTO `gen_table_column` VALUES ('deca344f6dc146bfae6377e939a0c097', '39c9a49ccd87400b9b19606a46b12dd6', 'del_flag', '删除标记', 'char(1)', 'String', 'delFlag', '0', '0', '1', '0', '0', '0', '=', 'radiobox', 'del_flag', NULL, 130, '1', '2018-12-29 11:19:37', '1', '2019-12-27 17:16:55', NULL, '0');
INSERT INTO `gen_table_column` VALUES ('e05d48dae1354898ae9f9b7c469313db', '3195020a929e41c7bc3dfbd539ed5351', 'update_by', '更新者', 'varchar(64)', 'com.jsite.modules.sys.entity.User', 'updateBy.id', '0', '0', '1', '1', '0', '0', '=', 'input', '', NULL, 100, '1', '2019-01-05 21:22:37', '1', '2019-01-07 16:51:37', NULL, '0');
INSERT INTO `gen_table_column` VALUES ('e399ea7f86c44ace9a69c03e489797bb', 'd7c3fff144a046698aa3766844582a4c', 'in_date', '加入日期', 'date', 'java.util.Date', 'inDate', '0', '1', '1', '1', '1', '0', '=', 'dateselect', '', NULL, 70, '1', '2018-12-29 11:20:52', '1', '2018-12-29 11:20:52', NULL, '0');
INSERT INTO `gen_table_column` VALUES ('e8e3f6f2d66c44a08210a0c35e74caa8', '3195020a929e41c7bc3dfbd539ed5351', 'tree_leaf', '是否树形叶子节点（0:不是,1:是）', 'char(1)', 'String', 'treeLeaf', '0', '1', '1', '1', '0', '0', '=', 'input', '', NULL, 60, '1', '2019-01-05 21:22:37', '1', '2019-01-07 16:51:37', NULL, '0');
INSERT INTO `gen_table_column` VALUES ('e948c667cfe4486eb2119583ff9805b4', 'd7c3fff144a046698aa3766844582a4c', 'del_flag', '删除标记', 'char(1)', 'String', 'delFlag', '0', '0', '1', '0', '0', '0', '=', 'radiobox', 'del_flag', NULL, 130, '1', '2018-12-29 11:20:52', '1', '2018-12-29 11:20:52', NULL, '0');
INSERT INTO `gen_table_column` VALUES ('ea80f499adc049e897889b36c1cfa220', '794ea2d0349e4590ba4366529d499833', 'update_by', '更新者', 'varchar(64)', 'com.jsite.modules.sys.entity.User', 'updateBy.id', '0', '0', '1', '1', '0', '0', '=', 'input', '', NULL, 60, '1', '2018-12-29 11:21:19', '1', '2018-12-29 11:21:19', NULL, '0');
INSERT INTO `gen_table_column` VALUES ('f3cfb155ee3d433fa287759b9e471b72', '39c9a49ccd87400b9b19606a46b12dd6', 'create_date', '创建时间', 'datetime', 'java.util.Date', 'createDate', '0', '0', '1', '0', '0', '0', '=', 'dateselect', '', NULL, 90, '1', '2018-12-29 11:19:37', '1', '2019-12-27 17:16:55', NULL, '0');
INSERT INTO `gen_table_column` VALUES ('f4e277e2ae97497fa3ebef882f3ac50d', 'd7c3fff144a046698aa3766844582a4c', 'office_id', '归属部门', 'varchar(64)', 'com.jsite.modules.sys.entity.Office', 'office.id|name', '0', '1', '1', '1', '0', '0', '=', 'officeselect', '', NULL, 30, '1', '2018-12-29 11:20:51', '1', '2018-12-29 11:20:51', NULL, '0');
INSERT INTO `gen_table_column` VALUES ('f610077a6e774855802b92389241fef7', 'd7c3fff144a046698aa3766844582a4c', 'update_by', '更新者', 'varchar(64)', 'com.jsite.modules.sys.entity.User', 'updateBy.id', '0', '0', '1', '1', '0', '0', '=', 'input', '', NULL, 100, '1', '2018-12-29 11:20:52', '1', '2018-12-29 11:20:52', NULL, '0');
INSERT INTO `gen_table_column` VALUES ('fe3e9323ad1841a99ad7788770ea3101', '794ea2d0349e4590ba4366529d499833', 'name', '名称', 'varchar(100)', 'String', 'name', '0', '1', '1', '1', '1', '1', 'like', 'input', '', NULL, 30, '1', '2018-12-29 11:21:19', '1', '2018-12-29 11:21:19', NULL, '0');

-- ----------------------------
-- Table structure for gen_template
-- ----------------------------
DROP TABLE IF EXISTS `gen_template`;
CREATE TABLE `gen_template`  (
  `id` varchar(64) CHARACTER SET utf8 COLLATE utf8_bin NOT NULL COMMENT '编号',
  `name` varchar(200) CHARACTER SET utf8 COLLATE utf8_bin NULL DEFAULT NULL COMMENT '名称',
  `category` varchar(2000) CHARACTER SET utf8 COLLATE utf8_bin NULL DEFAULT NULL COMMENT '分类',
  `file_path` varchar(500) CHARACTER SET utf8 COLLATE utf8_bin NULL DEFAULT NULL COMMENT '生成文件路径',
  `file_name` varchar(200) CHARACTER SET utf8 COLLATE utf8_bin NULL DEFAULT NULL COMMENT '生成文件名',
  `content` text CHARACTER SET utf8 COLLATE utf8_bin NULL COMMENT '内容',
  `create_by` varchar(64) CHARACTER SET utf8 COLLATE utf8_bin NULL DEFAULT NULL COMMENT '创建者',
  `create_date` datetime(0) NULL DEFAULT NULL COMMENT '创建时间',
  `update_by` varchar(64) CHARACTER SET utf8 COLLATE utf8_bin NULL DEFAULT NULL COMMENT '更新者',
  `update_date` datetime(0) NULL DEFAULT NULL COMMENT '更新时间',
  `remarks` varchar(255) CHARACTER SET utf8 COLLATE utf8_bin NULL DEFAULT NULL COMMENT '备注信息',
  `del_flag` char(1) CHARACTER SET utf8 COLLATE utf8_bin NOT NULL DEFAULT '0' COMMENT '删除标记（0：正常；1：删除）',
  PRIMARY KEY (`id`) USING BTREE,
  INDEX `gen_template_del_falg`(`del_flag`) USING BTREE
) ENGINE = InnoDB CHARACTER SET = utf8 COLLATE = utf8_bin COMMENT = '代码模板表' ROW_FORMAT = Compact;

-- ----------------------------
-- Table structure for sys_area
-- ----------------------------
DROP TABLE IF EXISTS `sys_area`;
CREATE TABLE `sys_area`  (
  `id` varchar(64) CHARACTER SET utf8 COLLATE utf8_bin NOT NULL COMMENT '编号',
  `parent_id` varchar(64) CHARACTER SET utf8 COLLATE utf8_bin NOT NULL COMMENT '父级编号',
  `parent_ids` varchar(2000) CHARACTER SET utf8 COLLATE utf8_bin NOT NULL COMMENT '所有父级编号',
  `name` varchar(100) CHARACTER SET utf8 COLLATE utf8_bin NOT NULL COMMENT '名称',
  `sort` decimal(10, 0) NOT NULL COMMENT '排序',
  `tree_leaf` char(1) CHARACTER SET utf8 COLLATE utf8_bin NOT NULL COMMENT '是否叶子节点',
  `tree_level` decimal(11, 0) NOT NULL COMMENT '树形层级',
  `code` varchar(100) CHARACTER SET utf8 COLLATE utf8_bin NULL DEFAULT NULL COMMENT '区域编码',
  `type` char(1) CHARACTER SET utf8 COLLATE utf8_bin NULL DEFAULT NULL COMMENT '区域类型',
  `create_by` varchar(64) CHARACTER SET utf8 COLLATE utf8_bin NOT NULL COMMENT '创建者',
  `create_date` datetime(0) NOT NULL COMMENT '创建时间',
  `update_by` varchar(64) CHARACTER SET utf8 COLLATE utf8_bin NOT NULL COMMENT '更新者',
  `update_date` datetime(0) NOT NULL COMMENT '更新时间',
  `remarks` varchar(255) CHARACTER SET utf8 COLLATE utf8_bin NULL DEFAULT NULL COMMENT '备注信息',
  `del_flag` char(1) CHARACTER SET utf8 COLLATE utf8_bin NOT NULL DEFAULT '0' COMMENT '删除标记',
  PRIMARY KEY (`id`) USING BTREE,
  INDEX `sys_area_parent_id`(`parent_id`) USING BTREE,
  INDEX `sys_area_del_flag`(`del_flag`) USING BTREE
) ENGINE = InnoDB CHARACTER SET = utf8 COLLATE = utf8_bin COMMENT = '区域表' ROW_FORMAT = Compact;

-- ----------------------------
-- Records of sys_area
-- ----------------------------
INSERT INTO `sys_area` VALUES ('015345144e9e40d6bbe832a9f1cba1f7', 'd36735ce07044a49ad205854fb2ca078', '0,d36735ce07044a49ad205854fb2ca078,', 'California', 10, '1', 1, '01', '2', '1', '2018-06-20 17:32:51', '1', '2019-01-02 00:11:18', '', '0');
INSERT INTO `sys_area` VALUES ('1', '0', '0,', '中国', 10, '0', 0, '1', '1', '1', '2013-05-27 08:00:00', '1', '2019-03-11 09:19:57', '', '0');
INSERT INTO `sys_area` VALUES ('16166c3ecb954be0ad47159c087cd8af', 'd36735ce07044a49ad205854fb2ca078', '0,d36735ce07044a49ad205854fb2ca078,', '明尼苏达', 30, '1', 1, '', '2', '1', '2019-01-25 17:40:25', '1', '2019-01-25 17:40:25', '', '0');
INSERT INTO `sys_area` VALUES ('3fbaf3a3f58a47118f13976cb2e2544d', 'd36735ce07044a49ad205854fb2ca078', '0,d36735ce07044a49ad205854fb2ca078,', '佛罗里达州', 60, '1', 1, '02', '2', '1', '2018-06-20 17:38:08', '1', '2018-06-20 17:38:08', '', '0');
INSERT INTO `sys_area` VALUES ('d36735ce07044a49ad205854fb2ca078', '0', '0,', '美国', 30, '0', 0, '2', '1', '1', '2018-06-20 15:36:19', '1', '2018-06-20 15:36:19', '', '0');
INSERT INTO `sys_area` VALUES ('da2da01621b64be5a85b07a8c883228f', '1', '0,1,', '上海', 30, '1', 1, '34243', '2', '1', '2018-12-10 14:01:09', '1', '2019-04-17 09:35:58', '', '0');
INSERT INTO `sys_area` VALUES ('f762fb569d8445f28a226a9b831cfb90', '1', '0,1,', '北京', 60, '1', 1, '150', '2', '1', '2018-02-02 17:37:51', '1', '2018-11-20 10:22:36', '', '0');

-- ----------------------------
-- Table structure for sys_dict
-- ----------------------------
DROP TABLE IF EXISTS `sys_dict`;
CREATE TABLE `sys_dict`  (
  `id` varchar(64) CHARACTER SET utf8 COLLATE utf8_bin NOT NULL COMMENT '编号',
  `value` varchar(100) CHARACTER SET utf8 COLLATE utf8_bin NOT NULL COMMENT '数据值',
  `label` varchar(100) CHARACTER SET utf8 COLLATE utf8_bin NOT NULL COMMENT '标签名',
  `type` varchar(100) CHARACTER SET utf8 COLLATE utf8_bin NOT NULL COMMENT '类型',
  `description` varchar(100) CHARACTER SET utf8 COLLATE utf8_bin NOT NULL COMMENT '描述',
  `sort` decimal(10, 0) NOT NULL COMMENT '排序（升序）',
  `parent_id` varchar(64) CHARACTER SET utf8 COLLATE utf8_bin NULL DEFAULT '0' COMMENT '父级编号',
  `create_by` varchar(64) CHARACTER SET utf8 COLLATE utf8_bin NOT NULL COMMENT '创建者',
  `create_date` datetime(0) NOT NULL COMMENT '创建时间',
  `update_by` varchar(64) CHARACTER SET utf8 COLLATE utf8_bin NOT NULL COMMENT '更新者',
  `update_date` datetime(0) NOT NULL COMMENT '更新时间',
  `remarks` varchar(255) CHARACTER SET utf8 COLLATE utf8_bin NULL DEFAULT NULL COMMENT '备注信息',
  `del_flag` char(1) CHARACTER SET utf8 COLLATE utf8_bin NOT NULL DEFAULT '0' COMMENT '删除标记',
  PRIMARY KEY (`id`) USING BTREE,
  INDEX `sys_dict_value`(`value`) USING BTREE,
  INDEX `sys_dict_label`(`label`) USING BTREE,
  INDEX `sys_dict_del_flag`(`del_flag`) USING BTREE
) ENGINE = InnoDB CHARACTER SET = utf8 COLLATE = utf8_bin COMMENT = '字典表' ROW_FORMAT = Compact;

-- ----------------------------
-- Records of sys_dict
-- ----------------------------
INSERT INTO `sys_dict` VALUES ('1', '0', '正常', 'del_flag', '删除标记', 10, '0', '1', '2013-05-27 08:00:00', '1', '2013-05-27 08:00:00', NULL, '0');
INSERT INTO `sys_dict` VALUES ('10', 'yellow', '黄色', 'color', '颜色值', 40, '0', '1', '2013-05-27 08:00:00', '1', '2013-05-27 08:00:00', NULL, '0');
INSERT INTO `sys_dict` VALUES ('100', 'java.util.Date', 'Date', 'gen_java_type', 'Java类型', 50, '0', '1', '2013-10-28 08:00:00', '1', '2013-10-28 08:00:00', NULL, '1');
INSERT INTO `sys_dict` VALUES ('101', 'com.jsite.modules.sys.entity.User', 'User', 'gen_java_type', 'Java类型', 60, '0', '1', '2013-10-28 08:00:00', '1', '2013-10-28 08:00:00', NULL, '1');
INSERT INTO `sys_dict` VALUES ('102', 'com.jsite.modules.sys.entity.Office', 'Office', 'gen_java_type', 'Java类型', 70, '0', '1', '2013-10-28 08:00:00', '1', '2013-10-28 08:00:00', NULL, '1');
INSERT INTO `sys_dict` VALUES ('103', 'com.jsite.modules.sys.entity.Area', 'Area', 'gen_java_type', 'Java类型', 80, '0', '1', '2013-10-28 08:00:00', '1', '2013-10-28 08:00:00', NULL, '1');
INSERT INTO `sys_dict` VALUES ('104', 'Custom', 'Custom', 'gen_java_type', 'Java类型', 90, '0', '1', '2013-10-28 08:00:00', '1', '2013-10-28 08:00:00', NULL, '1');
INSERT INTO `sys_dict` VALUES ('105', '1', '会议通告\0\0', 'oa_notify_type', '通知通告类型', 10, '0', '1', '2013-11-08 08:00:00', '1', '2013-11-08 08:00:00', NULL, '0');
INSERT INTO `sys_dict` VALUES ('106', '2', '奖惩通告\0\0', 'oa_notify_type', '通知通告类型', 20, '0', '1', '2013-11-08 08:00:00', '1', '2013-11-08 08:00:00', NULL, '0');
INSERT INTO `sys_dict` VALUES ('107', '3', '活动通告\0\0', 'oa_notify_type', '通知通告类型', 30, '0', '1', '2013-11-08 08:00:00', '1', '2013-11-08 08:00:00', NULL, '0');
INSERT INTO `sys_dict` VALUES ('108', '0', '草稿', 'oa_notify_status', '通知通告状态', 10, '0', '1', '2013-11-08 08:00:00', '1', '2013-11-08 08:00:00', NULL, '0');
INSERT INTO `sys_dict` VALUES ('109', '1', '发布', 'oa_notify_status', '通知通告状态', 20, '0', '1', '2013-11-08 08:00:00', '1', '2013-11-08 08:00:00', NULL, '0');
INSERT INTO `sys_dict` VALUES ('11', 'orange', '橙色', 'color', '颜色值', 50, '0', '1', '2013-05-27 08:00:00', '1', '2013-05-27 08:00:00', NULL, '1');
INSERT INTO `sys_dict` VALUES ('110', '0', '未读', 'oa_notify_read', '通知通告状态', 10, '0', '1', '2013-11-08 08:00:00', '1', '2013-11-08 08:00:00', NULL, '0');
INSERT INTO `sys_dict` VALUES ('111', '1', '已读', 'oa_notify_read', '通知通告状态', 20, '0', '1', '2013-11-08 08:00:00', '1', '2013-11-08 08:00:00', NULL, '0');
INSERT INTO `sys_dict` VALUES ('112', 'zh_CN', '简体中文', 'sys_lang_type', '国际化多语言类型', 30, '0', '1', '2019-03-22 08:00:00', '1', '2019-03-22 08:00:00', NULL, '0');
INSERT INTO `sys_dict` VALUES ('113', 'en_US', 'English', 'sys_lang_type', '国际化多语言类型', 60, '0', '1', '2019-03-22 08:00:00', '1', '2019-03-22 08:00:00', NULL, '0');
INSERT INTO `sys_dict` VALUES ('17', '1', '国家', 'sys_area_type', '区域类型', 10, '0', '1', '2013-05-27 08:00:00', '1', '2013-05-27 08:00:00', NULL, '0');
INSERT INTO `sys_dict` VALUES ('18', '2', '省份/直辖市', 'sys_area_type', '区域类型', 20, '0', '1', '2013-05-27 08:00:00', '1', '2018-06-15 14:46:37', '', '0');
INSERT INTO `sys_dict` VALUES ('19', '3', '地市/州', 'sys_area_type', '区域类型', 30, '0', '1', '2013-05-27 08:00:00', '1', '2018-06-15 14:47:38', '', '0');
INSERT INTO `sys_dict` VALUES ('2', '1', '删除', 'del_flag', '删除标记', 20, '0', '1', '2013-05-27 08:00:00', '1', '2013-05-27 08:00:00', NULL, '0');
INSERT INTO `sys_dict` VALUES ('20', '4', '县/区', 'sys_area_type', '区域类型', 40, '0', '1', '2013-05-27 08:00:00', '1', '2018-06-15 14:48:01', '', '0');
INSERT INTO `sys_dict` VALUES ('21', '1', '公司', 'sys_office_type', '机构类型', 60, '0', '1', '2013-05-27 08:00:00', '1', '2013-05-27 08:00:00', NULL, '0');
INSERT INTO `sys_dict` VALUES ('22', '2', '部门', 'sys_office_type', '机构类型', 70, '0', '1', '2013-05-27 08:00:00', '1', '2013-05-27 08:00:00', NULL, '0');
INSERT INTO `sys_dict` VALUES ('23', '3', '小组', 'sys_office_type', '机构类型', 80, '0', '1', '2013-05-27 08:00:00', '1', '2013-05-27 08:00:00', NULL, '0');
INSERT INTO `sys_dict` VALUES ('24', '4', '其它', 'sys_office_type', '机构类型', 90, '0', '1', '2013-05-27 08:00:00', '1', '2013-05-27 08:00:00', NULL, '0');
INSERT INTO `sys_dict` VALUES ('25', '1', '综合部', 'sys_office_common', '快捷通用部门', 30, '0', '1', '2013-05-27 08:00:00', '1', '2013-05-27 08:00:00', NULL, '0');
INSERT INTO `sys_dict` VALUES ('26', '2', '开发部', 'sys_office_common', '快捷通用部门', 40, '0', '1', '2013-05-27 08:00:00', '1', '2013-05-27 08:00:00', NULL, '0');
INSERT INTO `sys_dict` VALUES ('263374341bb04a88a149456094a5bd4f', 'WAITING', '等待执行', 'sys_job_status', '定时任务状态（PAUSED-暂停，ACQUIRED-正在执行，WAITING-等待执行）', 30, '0', '1', '2019-01-10 11:58:07', '1', '2019-01-11 12:02:01', '', '0');
INSERT INTO `sys_dict` VALUES ('26f56c93297146ca869fb1924569d5fc', '0', '停用', 'sys_user_status', '用户状态（0-停用，1-正常）', 10, '0', '1', '2018-06-29 08:40:36', '1', '2020-01-03 09:12:19', '', '0');
INSERT INTO `sys_dict` VALUES ('27', '3', '人力部', 'sys_office_common', '快捷通用部门', 50, '0', '1', '2013-05-27 08:00:00', '1', '2013-05-27 08:00:00', NULL, '0');
INSERT INTO `sys_dict` VALUES ('28', '1', '一级', 'sys_office_grade', '机构等级', 10, '0', '1', '2013-05-27 08:00:00', '1', '2013-05-27 08:00:00', NULL, '0');
INSERT INTO `sys_dict` VALUES ('29', '2', '二级', 'sys_office_grade', '机构等级', 20, '0', '1', '2013-05-27 08:00:00', '1', '2013-05-27 08:00:00', NULL, '0');
INSERT INTO `sys_dict` VALUES ('3', '1', '显示', 'show_hide', '显示/隐藏', 10, '0', '1', '2013-05-27 08:00:00', '1', '2013-05-27 08:00:00', NULL, '0');
INSERT INTO `sys_dict` VALUES ('30', '3', '三级', 'sys_office_grade', '机构等级', 30, '0', '1', '2013-05-27 08:00:00', '1', '2013-05-27 08:00:00', NULL, '0');
INSERT INTO `sys_dict` VALUES ('31', '4', '四级', 'sys_office_grade', '机构等级', 40, '0', '1', '2013-05-27 08:00:00', '1', '2013-05-27 08:00:00', NULL, '0');
INSERT INTO `sys_dict` VALUES ('32', '1', '所有数据', 'sys_data_scope', '数据范围', 10, '0', '1', '2013-05-27 08:00:00', '1', '2013-05-27 08:00:00', NULL, '0');
INSERT INTO `sys_dict` VALUES ('33', '2', '所在公司及以下数据', 'sys_data_scope', '数据范围', 20, '0', '1', '2013-05-27 08:00:00', '1', '2013-05-27 08:00:00', NULL, '0');
INSERT INTO `sys_dict` VALUES ('34', '3', '所在公司数据', 'sys_data_scope', '数据范围', 30, '0', '1', '2013-05-27 08:00:00', '1', '2013-05-27 08:00:00', NULL, '0');
INSERT INTO `sys_dict` VALUES ('35', '4', '所在部门及以下数据', 'sys_data_scope', '数据范围', 40, '0', '1', '2013-05-27 08:00:00', '1', '2013-05-27 08:00:00', NULL, '0');
INSERT INTO `sys_dict` VALUES ('36', '5', '所在部门数据', 'sys_data_scope', '数据范围', 50, '0', '1', '2013-05-27 08:00:00', '1', '2013-05-27 08:00:00', NULL, '0');
INSERT INTO `sys_dict` VALUES ('37', '8', '仅本人数据', 'sys_data_scope', '数据范围', 90, '0', '1', '2013-05-27 08:00:00', '1', '2013-05-27 08:00:00', NULL, '0');
INSERT INTO `sys_dict` VALUES ('38', '9', '按明细设置', 'sys_data_scope', '数据范围', 100, '0', '1', '2013-05-27 08:00:00', '1', '2013-05-27 08:00:00', NULL, '0');
INSERT INTO `sys_dict` VALUES ('39', '1', '系统管理', 'sys_user_type', '用户类型', 10, '0', '1', '2013-05-27 08:00:00', '1', '2013-05-27 08:00:00', NULL, '0');
INSERT INTO `sys_dict` VALUES ('4', '0', '隐藏', 'show_hide', '显示/隐藏', 20, '0', '1', '2013-05-27 08:00:00', '1', '2013-05-27 08:00:00', NULL, '0');
INSERT INTO `sys_dict` VALUES ('40', '2', '部门经理', 'sys_user_type', '用户类型', 20, '0', '1', '2013-05-27 08:00:00', '1', '2013-05-27 08:00:00', NULL, '0');
INSERT INTO `sys_dict` VALUES ('41', '3', '普通用户', 'sys_user_type', '用户类型', 30, '0', '1', '2013-05-27 08:00:00', '1', '2013-05-27 08:00:00', NULL, '0');
INSERT INTO `sys_dict` VALUES ('49fefff665614e80b8c0e91902f2c817', 'images/userinfo.png', '默认头像', 'default_headphoto_big', '默认头像(大图)', 10, '0', '1', '2018-07-30 11:58:29', '1', '2018-07-30 13:41:11', '默认头像(原图)', '0');
INSERT INTO `sys_dict` VALUES ('5', '1', '是', 'yes_no', '是/否', 10, '0', '1', '2013-05-27 08:00:00', '1', '2013-05-27 08:00:00', NULL, '0');
INSERT INTO `sys_dict` VALUES ('5ff3843961654e639a419410afc89bbc', '4', '人力资源', 'sys_user_type', '用户类型', 10, '0', '1', '2018-12-28 13:51:04', '1', '2018-12-28 13:51:04', '', '0');
INSERT INTO `sys_dict` VALUES ('6', '0', '否', 'yes_no', '是/否', 20, '0', '1', '2013-05-27 08:00:00', '1', '2013-05-27 08:00:00', NULL, '0');
INSERT INTO `sys_dict` VALUES ('62', '1', '公休', 'oa_leave_type', '请假类型', 10, '0', '1', '2013-05-27 08:00:00', '1', '2013-05-27 08:00:00', NULL, '0');
INSERT INTO `sys_dict` VALUES ('63', '2', '病假', 'oa_leave_type', '请假类型', 20, '0', '1', '2013-05-27 08:00:00', '1', '2013-05-27 08:00:00', NULL, '0');
INSERT INTO `sys_dict` VALUES ('631f38d9f5e24dc88fdb472f4855d68d', '1', '正常', 'sys_user_status', '用户状态（0-停用，1-正常）', 20, '0', '1', '2018-06-29 08:41:42', '1', '2018-06-29 08:41:42', '', '0');
INSERT INTO `sys_dict` VALUES ('64', '3', '事假', 'oa_leave_type', '请假类型', 30, '0', '1', '2013-05-27 08:00:00', '1', '2013-05-27 08:00:00', NULL, '0');
INSERT INTO `sys_dict` VALUES ('6437d5741af64dca861fe5bec7994891', '1', '显示', 'sys_show_hide', '显示-隐藏', 10, '0', '1', '2018-06-25 18:21:38', '1', '2018-06-25 18:21:38', '显示-隐藏', '0');
INSERT INTO `sys_dict` VALUES ('65', '4', '调休', 'oa_leave_type', '请假类型', 40, '0', '1', '2013-05-27 08:00:00', '1', '2013-05-27 08:00:00', NULL, '0');
INSERT INTO `sys_dict` VALUES ('66', '5', '婚假', 'oa_leave_type', '请假类型', 60, '0', '1', '2013-05-27 08:00:00', '1', '2020-01-03 09:17:39', '', '0');
INSERT INTO `sys_dict` VALUES ('67', '1', '接入日志', 'sys_log_type', '日志类型', 30, '0', '1', '2013-06-03 08:00:00', '1', '2020-01-03 09:11:48', '', '0');
INSERT INTO `sys_dict` VALUES ('68', '2', '异常日志', 'sys_log_type', '日志类型', 40, '0', '1', '2013-06-03 08:00:00', '1', '2013-06-03 08:00:00', NULL, '0');
INSERT INTO `sys_dict` VALUES ('7', 'red', '红色', 'color', '颜色值', 10, '0', '1', '2013-05-27 08:00:00', '1', '2020-01-06 01:17:03', '', '0');
INSERT INTO `sys_dict` VALUES ('71', 'leave', '请假流程', 'act_category', '流程分类', 10, '0', '1', '2013-06-03 08:00:00', '1', '2020-01-03 17:10:34', '', '0');
INSERT INTO `sys_dict` VALUES ('72', 'metting', '会议室申请流程', 'act_category', '流程分类', 20, '0', '1', '2013-06-03 08:00:00', '1', '2013-06-03 08:00:00', NULL, '0');
INSERT INTO `sys_dict` VALUES ('73', 'crud', '增删改查', 'gen_category', '代码生成分类', 10, '0', '1', '2013-10-28 08:00:00', '1', '2013-10-28 08:00:00', NULL, '1');
INSERT INTO `sys_dict` VALUES ('74', 'crud_many', '增删改查（包含从表）', 'gen_category', '代码生成分类', 20, '0', '1', '2013-10-28 08:00:00', '1', '2013-10-28 08:00:00', NULL, '1');
INSERT INTO `sys_dict` VALUES ('75', 'tree', '树结构', 'gen_category', '代码生成分类', 30, '0', '1', '2013-10-28 08:00:00', '1', '2013-10-28 08:00:00', NULL, '1');
INSERT INTO `sys_dict` VALUES ('76', '=', '=', 'gen_query_type', '查询方式', 10, '0', '1', '2013-10-28 08:00:00', '1', '2013-10-28 08:00:00', NULL, '1');
INSERT INTO `sys_dict` VALUES ('77', '!=', '!=', 'gen_query_type', '查询方式', 20, '0', '1', '2013-10-28 08:00:00', '1', '2013-10-28 08:00:00', NULL, '1');
INSERT INTO `sys_dict` VALUES ('78', '&gt;', '&gt;', 'gen_query_type', '查询方式', 30, '0', '1', '2013-10-28 08:00:00', '1', '2013-10-28 08:00:00', NULL, '1');
INSERT INTO `sys_dict` VALUES ('79', '&lt;', '&lt;', 'gen_query_type', '查询方式', 40, '0', '1', '2013-10-28 08:00:00', '1', '2013-10-28 08:00:00', NULL, '1');
INSERT INTO `sys_dict` VALUES ('8', 'green', '绿色', 'color', '颜色值', 20, '0', '1', '2013-05-27 08:00:00', '1', '2013-05-27 08:00:00', NULL, '0');
INSERT INTO `sys_dict` VALUES ('80', 'between', 'Between', 'gen_query_type', '查询方式', 50, '0', '1', '2013-10-28 08:00:00', '1', '2013-10-28 08:00:00', NULL, '1');
INSERT INTO `sys_dict` VALUES ('81', 'like', 'Like', 'gen_query_type', '查询方式', 60, '0', '1', '2013-10-28 08:00:00', '1', '2013-10-28 08:00:00', NULL, '1');
INSERT INTO `sys_dict` VALUES ('82', 'left_like', 'Left Like', 'gen_query_type', '查询方式', 70, '0', '1', '2013-10-28 08:00:00', '1', '2013-10-28 08:00:00', NULL, '1');
INSERT INTO `sys_dict` VALUES ('83', 'right_like', 'Right Like', 'gen_query_type', '查询方式', 80, '0', '1', '2013-10-28 08:00:00', '1', '2013-10-28 08:00:00', NULL, '1');
INSERT INTO `sys_dict` VALUES ('84', 'input', '文本框', 'gen_show_type', '字段生成方案', 10, '0', '1', '2013-10-28 08:00:00', '1', '2013-10-28 08:00:00', NULL, '1');
INSERT INTO `sys_dict` VALUES ('85', 'textarea', '文本域', 'gen_show_type', '字段生成方案', 20, '0', '1', '2013-10-28 08:00:00', '1', '2013-10-28 08:00:00', NULL, '1');
INSERT INTO `sys_dict` VALUES ('86', 'select', '下拉框', 'gen_show_type', '字段生成方案', 30, '0', '1', '2013-10-28 08:00:00', '1', '2013-10-28 08:00:00', NULL, '1');
INSERT INTO `sys_dict` VALUES ('87', 'checkbox', '复选框', 'gen_show_type', '字段生成方案', 40, '0', '1', '2013-10-28 08:00:00', '1', '2013-10-28 08:00:00', NULL, '1');
INSERT INTO `sys_dict` VALUES ('88', 'radiobox', '单选框', 'gen_show_type', '字段生成方案', 50, '0', '1', '2013-10-28 08:00:00', '1', '2013-10-28 08:00:00', NULL, '1');
INSERT INTO `sys_dict` VALUES ('89', 'dateselect', '日期选择', 'gen_show_type', '字段生成方案', 60, '0', '1', '2013-10-28 08:00:00', '1', '2013-10-28 08:00:00', NULL, '1');
INSERT INTO `sys_dict` VALUES ('9', 'blue', '蓝色', 'color', '颜色值', 30, '0', '1', '2013-05-27 08:00:00', '1', '2013-05-27 08:00:00', NULL, '0');
INSERT INTO `sys_dict` VALUES ('90', 'userselect', '人员选择', 'gen_show_type', '字段生成方案', 70, '0', '1', '2013-10-28 08:00:00', '1', '2013-10-28 08:00:00', NULL, '1');
INSERT INTO `sys_dict` VALUES ('91', 'officeselect', '部门选择', 'gen_show_type', '字段生成方案', 80, '0', '1', '2013-10-28 08:00:00', '1', '2013-10-28 08:00:00', NULL, '1');
INSERT INTO `sys_dict` VALUES ('92', 'areaselect', '区域选择', 'gen_show_type', '字段生成方案', 90, '0', '1', '2013-10-28 08:00:00', '1', '2013-10-28 08:00:00', NULL, '1');
INSERT INTO `sys_dict` VALUES ('93', 'String', 'String', 'gen_java_type', 'Java类型', 10, '0', '1', '2013-10-28 08:00:00', '1', '2013-10-28 08:00:00', NULL, '1');
INSERT INTO `sys_dict` VALUES ('94', 'Long', 'Long', 'gen_java_type', 'Java类型', 20, '0', '1', '2013-10-28 08:00:00', '1', '2013-10-28 08:00:00', NULL, '1');
INSERT INTO `sys_dict` VALUES ('95', 'dao', '仅持久层', 'gen_category', '代码生成分类\0\0\0\0', 40, '0', '1', '2013-10-28 08:00:00', '1', '2013-10-28 08:00:00', NULL, '1');
INSERT INTO `sys_dict` VALUES ('96', '1', '男', 'sex', '性别', 10, '0', '1', '2013-10-28 08:00:00', '1', '2013-10-28 08:00:00', NULL, '0');
INSERT INTO `sys_dict` VALUES ('97', '2', '女', 'sex', '性别', 20, '0', '1', '2013-10-28 08:00:00', '1', '2013-10-28 08:00:00', NULL, '0');
INSERT INTO `sys_dict` VALUES ('98', 'Integer', 'Integer', 'gen_java_type', 'Java类型', 30, '0', '1', '2013-10-28 08:00:00', '1', '2013-10-28 08:00:00', NULL, '1');
INSERT INTO `sys_dict` VALUES ('99', 'Double', 'Double', 'gen_java_type', 'Java类型', 40, '0', '1', '2013-10-28 08:00:00', '1', '2013-10-28 08:00:00', NULL, '1');
INSERT INTO `sys_dict` VALUES ('a1367ff32ec044b08ead3a56f69748db', 'ACQUIRED', '正在执行', 'sys_job_status', '定时任务状态（PAUSED-暂停，ACQUIRED-正在执行，WAITING-等待执行）', 20, '0', '1', '2019-01-09 16:27:54', '1', '2019-01-11 12:01:52', '', '0');
INSERT INTO `sys_dict` VALUES ('a6aff6268f1f4d77952f3424b5e843d6', '123456', 'default_password', 'default_pass', '系统默认配置密码', 10, '0', '1', '2018-07-03 11:40:03', '1', '2018-07-03 11:40:03', '', '0');
INSERT INTO `sys_dict` VALUES ('a6c017055f7b4ce2bb644ec8bb240d4a', 'PAUSED', '暂停', 'sys_job_status', '定时任务状态（PAUSED-暂停，ACQUIRED-正在执行，WAITING-等待执行）', 10, '0', '1', '2019-01-09 15:37:38', '1', '2019-01-11 20:53:20', '', '0');
INSERT INTO `sys_dict` VALUES ('a8a0aeb824d84d73ad1cca1bdc35c8dc', '5', '乡/镇', 'sys_area_type', '区域类型', 50, '0', '1', '2018-06-15 14:48:45', '1', '2018-06-15 14:48:45', '', '0');
INSERT INTO `sys_dict` VALUES ('c3f4554124e64c4a9cf96ebe94e55ade', '6', '村/社区', 'sys_area_type', '区域类型', 60, '0', '1', '2018-06-15 14:49:25', '1', '2020-01-03 09:11:35', '', '0');
INSERT INTO `sys_dict` VALUES ('da5b5781a8604398aea411a3949b8486', '0', '隐藏', 'sys_show_hide', '显示-隐藏', 10, '0', '1', '2018-06-25 18:22:06', '1', '2018-06-25 18:22:06', '显示-隐藏', '0');
INSERT INTO `sys_dict` VALUES ('edc2e89282bb4eeba397857a2cfb6b33', 'com.jsite.modules.oa.leave', '请假流程1', 'act_category', '请假流程111', 10, '0', '1', '2018-08-03 10:37:05', '1', '2019-12-26 14:29:25', '', '1');
INSERT INTO `sys_dict` VALUES ('ee843534a2884752bf2ebd2444551771', 'images/userinfo.png', '默认头像', 'default_headphoto_small', '默认头像(缩略图)', 10, '0', '1', '2018-07-30 11:52:22', '1', '2018-07-30 11:56:54', '默认小头像(缩略图)图片路径', '0');

-- ----------------------------
-- Table structure for sys_file
-- ----------------------------
DROP TABLE IF EXISTS `sys_file`;
CREATE TABLE `sys_file`  (
  `id` varchar(64) CHARACTER SET utf8 COLLATE utf8_bin NOT NULL COMMENT '编号',
  `file_tree_id` varchar(64) CHARACTER SET utf8 COLLATE utf8_bin NULL DEFAULT NULL COMMENT '文件分类',
  `main_id` varchar(64) CHARACTER SET utf8 COLLATE utf8_bin NULL DEFAULT NULL COMMENT '主表主键',
  `name` varchar(255) CHARACTER SET utf8 COLLATE utf8_bin NOT NULL COMMENT '文件名称',
  `path` varchar(255) CHARACTER SET utf8 COLLATE utf8_bin NULL DEFAULT NULL COMMENT '文件路径',
  `thum_path` varchar(255) CHARACTER SET utf8 COLLATE utf8_bin NULL DEFAULT NULL COMMENT '缩略图路径',
  `file_size` varchar(255) CHARACTER SET utf8 COLLATE utf8_bin NULL DEFAULT NULL COMMENT '文件大小',
  `create_by` varchar(64) CHARACTER SET utf8 COLLATE utf8_bin NOT NULL COMMENT '创建者',
  `create_date` datetime(0) NOT NULL COMMENT '创建时间',
  `update_by` varchar(64) CHARACTER SET utf8 COLLATE utf8_bin NOT NULL COMMENT '更新者',
  `update_date` datetime(0) NOT NULL COMMENT '更新时间',
  `remarks` varchar(255) CHARACTER SET utf8 COLLATE utf8_bin NULL DEFAULT NULL COMMENT '备注信息',
  `del_flag` char(1) CHARACTER SET utf8 COLLATE utf8_bin NOT NULL DEFAULT '0' COMMENT '删除标记（0：正常；1：删除）',
  PRIMARY KEY (`id`) USING BTREE
) ENGINE = InnoDB CHARACTER SET = utf8 COLLATE = utf8_bin COMMENT = '文件' ROW_FORMAT = Compact;

-- ----------------------------
-- Records of sys_file
-- ----------------------------
INSERT INTO `sys_file` VALUES ('15e0f0655f0949899e6df9353654e41e', 'b7803810cc734b90a3f44643fad06bd7', NULL, 'git命令.txt', 'common/b7803810cc734b90a3f44643fad06bd7\\20180727\\git命令.txt', NULL, '539', '1', '2018-07-27 15:40:29', '1', '2018-07-27 15:40:29', NULL, '0');
INSERT INTO `sys_file` VALUES ('354d0ad6df5f4b81a6df003967b8dde3', '018abc93050045dd8f419c14c1a5bfd5', NULL, 'picture.jpg', 'common/018abc93050045dd8f419c14c1a5bfd5\\20180625\\picture.jpg', NULL, '157296', '1', '2018-06-25 15:44:40', '1', '2018-06-25 15:44:40', NULL, '1');
INSERT INTO `sys_file` VALUES ('47348b3a5ee94d8e8d0a6d4b0d728b12', 'f1d7c9459a5a44adb38ed662bd5d682f', NULL, '新建文本文档.txt', 'common/f1d7c9459a5a44adb38ed662bd5d682f\\20180613\\新建文本文档.txt', NULL, '4890', '1', '2018-06-13 14:40:09', '1', '2018-06-13 14:40:09', NULL, '1');
INSERT INTO `sys_file` VALUES ('48b4b3ab2e064d4a9113318bcf5ddec8', '018abc93050045dd8f419c14c1a5bfd5', NULL, 'picture.jpg', 'common/7a0440b426f94db1b5b79772210437d2\\20180709\\picture.jpg', NULL, '157296', '1', '2018-07-09 10:41:49', '1', '2018-07-09 10:46:44', NULL, '0');
INSERT INTO `sys_file` VALUES ('4e9aea81e3234813bae688162b032e88', '8c5b5246330e42f4adb0593b1db498b4', NULL, 'BluetoothGet.zip', 'F:\\git\\itamcs\\src\\main\\webapp\\upload\\common/7a0440b426f94db1b5b79772210437d2\\20180611\\BluetoothGet.zip', NULL, '2774021', '1', '2018-06-11 10:20:13', '1', '2018-06-27 09:27:01', NULL, '1');
INSERT INTO `sys_file` VALUES ('5121fa6273e743a7912a58cc5a15ba2f', '8c5b5246330e42f4adb0593b1db498b4', NULL, '安装配置教程.docx', 'common/8c5b5246330e42f4adb0593b1db498b4/20181214/安装配置教程.docx', NULL, '429193', '1', '2018-12-14 09:37:00', '1', '2018-12-14 09:37:00', NULL, '0');
INSERT INTO `sys_file` VALUES ('5e3fff31d0724f5d89ab106519e8634a', '8c5b5246330e42f4adb0593b1db498b4', NULL, 'XXX旅游APP项目功能模块20180528.xlsx', 'common/8c5b5246330e42f4adb0593b1db498b4\\20180803\\XXX旅游APP项目功能模块20180528.xlsx', NULL, '19530', '1', '2018-08-03 09:37:09', '1', '2018-08-03 09:37:09', NULL, '0');
INSERT INTO `sys_file` VALUES ('6770be70d39d432d802150b41af00370', '8c5b5246330e42f4adb0593b1db498b4', NULL, 'PictureUnlock_gf_11393.pictureunlock.jpg', 'common/8c5b5246330e42f4adb0593b1db498b4/20181214/PictureUnlock_gf_11393.pictureunlock.jpg', NULL, '103041', '1', '2018-12-14 21:25:23', '1', '2018-12-14 21:25:23', NULL, '1');
INSERT INTO `sys_file` VALUES ('6f061e5b673c4a35981aba68b5feb771', '8c5b5246330e42f4adb0593b1db498b4', NULL, 'git命令.txt', 'common/8c5b5246330e42f4adb0593b1db498b4\\20181211\\git命令.txt', NULL, '871', '1', '2018-12-11 10:42:40', '1', '2018-12-11 10:42:40', NULL, '1');
INSERT INTO `sys_file` VALUES ('802ae641d0d84c488143885487a2d937', '8c5b5246330e42f4adb0593b1db498b4', NULL, 'IT资产管控平台初设说明书-20180408001.docx', 'common/8c5b5246330e42f4adb0593b1db498b4\\20180803\\IT资产管控平台初设说明书-20180408001.docx', NULL, '1438387', '1', '2018-08-03 09:44:42', '1', '2018-08-03 09:44:42', NULL, '0');
INSERT INTO `sys_file` VALUES ('a3ececf035d84d9280b1c4b2ae614074', 'f1d7c9459a5a44adb38ed662bd5d682f', NULL, 'BeyondAdmin-master.zip', 'F:\\git\\itamcs\\src\\main\\webapp\\upload\\common/f1d7c9459a5a44adb38ed662bd5d682f\\20180611\\BeyondAdmin-master.zip', NULL, '2425874', '1', '2018-06-11 11:06:27', '1', '2018-06-11 11:06:27', NULL, '1');
INSERT INTO `sys_file` VALUES ('bee545f738e941b18c321189fd962f8b', '8c5b5246330e42f4adb0593b1db498b4', NULL, '解决问题罗列.txt', 'common/8c5b5246330e42f4adb0593b1db498b4\\20180709\\解决问题罗列.txt', NULL, '22351', '1', '2018-07-09 16:15:38', '1', '2018-07-09 16:15:38', NULL, '0');
INSERT INTO `sys_file` VALUES ('cde9fce0e36e479682f87121bbedb3be', '11da634ddacb4129bb2c4f14854585f5', NULL, 'imageclip.html', 'common/11da634ddacb4129bb2c4f14854585f5\\20180709\\imageclip.html', NULL, '7707', '1', '2018-07-09 11:46:48', '1', '2018-07-09 11:46:48', NULL, '0');
INSERT INTO `sys_file` VALUES ('d67606c039784624955e8155032662de', '8c5b5246330e42f4adb0593b1db498b4', NULL, '大屏修改反馈-20180416.docx', 'common/8c5b5246330e42f4adb0593b1db498b4\\20180709\\大屏修改反馈-20180416.docx', NULL, '2297953', '1', '2018-07-09 16:15:39', '1', '2018-07-09 16:15:39', NULL, '0');
INSERT INTO `sys_file` VALUES ('da2ac86c3d934295a4d2bfd15518698b', '7a0440b426f94db1b5b79772210437d2', NULL, 'note.html', 'common/7a0440b426f94db1b5b79772210437d2/20180612/note.html', NULL, '1063', '1', '2018-06-12 11:56:54', '1', '2018-06-12 11:56:54', NULL, '1');
INSERT INTO `sys_file` VALUES ('fc7cb4ccf7ae42dfa6f81463006bf8eb', '8c5b5246330e42f4adb0593b1db498b4', NULL, 'aac.txt', 'common/8c5b5246330e42f4adb0593b1db498b4\\20180823\\aac.txt', NULL, '3484', '1', '2018-08-23 10:57:50', '1', '2018-08-23 10:57:50', NULL, '0');

-- ----------------------------
-- Table structure for sys_file_tree
-- ----------------------------
DROP TABLE IF EXISTS `sys_file_tree`;
CREATE TABLE `sys_file_tree`  (
  `id` varchar(64) CHARACTER SET utf8 COLLATE utf8_bin NOT NULL COMMENT '编号',
  `parent_id` varchar(64) CHARACTER SET utf8 COLLATE utf8_bin NOT NULL COMMENT '父级编号',
  `parent_ids` varchar(2000) CHARACTER SET utf8 COLLATE utf8_bin NOT NULL COMMENT '所有父级编号',
  `tree_leaf` char(1) CHARACTER SET utf8 COLLATE utf8_bin NOT NULL DEFAULT '0' COMMENT '是否树形叶子节点（0:不是,1:是）',
  `tree_level` decimal(4, 0) NOT NULL COMMENT '树形层级(0:根级)',
  `name` varchar(100) CHARACTER SET utf8 COLLATE utf8_bin NOT NULL COMMENT '名称',
  `sort` decimal(10, 0) NOT NULL COMMENT '排序',
  `create_by` varchar(64) CHARACTER SET utf8 COLLATE utf8_bin NOT NULL COMMENT '创建者',
  `create_date` datetime(0) NOT NULL COMMENT '创建时间',
  `update_by` varchar(64) CHARACTER SET utf8 COLLATE utf8_bin NOT NULL COMMENT '更新者',
  `update_date` datetime(0) NOT NULL COMMENT '更新时间',
  `remarks` varchar(255) CHARACTER SET utf8 COLLATE utf8_bin NULL DEFAULT NULL COMMENT '备注信息',
  `del_flag` char(1) CHARACTER SET utf8 COLLATE utf8_bin NOT NULL DEFAULT '0' COMMENT '删除标记（0：正常；1：删除）',
  PRIMARY KEY (`id`) USING BTREE
) ENGINE = InnoDB CHARACTER SET = utf8 COLLATE = utf8_bin COMMENT = '文件分类' ROW_FORMAT = Compact;

-- ----------------------------
-- Records of sys_file_tree
-- ----------------------------
INSERT INTO `sys_file_tree` VALUES ('018abc93050045dd8f419c14c1a5bfd5', '2bacb604df77451d9ef9c60494c4a5b3', '0,c9265b260c1845b6b46462acd36e4304,2bacb604df77451d9ef9c60494c4a5b3', '1', 2, 'ffff', 1, '1', '2018-06-04 14:40:37', '1', '2018-06-04 14:40:37', '', '0');
INSERT INTO `sys_file_tree` VALUES ('11da634ddacb4129bb2c4f14854585f5', '5dbb8533c98b4869901270ae2eb4d0ad', '0,5dbb8533c98b4869901270ae2eb4d0ad', '0', 1, 'aaa', 3, '1', '2018-06-05 09:58:58', '1', '2018-06-06 18:11:33', '', '0');
INSERT INTO `sys_file_tree` VALUES ('12fe7758f865410283b26ee134f8a0bf', '11da634ddacb4129bb2c4f14854585f5', '0,5dbb8533c98b4869901270ae2eb4d0ad,11da634ddacb4129bb2c4f14854585f5', '1', 2, 'bbb', 5, '1', '2018-06-05 09:59:24', '1', '2018-06-06 18:11:33', '', '0');
INSERT INTO `sys_file_tree` VALUES ('2bacb604df77451d9ef9c60494c4a5b3', 'c9265b260c1845b6b46462acd36e4304', '0,c9265b260c1845b6b46462acd36e4304', '0', 1, '2', 2, '1', '2018-03-28 14:41:39', '1', '2018-06-04 17:01:59', '2', '0');
INSERT INTO `sys_file_tree` VALUES ('5dbb8533c98b4869901270ae2eb4d0ad', '0', '0', '0', 0, 'mmm', 4, '1', '2018-06-06 09:58:30', '1', '2019-12-27 17:21:38', '', '0');
INSERT INTO `sys_file_tree` VALUES ('7a0440b426f94db1b5b79772210437d2', 'f1d7c9459a5a44adb38ed662bd5d682f', '0,c9265b260c1845b6b46462acd36e4304,2bacb604df77451d9ef9c60494c4a5b3,f1d7c9459a5a44adb38ed662bd5d682f', '1', 3, 'ccc', 10, '1', '2018-06-05 09:59:11', '1', '2018-06-06 18:11:55', '', '0');
INSERT INTO `sys_file_tree` VALUES ('885944d2b2784fe68a4a33c276eaa229', '9e31a73796a242009c89995c2de86bbb', '0,5dbb8533c98b4869901270ae2eb4d0ad,9e31a73796a242009c89995c2de86bbb', '1', 2, 'ggg', 3, '1', '2018-06-04 13:56:48', '1', '2018-06-06 17:34:56', 'dxxa', '0');
INSERT INTO `sys_file_tree` VALUES ('8c5b5246330e42f4adb0593b1db498b4', 'b7803810cc734b90a3f44643fad06bd7', '0,c9265b260c1845b6b46462acd36e4304,b7803810cc734b90a3f44643fad06bd7', '1', 2, '5', 3, '1', '2018-06-04 13:54:18', '1', '2018-06-04 13:54:18', '', '0');
INSERT INTO `sys_file_tree` VALUES ('9e31a73796a242009c89995c2de86bbb', '5dbb8533c98b4869901270ae2eb4d0ad', '0,5dbb8533c98b4869901270ae2eb4d0ad', '0', 1, 'wowowow', 4, '1', '2018-06-04 16:45:08', '1', '2018-06-06 17:45:28', '', '0');
INSERT INTO `sys_file_tree` VALUES ('b7803810cc734b90a3f44643fad06bd7', 'c9265b260c1845b6b46462acd36e4304', '0,c9265b260c1845b6b46462acd36e4304', '0', 1, '1', 1, '1', '2018-03-28 14:41:23', '1', '2018-03-28 14:41:23', '1', '0');
INSERT INTO `sys_file_tree` VALUES ('c07436d34ed8412ebfd65c7d7139283d', '0', '0', '0', 0, 'testMode', 120, '1', '2018-07-27 15:30:33', '1', '2018-07-27 16:55:25', 'safsf', '0');
INSERT INTO `sys_file_tree` VALUES ('f1d7c9459a5a44adb38ed662bd5d682f', '2bacb604df77451d9ef9c60494c4a5b3', '0,c9265b260c1845b6b46462acd36e4304,2bacb604df77451d9ef9c60494c4a5b3', '0', 2, 'test', 3, '1', '2018-06-04 14:39:45', '1', '2018-06-06 18:11:55', '1111', '0');

-- ----------------------------
-- Table structure for sys_log
-- ----------------------------
DROP TABLE IF EXISTS `sys_log`;
CREATE TABLE `sys_log`  (
  `id` varchar(64) CHARACTER SET utf8 COLLATE utf8_bin NOT NULL COMMENT '编号',
  `type` char(1) CHARACTER SET utf8 COLLATE utf8_bin NULL DEFAULT '1' COMMENT '日志类型',
  `title` varchar(255) CHARACTER SET utf8 COLLATE utf8_bin NULL DEFAULT '' COMMENT '日志标题',
  `create_by` varchar(64) CHARACTER SET utf8 COLLATE utf8_bin NULL DEFAULT NULL COMMENT '创建者',
  `create_date` datetime(0) NULL DEFAULT NULL COMMENT '创建时间',
  `remote_addr` varchar(255) CHARACTER SET utf8 COLLATE utf8_bin NULL DEFAULT NULL COMMENT '操作IP地址',
  `user_agent` varchar(255) CHARACTER SET utf8 COLLATE utf8_bin NULL DEFAULT NULL COMMENT '用户代理',
  `request_uri` varchar(255) CHARACTER SET utf8 COLLATE utf8_bin NULL DEFAULT NULL COMMENT '请求URI',
  `method` varchar(5) CHARACTER SET utf8 COLLATE utf8_bin NULL DEFAULT NULL COMMENT '操作方式',
  `params` text CHARACTER SET utf8 COLLATE utf8_bin NULL COMMENT '操作提交的数据',
  `exception` text CHARACTER SET utf8 COLLATE utf8_bin NULL COMMENT '异常信息',
  PRIMARY KEY (`id`) USING BTREE,
  INDEX `sys_log_create_by`(`create_by`) USING BTREE,
  INDEX `sys_log_request_uri`(`request_uri`) USING BTREE,
  INDEX `sys_log_type`(`type`) USING BTREE,
  INDEX `sys_log_create_date`(`create_date`) USING BTREE
) ENGINE = InnoDB CHARACTER SET = utf8 COLLATE = utf8_bin COMMENT = '日志表' ROW_FORMAT = Compact;

-- ----------------------------
-- Table structure for sys_mdict
-- ----------------------------
DROP TABLE IF EXISTS `sys_mdict`;
CREATE TABLE `sys_mdict`  (
  `id` varchar(64) CHARACTER SET utf8 COLLATE utf8_bin NOT NULL COMMENT '编号',
  `parent_id` varchar(64) CHARACTER SET utf8 COLLATE utf8_bin NOT NULL COMMENT '父级编号',
  `parent_ids` varchar(2000) CHARACTER SET utf8 COLLATE utf8_bin NOT NULL COMMENT '所有父级编号',
  `name` varchar(100) CHARACTER SET utf8 COLLATE utf8_bin NOT NULL COMMENT '名称',
  `sort` decimal(10, 0) NOT NULL COMMENT '排序',
  `description` varchar(100) CHARACTER SET utf8 COLLATE utf8_bin NULL DEFAULT NULL COMMENT '描述',
  `create_by` varchar(64) CHARACTER SET utf8 COLLATE utf8_bin NOT NULL COMMENT '创建者',
  `create_date` datetime(0) NOT NULL COMMENT '创建时间',
  `update_by` varchar(64) CHARACTER SET utf8 COLLATE utf8_bin NOT NULL COMMENT '更新者',
  `update_date` datetime(0) NOT NULL COMMENT '更新时间',
  `remarks` varchar(255) CHARACTER SET utf8 COLLATE utf8_bin NULL DEFAULT NULL COMMENT '备注信息',
  `del_flag` char(1) CHARACTER SET utf8 COLLATE utf8_bin NOT NULL DEFAULT '0' COMMENT '删除标记',
  PRIMARY KEY (`id`) USING BTREE,
  INDEX `sys_mdict_parent_id`(`parent_id`) USING BTREE,
  INDEX `sys_mdict_del_flag`(`del_flag`) USING BTREE
) ENGINE = InnoDB CHARACTER SET = utf8 COLLATE = utf8_bin COMMENT = '多级字典表' ROW_FORMAT = Compact;

-- ----------------------------
-- Table structure for sys_menu
-- ----------------------------
DROP TABLE IF EXISTS `sys_menu`;
CREATE TABLE `sys_menu`  (
  `id` varchar(64) CHARACTER SET utf8 COLLATE utf8_bin NOT NULL COMMENT '编号',
  `parent_id` varchar(64) CHARACTER SET utf8 COLLATE utf8_bin NOT NULL COMMENT '父级编号',
  `parent_ids` varchar(2000) CHARACTER SET utf8 COLLATE utf8_bin NOT NULL COMMENT '所有父级编号',
  `name` varchar(100) CHARACTER SET utf8 COLLATE utf8_bin NOT NULL COMMENT '名称',
  `sort` decimal(10, 0) NOT NULL COMMENT '排序',
  `tree_leaf` char(1) CHARACTER SET utf8 COLLATE utf8_bin NULL DEFAULT NULL COMMENT '是否叶子节点',
  `tree_level` decimal(11, 0) NULL DEFAULT NULL COMMENT '树形层级',
  `href` varchar(2000) CHARACTER SET utf8 COLLATE utf8_bin NULL DEFAULT NULL COMMENT '链接',
  `target` varchar(20) CHARACTER SET utf8 COLLATE utf8_bin NULL DEFAULT NULL COMMENT '目标',
  `icon` varchar(100) CHARACTER SET utf8 COLLATE utf8_bin NULL DEFAULT NULL COMMENT '图标',
  `is_show` char(1) CHARACTER SET utf8 COLLATE utf8_bin NOT NULL COMMENT '是否在菜单中显示',
  `permission` varchar(200) CHARACTER SET utf8 COLLATE utf8_bin NULL DEFAULT NULL COMMENT '权限标识',
  `create_by` varchar(64) CHARACTER SET utf8 COLLATE utf8_bin NOT NULL COMMENT '创建者',
  `create_date` datetime(0) NOT NULL COMMENT '创建时间',
  `update_by` varchar(64) CHARACTER SET utf8 COLLATE utf8_bin NOT NULL COMMENT '更新者',
  `update_date` datetime(0) NOT NULL COMMENT '更新时间',
  `remarks` varchar(255) CHARACTER SET utf8 COLLATE utf8_bin NULL DEFAULT NULL COMMENT '备注信息',
  `del_flag` char(1) CHARACTER SET utf8 COLLATE utf8_bin NOT NULL DEFAULT '0' COMMENT '删除标记',
  PRIMARY KEY (`id`) USING BTREE,
  INDEX `sys_menu_parent_id`(`parent_id`) USING BTREE,
  INDEX `sys_menu_del_flag`(`del_flag`) USING BTREE
) ENGINE = InnoDB CHARACTER SET = utf8 COLLATE = utf8_bin COMMENT = '菜单表' ROW_FORMAT = Compact;

-- ----------------------------
-- Records of sys_menu
-- ----------------------------
INSERT INTO `sys_menu` VALUES ('1', '0', '0,', '在线办公', 30, '0', 0, '', '', 'icon-social-tumblr', '1', '', '1', '2013-05-27 08:00:00', '1', '2019-12-29 21:06:05', '', '0');
INSERT INTO `sys_menu` VALUES ('100', '1', '0,1,', '待办任务', 20, '1', 1, '/act/task/todo', '', 'far fa-circle', '1', 'act:process:view,act:process:edit', '1', '2018-08-07 14:57:37', '1', '2019-12-26 15:16:07', '', '0');
INSERT INTO `sys_menu` VALUES ('101', '1', '0,1,', '已办任务', 30, '1', 1, '/act/task/historic', '', 'far fa-circle', '1', 'act:process:view,act:process:edit', '1', '2018-08-07 14:58:35', '1', '2019-12-03 17:23:59', '', '0');
INSERT INTO `sys_menu` VALUES ('102', '1', '0,1,', '已发任务', 40, '1', 1, '/act/task/hasSent', '', 'far fa-circle', '1', 'act:process:view,act:process:edit', '1', '2018-08-09 20:28:01', '1', '2019-12-04 08:38:03', '', '0');
INSERT INTO `sys_menu` VALUES ('103', '1', '0,1,', '发起流程', 50, '1', 1, '/act/flowForm/process', '', 'far fa-circle', '1', 'act:process:view,act:process:edit', '1', '2018-08-07 15:07:41', '1', '2019-12-04 09:46:55', '', '0');
INSERT INTO `sys_menu` VALUES ('104', '1', '0,1,', '请假流程：发起|办理权限', 60, '1', 1, '', '', '', '0', 'oa:leave:view,oa:leave:edit', '1', '2018-08-15 14:40:25', '1', '2019-03-25 09:34:58', '', '0');
INSERT INTO `sys_menu` VALUES ('2', '0', '0,', '机构用户', 60, '0', 0, '', '', 'icon-social-dropbox', '1', '', '1', '2013-05-27 08:00:00', '1', '2019-12-27 17:30:27', '', '0');
INSERT INTO `sys_menu` VALUES ('200', '2', '0,2,', '用户管理', 20, '0', 1, '/sys/user/index', '', 'far fa-circle', '1', '', '1', '2013-05-27 08:00:00', '1', '2018-07-05 10:32:22', '', '0');
INSERT INTO `sys_menu` VALUES ('2000', '200', '0,2,200,', '查看', 30, '1', 2, '', '', 'fa fa-circle-thin', '0', 'sys:user:view', '1', '2018-07-05 10:32:42', '1', '2018-07-05 10:32:42', '', '0');
INSERT INTO `sys_menu` VALUES ('2001', '200', '0,2,200,', '编辑', 60, '1', 2, '', '', 'fa fa-circle-thin', '0', 'sys:user:edit', '1', '2018-07-05 10:33:04', '1', '2018-07-05 10:33:04', '', '0');
INSERT INTO `sys_menu` VALUES ('201', '2', '0,2,', '机构管理', 30, '0', 1, '/sys/office/', '', 'far fa-circle', '1', '', '1', '2013-05-27 08:00:00', '1', '2018-07-05 10:35:25', '', '0');
INSERT INTO `sys_menu` VALUES ('2010', '201', '0,2,201,', '查看', 30, '1', 2, '', '', 'fa fa-circle-thin', '0', 'sys:office:view', '1', '2018-07-05 10:33:26', '1', '2018-07-05 10:33:26', '', '0');
INSERT INTO `sys_menu` VALUES ('2011', '201', '0,2,201,', '编辑', 60, '1', 2, '', '', 'fa fa-circle-thin', '0', 'sys:office:edit', '1', '2018-07-05 10:33:43', '1', '2018-07-05 10:33:43', '', '0');
INSERT INTO `sys_menu` VALUES ('202', '2', '0,2,', '区域管理', 40, '0', 1, '/sys/area/', '', 'far fa-circle', '1', '', '1', '2013-05-27 08:00:00', '1', '2018-07-05 10:36:49', '', '0');
INSERT INTO `sys_menu` VALUES ('2020', '202', '0,2,202,', '查看', 30, '1', 2, '', '', 'fa fa-circle-thin', '0', 'sys:area:view', '1', '2018-07-05 10:36:00', '1', '2018-07-05 10:36:00', '', '0');
INSERT INTO `sys_menu` VALUES ('2021', '202', '0,2,202,', '编辑', 60, '1', 2, '', '', 'fa fa-circle-thin', '0', 'sys:area:edit', '1', '2018-07-05 10:36:25', '1', '2018-07-05 10:36:25', '', '0');
INSERT INTO `sys_menu` VALUES ('3', '0', '0,', '系统设置', 90, '0', 0, '', '', 'icon-settings', '1', '', '1', '2013-05-27 08:00:00', '1', '2019-03-13 10:17:47', '', '0');
INSERT INTO `sys_menu` VALUES ('300', '3', '0,3,', '菜单管理', 30, '0', 1, '/sys/menu/', '', 'far fa-circle', '1', '', '1', '2013-05-27 08:00:00', '1', '2018-07-04 16:17:54', '', '0');
INSERT INTO `sys_menu` VALUES ('3000', '300', '0,3,300,', '查看', 30, '1', 2, '', '', 'far fa-circle', '0', 'sys:menu:view', '1', '2018-07-04 16:16:09', '1', '2018-07-04 16:16:37', '', '0');
INSERT INTO `sys_menu` VALUES ('3001', '300', '0,3,300,', '编辑', 60, '1', 2, '', '', 'far fa-circle', '0', 'sys:menu:edit', '1', '2018-07-04 16:17:40', '1', '2018-07-04 16:17:40', '', '0');
INSERT INTO `sys_menu` VALUES ('301', '3', '0,3,', '角色管理', 40, '0', 1, '/sys/role/', '', 'far fa-circle', '1', '', '1', '2013-05-27 08:00:00', '1', '2019-03-13 10:34:19', '', '0');
INSERT INTO `sys_menu` VALUES ('3010', '301', '0,3,301,', '查看', 30, '1', 2, '', '', 'far fa-circle', '0', 'sys:role:view', '1', '2018-07-04 16:45:37', '1', '2018-07-04 16:45:37', '', '0');
INSERT INTO `sys_menu` VALUES ('3011', '301', '0,3,301,', '编辑', 60, '1', 2, '', '', 'far fa-circle', '0', 'sys:role:edit', '1', '2018-07-04 16:46:18', '1', '2018-07-04 16:47:17', '', '0');
INSERT INTO `sys_menu` VALUES ('302', '3', '0,3,', '字典管理', 50, '0', 1, '/sys/dict/', '', 'far fa-circle', '1', '', '1', '2013-05-27 08:00:00', '1', '2018-07-04 17:14:49', '', '0');
INSERT INTO `sys_menu` VALUES ('3020', '302', '0,3,302,', '查看', 30, '1', 2, '', '', 'far fa-circle', '0', 'sys:dict:view', '1', '2018-07-04 17:14:31', '1', '2018-07-04 17:14:31', '', '0');
INSERT INTO `sys_menu` VALUES ('3021', '302', '0,3,302,', '编辑', 60, '1', 2, '', '', 'far fa-circle', '0', 'sys:dict:edit', '1', '2018-07-04 17:15:17', '1', '2018-07-04 17:15:17', '', '0');
INSERT INTO `sys_menu` VALUES ('303', '3', '0,3,', '定时任务', 60, '0', 1, '/sys/job/', '', 'far fa-circle', '1', '', '1', '2019-01-07 16:29:56', '1', '2019-03-13 11:05:43', '', '0');
INSERT INTO `sys_menu` VALUES ('3030', '303', '0,3,303,', '查看', 30, '1', 2, '', '', 'far fa-circle', '0', 'sys:job:view', '1', '2019-01-07 16:33:42', '1', '2019-01-07 16:33:42', '', '0');
INSERT INTO `sys_menu` VALUES ('3031', '303', '0,3,303,', '编辑', 60, '1', 2, '', '', 'far fa-circle', '0', 'sys:job:edit', '1', '2019-01-08 14:58:22', '1', '2019-01-08 15:02:23', '', '0');
INSERT INTO `sys_menu` VALUES ('3032', '303', '0,3,303,', '添加', 90, '1', 2, '', '', 'far fa-circle', '0', 'sys:job:add', '1', '2019-01-09 17:33:37', '1', '2019-01-09 17:33:37', '', '0');
INSERT INTO `sys_menu` VALUES ('3033', '303', '0,3,303,', '暂停', 120, '1', 2, '', '', 'far fa-circle', '0', 'sys:job:pause', '1', '2019-01-11 09:31:49', '1', '2019-01-11 09:31:49', '', '0');
INSERT INTO `sys_menu` VALUES ('3034', '303', '0,3,303,', '恢复', 150, '1', 2, '', '', 'far fa-circle', '0', 'sys:job:resume', '1', '2019-01-11 09:46:56', '1', '2019-01-11 09:46:56', '', '0');
INSERT INTO `sys_menu` VALUES ('3035', '303', '0,3,303,', '删除', 180, '1', 2, '', '', 'far fa-circle', '0', 'sys:job:del', '1', '2019-01-11 11:00:11', '1', '2019-01-11 11:00:11', '', '0');
INSERT INTO `sys_menu` VALUES ('304', '3', '0,3,', '日志查询', 70, '1', 1, '/sys/log', '', 'far fa-circle', '1', 'sys:log:view', '1', '2013-06-03 08:00:00', '1', '2018-05-11 10:16:51', '', '0');
INSERT INTO `sys_menu` VALUES ('305', '3', '0,3,', '连接池监视', 80, '1', 1, '/../druid', '', 'far fa-circle', '1', '', '1', '2013-10-18 08:00:00', '1', '2018-05-11 10:16:02', '', '0');
INSERT INTO `sys_menu` VALUES ('4', '0', '0,', '文件管理', 150, '0', 0, '', '', 'icon-folder', '1', '', '1', '2013-05-27 08:00:00', '1', '2018-06-28 08:47:09', '', '0');
INSERT INTO `sys_menu` VALUES ('400', '4', '0,4,', '文件夹管理', 30, '0', 1, '/filetree/sysFileTree/index', '', 'far fa-circle', '1', '', '1', '2018-03-28 09:21:04', '1', '2018-07-27 15:20:46', '', '0');
INSERT INTO `sys_menu` VALUES ('4000', '400', '0,4,400,', '查看', 30, '1', 2, '', '', 'fa fa-circle-thin', '0', 'filetree:sysFileTree:view', '1', '2018-07-05 09:08:10', '1', '2018-07-27 15:21:28', '', '0');
INSERT INTO `sys_menu` VALUES ('4001', '400', '0,4,400,', '编辑', 60, '1', 2, '', '', 'fa fa-circle-thin', '0', 'filetree:sysFileTree:edit', '1', '2018-07-05 09:08:33', '1', '2018-07-27 15:21:44', '', '0');
INSERT INTO `sys_menu` VALUES ('401', '4', '0,4,', '文件管理', 40, '0', 1, '/file/sysFile/index', '', 'far fa-circle', '1', '', '1', '2018-03-28 17:04:29', '1', '2018-07-27 15:21:03', '', '0');
INSERT INTO `sys_menu` VALUES ('4010', '401', '0,4,401,', '查看', 30, '1', 2, '', '', '', '0', 'file:sysFile:view', '1', '2018-03-28 17:05:35', '1', '2018-07-27 15:22:00', '', '0');
INSERT INTO `sys_menu` VALUES ('4011', '401', '0,4,401,', '编辑', 60, '1', 2, '', '', '', '0', 'file:sysFile:edit', '1', '2018-03-28 17:06:13', '1', '2018-07-27 15:22:13', '', '0');
INSERT INTO `sys_menu` VALUES ('5', '0', '0,', '代码生成', 180, '0', 0, '', '', 'icon-wrench', '1', '', '1', '2018-05-14 16:26:49', '1', '2019-03-13 10:21:31', '', '0');
INSERT INTO `sys_menu` VALUES ('500', '5', '0,5,', '业务表配置', 30, '1', 1, '/gen/genTable', '', 'far fa-circle', '1', 'gen:genTable:view,gen:genTable:edit,gen:genTableColumn:view,gen:genTableColumn:edit', '1', '2013-10-16 08:00:00', '1', '2018-05-11 10:03:11', '', '0');
INSERT INTO `sys_menu` VALUES ('501', '5', '0,5,', '生成方案配置', 60, '1', 1, '/gen/genScheme', '', 'far fa-circle', '1', 'gen:genScheme:view,gen:genScheme:edit', '1', '2013-10-16 08:00:00', '1', '2018-05-11 10:03:25', '', '0');
INSERT INTO `sys_menu` VALUES ('6', '0', '0,', '代码生成测试', 210, '0', 0, '', '', 'icon-direction', '1', '', '1', '2018-12-19 16:59:07', '1', '2018-12-19 16:59:07', '', '0');
INSERT INTO `sys_menu` VALUES ('600', '6', '0,6,', '单表生成', 30, '1', 1, '/test/testData', '', 'far fa-circle', '1', 'test:testData:view,test:testData:edit', '1', '2018-12-19 17:00:12', '1', '2019-01-02 10:05:25', '', '0');
INSERT INTO `sys_menu` VALUES ('601', '6', '0,6,', '主子表生成', 60, '1', 1, '/test/testDataMain', '', 'far fa-circle', '1', 'test:testDataMain:view,test:testDataMain:edit', '1', '2018-12-29 13:34:17', '1', '2019-01-02 10:09:10', '', '0');
INSERT INTO `sys_menu` VALUES ('602', '6', '0,6,', '树结构表生成', 90, '1', 1, '/test/testTree', '', 'far fa-circle', '1', 'test:testTree:view,test:testTree:edit', '1', '2019-01-07 11:49:29', '1', '2019-01-07 11:49:29', '', '0');
INSERT INTO `sys_menu` VALUES ('7', '0', '0,', '流程管理', 120, '0', 0, '', '', 'icon-equalizer', '1', '', '1', '2013-05-27 08:00:00', '1', '2018-08-02 09:08:56', '', '0');
INSERT INTO `sys_menu` VALUES ('700', '7', '0,7,', '运行中的流程', 30, '1', 1, '/act/process/running', '', 'far fa-circle', '1', 'act:process:edit', '1', '2018-08-02 08:58:48', '1', '2018-08-02 09:01:36', '', '0');
INSERT INTO `sys_menu` VALUES ('701', '7', '0,7,', '历史流程', 40, '1', 1, '/act/process/history', '', 'far fa-circle', '1', 'act:process:edit', '1', '2019-11-08 09:29:34', '1', '2019-11-08 09:33:33', '', '0');
INSERT INTO `sys_menu` VALUES ('702', '7', '0,7,', '部署流程', 60, '1', 1, '/act/process/deploy', '', 'far fa-circle', '1', 'act:process:edit', '1', '2018-08-02 08:53:30', '1', '2018-08-02 09:02:26', '', '0');
INSERT INTO `sys_menu` VALUES ('703', '7', '0,7,', '流程管理', 90, '1', 1, '/act/process', '', 'far fa-circle', '1', 'act:process:edit', '1', '2013-05-27 08:00:00', '1', '2018-08-02 09:09:21', '', '0');
INSERT INTO `sys_menu` VALUES ('704', '7', '0,7,', '模型管理', 150, '1', 1, '/act/model', '', 'far fa-circle', '1', 'act:model:edit', '1', '2013-09-20 08:00:00', '1', '2018-08-02 09:10:06', '', '0');
INSERT INTO `sys_menu` VALUES ('705', '7', '0,7,', '表单管理', 180, '0', 1, '/act/flowForm', '', 'far fa-circle', '1', '', '1', '2019-12-20 11:06:30', '1', '2019-12-24 13:37:52', '', '0');
INSERT INTO `sys_menu` VALUES ('7050', '705', '0,7,705,', '查看', 30, '1', 2, NULL, NULL, NULL, '0', 'flowable:flowForm:view', '1', '2020-01-02 17:07:45', '1', '2020-01-02 17:07:45', NULL, '0');
INSERT INTO `sys_menu` VALUES ('7051', '705', '0,7,705,', '编辑', 60, '1', 2, NULL, NULL, NULL, '0', 'flowable:flowForm:edit', '1', '2020-01-01 17:10:45', '1', '2020-01-02 17:10:45', NULL, '0');

-- ----------------------------
-- Table structure for sys_office
-- ----------------------------
DROP TABLE IF EXISTS `sys_office`;
CREATE TABLE `sys_office`  (
  `id` varchar(64) CHARACTER SET utf8 COLLATE utf8_bin NOT NULL COMMENT '编号',
  `parent_id` varchar(64) CHARACTER SET utf8 COLLATE utf8_bin NOT NULL COMMENT '父级编号',
  `parent_ids` varchar(2000) CHARACTER SET utf8 COLLATE utf8_bin NOT NULL COMMENT '所有父级编号',
  `name` varchar(100) CHARACTER SET utf8 COLLATE utf8_bin NOT NULL COMMENT '名称',
  `sort` decimal(10, 0) NOT NULL COMMENT '排序',
  `tree_leaf` char(1) CHARACTER SET utf8 COLLATE utf8_bin NOT NULL COMMENT '是否叶子节点',
  `tree_level` decimal(11, 0) NOT NULL COMMENT '树形层级',
  `area_id` varchar(64) CHARACTER SET utf8 COLLATE utf8_bin NULL DEFAULT NULL COMMENT '归属区域',
  `code` varchar(100) CHARACTER SET utf8 COLLATE utf8_bin NULL DEFAULT NULL COMMENT '机构编码',
  `type` char(1) CHARACTER SET utf8 COLLATE utf8_bin NULL DEFAULT NULL COMMENT '机构类型',
  `grade` char(1) CHARACTER SET utf8 COLLATE utf8_bin NULL DEFAULT NULL COMMENT '机构等级',
  `address` varchar(255) CHARACTER SET utf8 COLLATE utf8_bin NULL DEFAULT NULL COMMENT '联系地址',
  `zip_code` varchar(100) CHARACTER SET utf8 COLLATE utf8_bin NULL DEFAULT NULL COMMENT '邮政编码',
  `master` varchar(100) CHARACTER SET utf8 COLLATE utf8_bin NULL DEFAULT NULL COMMENT '负责人',
  `phone` varchar(200) CHARACTER SET utf8 COLLATE utf8_bin NULL DEFAULT NULL COMMENT '电话',
  `fax` varchar(200) CHARACTER SET utf8 COLLATE utf8_bin NULL DEFAULT NULL COMMENT '传真',
  `email` varchar(200) CHARACTER SET utf8 COLLATE utf8_bin NULL DEFAULT NULL COMMENT '邮箱',
  `USEABLE` varchar(64) CHARACTER SET utf8 COLLATE utf8_bin NULL DEFAULT NULL COMMENT '是否启用',
  `PRIMARY_PERSON` varchar(64) CHARACTER SET utf8 COLLATE utf8_bin NULL DEFAULT NULL COMMENT '主负责人',
  `DEPUTY_PERSON` varchar(64) CHARACTER SET utf8 COLLATE utf8_bin NULL DEFAULT NULL COMMENT '副负责人',
  `create_by` varchar(64) CHARACTER SET utf8 COLLATE utf8_bin NOT NULL COMMENT '创建者',
  `create_date` datetime(0) NOT NULL COMMENT '创建时间',
  `update_by` varchar(64) CHARACTER SET utf8 COLLATE utf8_bin NOT NULL COMMENT '更新者',
  `update_date` datetime(0) NOT NULL COMMENT '更新时间',
  `remarks` varchar(255) CHARACTER SET utf8 COLLATE utf8_bin NULL DEFAULT NULL COMMENT '备注信息',
  `del_flag` char(1) CHARACTER SET utf8 COLLATE utf8_bin NOT NULL DEFAULT '0' COMMENT '删除标记',
  PRIMARY KEY (`id`) USING BTREE,
  INDEX `sys_office_parent_id`(`parent_id`) USING BTREE,
  INDEX `sys_office_del_flag`(`del_flag`) USING BTREE,
  INDEX `sys_office_type`(`type`) USING BTREE
) ENGINE = InnoDB CHARACTER SET = utf8 COLLATE = utf8_bin COMMENT = '机构表' ROW_FORMAT = Compact;

-- ----------------------------
-- Records of sys_office
-- ----------------------------
INSERT INTO `sys_office` VALUES ('1', '0', '0,', 'Jsite测试公司1', 10, '0', 0, 'f762fb569d8445f28a226a9b831cfb90', '100000', '1', '1', '', '', '', '', '', '', '1', '', '', '1', '2013-05-27 08:00:00', '1', '2020-03-16 13:45:00', '', '0');
INSERT INTO `sys_office` VALUES ('3', '1', '0,1,', '综合部111', 20, '1', 1, '16166c3ecb954be0ad47159c087cd8af', '100002', '2', '1', '', '', '', '', '', '', '1', '', '', '1', '2013-05-27 08:00:00', '1', '2019-12-30 03:01:13', '', '0');
INSERT INTO `sys_office` VALUES ('4', '1', '0,1,', '市场部', 30, '1', 1, 'f762fb569d8445f28a226a9b831cfb90', '100003', '2', '1', '', '', '', '', '', '', '1', '', '', '1', '2013-05-27 08:00:00', '1', '2019-12-30 02:57:46', '', '0');
INSERT INTO `sys_office` VALUES ('5', '1', '0,1,', '技术部', 40, '1', 1, 'f762fb569d8445f28a226a9b831cfb90', '100004', '2', '1', '北京市海淀区', '100010', '王伟', '010-67545935', '', 'lzyang6@grgbanking.com', '1', '', '', '1', '2013-05-27 08:00:00', '1', '2020-01-13 10:23:43', '测试机构管理', '0');

-- ----------------------------
-- Table structure for sys_role
-- ----------------------------
DROP TABLE IF EXISTS `sys_role`;
CREATE TABLE `sys_role`  (
  `id` varchar(64) CHARACTER SET utf8 COLLATE utf8_bin NOT NULL COMMENT '编号',
  `office_id` varchar(64) CHARACTER SET utf8 COLLATE utf8_bin NULL DEFAULT NULL COMMENT '归属机构',
  `name` varchar(100) CHARACTER SET utf8 COLLATE utf8_bin NOT NULL COMMENT '角色名称',
  `enname` varchar(255) CHARACTER SET utf8 COLLATE utf8_bin NULL DEFAULT NULL COMMENT '英文名称',
  `role_type` varchar(255) CHARACTER SET utf8 COLLATE utf8_bin NULL DEFAULT NULL COMMENT '角色类型',
  `user_type` char(1) CHARACTER SET utf8 COLLATE utf8_bin NULL DEFAULT NULL COMMENT '用户类型',
  `data_scope` char(1) CHARACTER SET utf8 COLLATE utf8_bin NULL DEFAULT NULL COMMENT '数据范围',
  `is_sys` varchar(64) CHARACTER SET utf8 COLLATE utf8_bin NULL DEFAULT NULL COMMENT '是否系统数据',
  `useable` varchar(64) CHARACTER SET utf8 COLLATE utf8_bin NULL DEFAULT NULL COMMENT '是否可用',
  `create_by` varchar(64) CHARACTER SET utf8 COLLATE utf8_bin NOT NULL COMMENT '创建者',
  `create_date` datetime(0) NOT NULL COMMENT '创建时间',
  `update_by` varchar(64) CHARACTER SET utf8 COLLATE utf8_bin NOT NULL COMMENT '更新者',
  `update_date` datetime(0) NOT NULL COMMENT '更新时间',
  `remarks` varchar(255) CHARACTER SET utf8 COLLATE utf8_bin NULL DEFAULT NULL COMMENT '备注信息',
  `del_flag` char(1) CHARACTER SET utf8 COLLATE utf8_bin NOT NULL DEFAULT '0' COMMENT '删除标记',
  PRIMARY KEY (`id`) USING BTREE,
  INDEX `sys_role_del_flag`(`del_flag`) USING BTREE,
  INDEX `sys_role_enname`(`enname`) USING BTREE
) ENGINE = InnoDB CHARACTER SET = utf8 COLLATE = utf8_bin COMMENT = '角色表' ROW_FORMAT = Compact;

-- ----------------------------
-- Records of sys_role
-- ----------------------------
INSERT INTO `sys_role` VALUES ('1', '5', '系统管理员', 'Manager', 'security-role', '1', '1', '1', '1', '1', '2013-05-27 08:00:00', '1', '2019-01-11 20:55:30', 'AA', '0');
INSERT INTO `sys_role` VALUES ('2', '5', '部门经理', 'dept', 'security-role', '2', '3', '1', '1', '1', '2018-12-22 22:21:56', '1', '2020-01-06 14:54:03', '', '0');
INSERT INTO `sys_role` VALUES ('3', '3', 'hr', 'hr', 'assignment', '4', '1', '1', '1', '1', '2018-08-20 14:33:33', '1', '2020-01-06 14:54:19', '', '0');
INSERT INTO `sys_role` VALUES ('4', '4', '普通用户', 'Comuser', 'assignment', '3', '8', '1', '1', '1', '2013-05-27 08:00:00', '1', '2020-01-06 14:54:30', '', '0');

-- ----------------------------
-- Table structure for sys_role_menu
-- ----------------------------
DROP TABLE IF EXISTS `sys_role_menu`;
CREATE TABLE `sys_role_menu`  (
  `role_id` varchar(64) CHARACTER SET utf8 COLLATE utf8_bin NOT NULL COMMENT '角色编号',
  `menu_id` varchar(64) CHARACTER SET utf8 COLLATE utf8_bin NOT NULL COMMENT '菜单编号',
  PRIMARY KEY (`role_id`, `menu_id`) USING BTREE
) ENGINE = InnoDB CHARACTER SET = utf8 COLLATE = utf8_bin COMMENT = '角色-菜单' ROW_FORMAT = Compact;

-- ----------------------------
-- Records of sys_role_menu
-- ----------------------------
INSERT INTO `sys_role_menu` VALUES ('1', '1');
INSERT INTO `sys_role_menu` VALUES ('1', '100');
INSERT INTO `sys_role_menu` VALUES ('1', '101');
INSERT INTO `sys_role_menu` VALUES ('1', '102');
INSERT INTO `sys_role_menu` VALUES ('1', '103');
INSERT INTO `sys_role_menu` VALUES ('1', '2');
INSERT INTO `sys_role_menu` VALUES ('1', '200');
INSERT INTO `sys_role_menu` VALUES ('1', '2000');
INSERT INTO `sys_role_menu` VALUES ('1', '2001');
INSERT INTO `sys_role_menu` VALUES ('1', '201');
INSERT INTO `sys_role_menu` VALUES ('1', '2010');
INSERT INTO `sys_role_menu` VALUES ('1', '2011');
INSERT INTO `sys_role_menu` VALUES ('1', '202');
INSERT INTO `sys_role_menu` VALUES ('1', '2020');
INSERT INTO `sys_role_menu` VALUES ('1', '2021');
INSERT INTO `sys_role_menu` VALUES ('1', '3');
INSERT INTO `sys_role_menu` VALUES ('1', '300');
INSERT INTO `sys_role_menu` VALUES ('1', '3000');
INSERT INTO `sys_role_menu` VALUES ('1', '3001');
INSERT INTO `sys_role_menu` VALUES ('1', '301');
INSERT INTO `sys_role_menu` VALUES ('1', '3010');
INSERT INTO `sys_role_menu` VALUES ('1', '3011');
INSERT INTO `sys_role_menu` VALUES ('1', '302');
INSERT INTO `sys_role_menu` VALUES ('1', '3020');
INSERT INTO `sys_role_menu` VALUES ('1', '3021');
INSERT INTO `sys_role_menu` VALUES ('1', '303');
INSERT INTO `sys_role_menu` VALUES ('1', '3030');
INSERT INTO `sys_role_menu` VALUES ('1', '3031');
INSERT INTO `sys_role_menu` VALUES ('1', '3032');
INSERT INTO `sys_role_menu` VALUES ('1', '3033');
INSERT INTO `sys_role_menu` VALUES ('1', '3034');
INSERT INTO `sys_role_menu` VALUES ('1', '3035');
INSERT INTO `sys_role_menu` VALUES ('1', '304');
INSERT INTO `sys_role_menu` VALUES ('1', '305');
INSERT INTO `sys_role_menu` VALUES ('1', '4');
INSERT INTO `sys_role_menu` VALUES ('1', '400');
INSERT INTO `sys_role_menu` VALUES ('1', '4000');
INSERT INTO `sys_role_menu` VALUES ('1', '4001');
INSERT INTO `sys_role_menu` VALUES ('1', '401');
INSERT INTO `sys_role_menu` VALUES ('1', '4010');
INSERT INTO `sys_role_menu` VALUES ('1', '4011');
INSERT INTO `sys_role_menu` VALUES ('1', '5');
INSERT INTO `sys_role_menu` VALUES ('1', '500');
INSERT INTO `sys_role_menu` VALUES ('1', '501');
INSERT INTO `sys_role_menu` VALUES ('1', '6');
INSERT INTO `sys_role_menu` VALUES ('1', '600');
INSERT INTO `sys_role_menu` VALUES ('1', '601');
INSERT INTO `sys_role_menu` VALUES ('1', '602');
INSERT INTO `sys_role_menu` VALUES ('1', '7');
INSERT INTO `sys_role_menu` VALUES ('1', '700');
INSERT INTO `sys_role_menu` VALUES ('1', '701');
INSERT INTO `sys_role_menu` VALUES ('1', '702');
INSERT INTO `sys_role_menu` VALUES ('1', '703');
INSERT INTO `sys_role_menu` VALUES ('2', '1');
INSERT INTO `sys_role_menu` VALUES ('2', '100');
INSERT INTO `sys_role_menu` VALUES ('2', '101');
INSERT INTO `sys_role_menu` VALUES ('2', '102');
INSERT INTO `sys_role_menu` VALUES ('2', '103');
INSERT INTO `sys_role_menu` VALUES ('2', '104');
INSERT INTO `sys_role_menu` VALUES ('2', '4');
INSERT INTO `sys_role_menu` VALUES ('2', '400');
INSERT INTO `sys_role_menu` VALUES ('2', '4000');
INSERT INTO `sys_role_menu` VALUES ('2', '4001');
INSERT INTO `sys_role_menu` VALUES ('2', '401');
INSERT INTO `sys_role_menu` VALUES ('2', '4010');
INSERT INTO `sys_role_menu` VALUES ('2', '4011');
INSERT INTO `sys_role_menu` VALUES ('2', '7');
INSERT INTO `sys_role_menu` VALUES ('2', '705');
INSERT INTO `sys_role_menu` VALUES ('2', '7050');
INSERT INTO `sys_role_menu` VALUES ('2', '7051');
INSERT INTO `sys_role_menu` VALUES ('3', '1');
INSERT INTO `sys_role_menu` VALUES ('3', '100');
INSERT INTO `sys_role_menu` VALUES ('3', '101');
INSERT INTO `sys_role_menu` VALUES ('3', '102');
INSERT INTO `sys_role_menu` VALUES ('3', '103');
INSERT INTO `sys_role_menu` VALUES ('3', '104');
INSERT INTO `sys_role_menu` VALUES ('3', '4');
INSERT INTO `sys_role_menu` VALUES ('3', '400');
INSERT INTO `sys_role_menu` VALUES ('3', '4000');
INSERT INTO `sys_role_menu` VALUES ('3', '4001');
INSERT INTO `sys_role_menu` VALUES ('3', '401');
INSERT INTO `sys_role_menu` VALUES ('3', '4010');
INSERT INTO `sys_role_menu` VALUES ('3', '4011');
INSERT INTO `sys_role_menu` VALUES ('3', '7');
INSERT INTO `sys_role_menu` VALUES ('3', '705');
INSERT INTO `sys_role_menu` VALUES ('3', '7050');
INSERT INTO `sys_role_menu` VALUES ('3', '7051');
INSERT INTO `sys_role_menu` VALUES ('4', '1');
INSERT INTO `sys_role_menu` VALUES ('4', '100');
INSERT INTO `sys_role_menu` VALUES ('4', '101');
INSERT INTO `sys_role_menu` VALUES ('4', '102');
INSERT INTO `sys_role_menu` VALUES ('4', '103');
INSERT INTO `sys_role_menu` VALUES ('4', '104');
INSERT INTO `sys_role_menu` VALUES ('4', '4');
INSERT INTO `sys_role_menu` VALUES ('4', '400');
INSERT INTO `sys_role_menu` VALUES ('4', '4000');
INSERT INTO `sys_role_menu` VALUES ('4', '4001');
INSERT INTO `sys_role_menu` VALUES ('4', '401');
INSERT INTO `sys_role_menu` VALUES ('4', '4010');
INSERT INTO `sys_role_menu` VALUES ('4', '4011');
INSERT INTO `sys_role_menu` VALUES ('4', '7');
INSERT INTO `sys_role_menu` VALUES ('4', '705');
INSERT INTO `sys_role_menu` VALUES ('4', '7050');
INSERT INTO `sys_role_menu` VALUES ('4', '7051');

-- ----------------------------
-- Table structure for sys_role_office
-- ----------------------------
DROP TABLE IF EXISTS `sys_role_office`;
CREATE TABLE `sys_role_office`  (
  `role_id` varchar(64) CHARACTER SET utf8 COLLATE utf8_bin NOT NULL COMMENT '角色编号',
  `office_id` varchar(64) CHARACTER SET utf8 COLLATE utf8_bin NOT NULL COMMENT '机构编号',
  PRIMARY KEY (`role_id`, `office_id`) USING BTREE
) ENGINE = InnoDB CHARACTER SET = utf8 COLLATE = utf8_bin COMMENT = '角色-机构' ROW_FORMAT = Compact;

-- ----------------------------
-- Table structure for sys_user
-- ----------------------------
DROP TABLE IF EXISTS `sys_user`;
CREATE TABLE `sys_user`  (
  `id` varchar(64) CHARACTER SET utf8 COLLATE utf8_bin NOT NULL COMMENT '编号',
  `company_id` varchar(64) CHARACTER SET utf8 COLLATE utf8_bin NOT NULL COMMENT '归属公司',
  `office_id` varchar(64) CHARACTER SET utf8 COLLATE utf8_bin NOT NULL COMMENT '归属部门',
  `login_name` varchar(100) CHARACTER SET utf8 COLLATE utf8_bin NOT NULL COMMENT '登录名',
  `password` varchar(100) CHARACTER SET utf8 COLLATE utf8_bin NOT NULL COMMENT '密码',
  `no` varchar(100) CHARACTER SET utf8 COLLATE utf8_bin NULL DEFAULT NULL COMMENT '工号',
  `name` varchar(100) CHARACTER SET utf8 COLLATE utf8_bin NOT NULL COMMENT '姓名',
  `email` varchar(200) CHARACTER SET utf8 COLLATE utf8_bin NULL DEFAULT NULL COMMENT '邮箱',
  `phone` varchar(200) CHARACTER SET utf8 COLLATE utf8_bin NULL DEFAULT NULL COMMENT '电话',
  `mobile` varchar(200) CHARACTER SET utf8 COLLATE utf8_bin NULL DEFAULT NULL COMMENT '手机',
  `user_post` char(1) CHARACTER SET utf8 COLLATE utf8_bin NULL DEFAULT NULL COMMENT '用户类型',
  `photo` varchar(1000) CHARACTER SET utf8 COLLATE utf8_bin NULL DEFAULT NULL COMMENT '用户头像',
  `login_ip` varchar(100) CHARACTER SET utf8 COLLATE utf8_bin NULL DEFAULT NULL COMMENT '最后登陆IP',
  `login_date` datetime(0) NULL DEFAULT NULL COMMENT '最后登陆时间',
  `login_flag` varchar(64) CHARACTER SET utf8 COLLATE utf8_bin NULL DEFAULT NULL COMMENT '是否可登录',
  `create_by` varchar(64) CHARACTER SET utf8 COLLATE utf8_bin NOT NULL COMMENT '创建者',
  `create_date` datetime(0) NOT NULL COMMENT '创建时间',
  `update_by` varchar(64) CHARACTER SET utf8 COLLATE utf8_bin NOT NULL COMMENT '更新者',
  `update_date` datetime(0) NOT NULL COMMENT '更新时间',
  `remarks` varchar(255) CHARACTER SET utf8 COLLATE utf8_bin NULL DEFAULT NULL COMMENT '备注信息',
  `del_flag` char(1) CHARACTER SET utf8 COLLATE utf8_bin NOT NULL DEFAULT '0' COMMENT '删除标记',
  PRIMARY KEY (`id`) USING BTREE,
  INDEX `sys_user_office_id`(`office_id`) USING BTREE,
  INDEX `sys_user_login_name`(`login_name`) USING BTREE,
  INDEX `sys_user_company_id`(`company_id`) USING BTREE,
  INDEX `sys_user_update_date`(`update_date`) USING BTREE,
  INDEX `sys_user_del_flag`(`del_flag`) USING BTREE
) ENGINE = InnoDB CHARACTER SET = utf8 COLLATE = utf8_bin COMMENT = '用户表' ROW_FORMAT = Compact;

-- ----------------------------
-- Records of sys_user
-- ----------------------------
INSERT INTO `sys_user` VALUES ('1', '1', '5', 'jsite', '57b89d1421898c692ebf98b530c3869b56d32e1e80f2bb703aba8a39', '0001', '系统管理员', 'admin@admin.com', '', '1111d', '1', '/jsite//userfiles/headphoto/1.jpg', '171.212.139.216', '2020-03-18 17:14:56', '1', '1', '2013-05-27 08:00:00', '1', '2019-08-07 17:30:46', '11221eee', '0');
INSERT INTO `sys_user` VALUES ('2', '1', '5', 'dept', '56c52163316679d8c83c84f03d44a592246d76a70bacb1da76cdc149', '000002', '部门经理', '', '', '', '2', NULL, '110.251.91.99', '2020-03-16 16:09:37', '1', '1', '2018-12-22 22:22:25', '1', '2020-01-02 13:26:34', '', '0');
INSERT INTO `sys_user` VALUES ('3', '1', '3', 'jsitehr', '7e14e4c693492493db3bc12ba2bdd9cec2629613deae9ebd9c42dac1', '000003', '人力资源', '', '', '', '4', NULL, '121.204.56.195', '2020-03-16 10:13:56', '1', '1', '2018-12-22 22:23:39', '1', '2020-01-17 08:39:51', '', '0');
INSERT INTO `sys_user` VALUES ('4', '1', '5', 'jsiteuser', '2f445129a012d18383f4fbdc9fdaca446794a89e80c384dc3a1e1f1a', '000005', '普通用户', '', '', '', '3', NULL, '120.192.58.189', '2020-02-28 14:37:56', '1', '1', '2018-12-28 13:55:56', '1', '2018-12-28 16:44:40', '', '0');

-- ----------------------------
-- Table structure for sys_user_role
-- ----------------------------
DROP TABLE IF EXISTS `sys_user_role`;
CREATE TABLE `sys_user_role`  (
  `user_id` varchar(64) CHARACTER SET utf8 COLLATE utf8_bin NOT NULL COMMENT '用户编号',
  `role_id` varchar(64) CHARACTER SET utf8 COLLATE utf8_bin NOT NULL COMMENT '角色编号',
  PRIMARY KEY (`user_id`, `role_id`) USING BTREE
) ENGINE = InnoDB CHARACTER SET = utf8 COLLATE = utf8_bin COMMENT = '用户-角色' ROW_FORMAT = Compact;

-- ----------------------------
-- Records of sys_user_role
-- ----------------------------
INSERT INTO `sys_user_role` VALUES ('1', '1');
INSERT INTO `sys_user_role` VALUES ('2', '2');
INSERT INTO `sys_user_role` VALUES ('3', '3');
INSERT INTO `sys_user_role` VALUES ('3', '4');
INSERT INTO `sys_user_role` VALUES ('4', '4');

-- ----------------------------
-- Table structure for test_data
-- ----------------------------
DROP TABLE IF EXISTS `test_data`;
CREATE TABLE `test_data`  (
  `id` varchar(64) CHARACTER SET utf8 COLLATE utf8_bin NOT NULL COMMENT '编号',
  `user_id` varchar(64) CHARACTER SET utf8 COLLATE utf8_bin NULL DEFAULT NULL COMMENT '归属用户',
  `office_id` varchar(64) CHARACTER SET utf8 COLLATE utf8_bin NULL DEFAULT NULL COMMENT '归属部门',
  `area_id` varchar(64) CHARACTER SET utf8 COLLATE utf8_bin NULL DEFAULT NULL COMMENT '归属区域',
  `name` varchar(100) CHARACTER SET utf8 COLLATE utf8_bin NULL DEFAULT NULL COMMENT '名称',
  `sex` char(1) CHARACTER SET utf8 COLLATE utf8_bin NULL DEFAULT NULL COMMENT '性别',
  `in_date` date NULL DEFAULT NULL COMMENT '加入日期',
  `create_by` varchar(64) CHARACTER SET utf8 COLLATE utf8_bin NOT NULL COMMENT '创建者',
  `create_date` datetime(0) NOT NULL COMMENT '创建时间',
  `update_by` varchar(64) CHARACTER SET utf8 COLLATE utf8_bin NOT NULL COMMENT '更新者',
  `update_date` datetime(0) NOT NULL COMMENT '更新时间',
  `remarks` varchar(255) CHARACTER SET utf8 COLLATE utf8_bin NULL DEFAULT NULL COMMENT '备注信息',
  `del_flag` char(1) CHARACTER SET utf8 COLLATE utf8_bin NOT NULL DEFAULT '0' COMMENT '删除标记',
  PRIMARY KEY (`id`) USING BTREE,
  INDEX `test_data_del_flag`(`del_flag`) USING BTREE
) ENGINE = InnoDB CHARACTER SET = utf8 COLLATE = utf8_bin COMMENT = '业务数据表' ROW_FORMAT = Compact;

-- ----------------------------
-- Records of test_data
-- ----------------------------
INSERT INTO `test_data` VALUES ('01383a5f7ec84434b3723170aceb47b6', '56620c5ef567427c8debe68875c0eda2', '5', '015345144e9e40d6bbe832a9f1cba1f7', '', '', NULL, '1', '2019-02-26 14:56:58', '1', '2019-02-26 14:56:58', '', '1');
INSERT INTO `test_data` VALUES ('02d6f2a577d7486c8f98d4745a1d01c5', '4', '4', '', '', '', NULL, '1', '2020-03-03 15:19:58', '1', '2020-03-03 15:19:58', '', '0');
INSERT INTO `test_data` VALUES ('0709c77e68bd40d090c7cb1e9aa85f07', '3', '3', 'da2da01621b64be5a85b07a8c883228f', '', '', NULL, '1', '2019-03-13 22:48:19', '1', '2019-03-13 22:48:19', '', '1');
INSERT INTO `test_data` VALUES ('09548470b6cd4b13bba5d632e1d993f9', '43f6a4a84e784e5e98b5b1c530bef73b', '4', 'f762fb569d8445f28a226a9b831cfb90', '美团外卖', '男', '2019-01-28', '1', '2019-01-28 09:58:24', '1', '2019-02-25 09:45:51', '呃呃呃d', '1');
INSERT INTO `test_data` VALUES ('1308ea640764443898a5673b3712c447', '', '', '', '', '', NULL, '1', '2019-01-03 01:55:41', '1', '2019-01-03 01:55:41', '', '1');
INSERT INTO `test_data` VALUES ('1e795ae9156a4b23992fb583ec2e53b6', '3', '3', 'da2da01621b64be5a85b07a8c883228f', '发发', '女', '2019-04-12', '1', '2019-04-12 01:29:13', '1', '2019-04-12 01:29:13', '暗示法法师', '1');
INSERT INTO `test_data` VALUES ('2864a7f9ec2243218ab0ac03f1da410d', '56620c5ef567427c8debe68875c0eda2', '5', 'f762fb569d8445f28a226a9b831cfb90', '', '', NULL, '1', '2019-02-28 10:42:50', '1', '2019-02-28 10:42:50', '', '1');
INSERT INTO `test_data` VALUES ('2bb40c327b974c7e8dcf13ad31429072', '4', '1834d4fdba4a4a8b94a905fa2f4f83fb', 'da2da01621b64be5a85b07a8c883228f', '张琨', '', NULL, '1', '2019-03-01 16:53:43', '1', '2019-03-01 16:53:43', '', '1');
INSERT INTO `test_data` VALUES ('3d69c848d3ce404eb41bc8a219a6fe62', '3', '3', 'f762fb569d8445f28a226a9b831cfb90', 'jjjjj', '', NULL, '1', '2019-04-11 01:58:46', '1', '2019-04-11 01:58:46', '', '1');
INSERT INTO `test_data` VALUES ('44069377d5d545bf9829634086a15346', '3', '1', '1', '中国测试', '男', '2019-05-10', '1', '2019-05-10 16:08:29', '1', '2019-05-27 17:28:57', 'ddddd', '0');
INSERT INTO `test_data` VALUES ('4491abf519834a078b307fcfb1aee334', '56620c5ef567427c8debe68875c0eda2', '3', '', '', '', NULL, '1', '2019-01-02 11:19:24', '1', '2019-01-02 11:19:24', '', '1');
INSERT INTO `test_data` VALUES ('4d9402977fd04c90a64b79b0b1b1d333', '3', '4', '16166c3ecb954be0ad47159c087cd8af', '质量检查', '订', NULL, '1', '2019-05-29 19:32:17', '1', '2020-03-09 11:01:32', '质量检查', '1');
INSERT INTO `test_data` VALUES ('4da752d01e904cf691fd1e99563d5ef6', '3', '4', 'da2da01621b64be5a85b07a8c883228f', '11', '1', NULL, '1', '2019-03-14 09:16:48', '1', '2019-03-16 16:02:56', '1', '1');
INSERT INTO `test_data` VALUES ('5175cc88b1c44c30925e441118f4d482', '1', '1', '1', 'sbww', '', NULL, '1', '2020-01-09 23:45:01', '1', '2020-01-09 23:45:01', 'sdaf', '0');
INSERT INTO `test_data` VALUES ('5236322296bb49e0bffc05ce6f747fb4', '1', '1', '1', '', '', NULL, '1', '2020-01-14 11:18:13', '1', '2020-01-16 20:57:10', '', '0');
INSERT INTO `test_data` VALUES ('54e1a54b6b1f4176a49d7cb9645a5e56', '1', '1', '1', 'asdasd', 'a', NULL, '1', '2020-01-10 08:57:55', '1', '2020-01-10 13:16:14', '', '0');
INSERT INTO `test_data` VALUES ('67c875cab94b4ad6a2bcd5e2d1965871', 'ac1f0f2eda8042738b1ca021201e0e2f', 'ac1f0f2eda8042738b1ca021201e0e2f', '015345144e9e40d6bbe832a9f1cba1f7', '', '', NULL, '1', '2019-04-12 11:28:57', '1', '2019-04-12 11:28:57', '', '1');
INSERT INTO `test_data` VALUES ('6f313437e7cd4c3da54be0ec2f296967', '3', '3', 'f762fb569d8445f28a226a9b831cfb90', '恩恩', '嘻', NULL, '1', '2020-01-06 13:32:11', '1', '2020-01-06 13:32:29', '', '0');
INSERT INTO `test_data` VALUES ('765125f4b06f4654ae26fc1095d2a019', '43f6a4a84e784e5e98b5b1c530bef73b', '3', 'f762fb569d8445f28a226a9b831cfb90', '智能客情', '', '2019-01-30', '1', '2019-01-28 15:26:36', '1', '2019-01-31 15:29:23', '', '1');
INSERT INTO `test_data` VALUES ('7b485d544ed443e4b4f071fd53a4139f', 'f3a7fb53be0448aaa7b3e20d81d58207', '', 'f762fb569d8445f28a226a9b831cfb90', '', '', NULL, '1', '2019-05-05 22:08:10', '1', '2019-05-05 22:08:10', '', '0');
INSERT INTO `test_data` VALUES ('7c0a0ccb7dbe4b76baaf8cb9afd83524', '56620c5ef567427c8debe68875c0eda2', '5', '015345144e9e40d6bbe832a9f1cba1f7', '', '', NULL, '1', '2019-01-31 15:29:41', '1', '2019-01-31 15:29:41', '', '1');
INSERT INTO `test_data` VALUES ('7ee9f3655fe44f33b1cdd632535ecb4d', '3', '4', 'f762fb569d8445f28a226a9b831cfb90', '', '', NULL, '1', '2020-02-17 23:20:17', '1', '2020-02-17 23:20:17', '', '1');
INSERT INTO `test_data` VALUES ('7f00483f1d574cfebe9990cdd0657435', '', '', '', '', '', NULL, '1', '2019-03-15 12:48:06', '1', '2019-03-15 12:48:06', '', '1');
INSERT INTO `test_data` VALUES ('882996ee70c44ab4b0333afdc5351e8c', 'a1694d423a444b6e932fe1a4cad11f53', 'a1694d423a444b6e932fe1a4cad11f53', 'da2da01621b64be5a85b07a8c883228f', 'test01', '', NULL, '1', '2019-04-12 11:32:44', '1', '2019-05-05 22:08:23', '', '0');
INSERT INTO `test_data` VALUES ('8d82e39ec4154f7487b9ac983abd021e', '56620c5ef567427c8debe68875c0eda2', '3', 'da2da01621b64be5a85b07a8c883228f', '系统监控', '1', '2019-03-06', '1', '2019-03-06 08:32:52', '1', '2019-04-01 21:22:15', '', '1');
INSERT INTO `test_data` VALUES ('957013aa02404a43a288853ec7716d61', '1', '3', 'da2da01621b64be5a85b07a8c883228f', '111', 'f', '2019-01-30', '1', '2019-01-30 16:24:42', '1', '2019-03-02 17:15:43', 'ff', '1');
INSERT INTO `test_data` VALUES ('9e6776cc39a1473cba0b280b41cbe988', '2', '5', '3fbaf3a3f58a47118f13976cb2e2544d', '北京', '', NULL, '1', '2019-04-03 13:42:22', '1', '2019-04-15 16:21:16', '', '0');
INSERT INTO `test_data` VALUES ('a58232169dd7418a9d62f88a19a49860', '', '3', 'da2da01621b64be5a85b07a8c883228f', '', '', NULL, '1', '2019-03-20 15:03:54', '1', '2019-03-25 00:17:49', '', '1');
INSERT INTO `test_data` VALUES ('ab44fc81912f4cafb7bf0856b266c026', 'a1694d423a444b6e932fe1a4cad11f53', '30808ed5d34f4e64b5d9d93ff0967f0d', '3fbaf3a3f58a47118f13976cb2e2544d', 'xxx', 'x', '2019-05-07', '1', '2019-05-07 16:52:31', '1', '2019-05-07 16:52:31', 'xxxxx', '0');
INSERT INTO `test_data` VALUES ('afe7545608304f05b79246285e05affc', '1', '5', 'f762fb569d8445f28a226a9b831cfb90', 'test_my', 'm', '2019-01-28', '1', '2019-01-28 18:01:20', '1', '2019-01-28 18:01:20', '', '1');
INSERT INTO `test_data` VALUES ('b1263ec2813a4ccdbebdc3060fe94c96', '3', '5', 'da2da01621b64be5a85b07a8c883228f', '', '', NULL, '1', '2019-03-26 17:49:46', '1', '2019-03-26 17:49:46', '', '1');
INSERT INTO `test_data` VALUES ('b714a70961564d2b9b20556f06817df4', '1', '3', 'da2da01621b64be5a85b07a8c883228f', '', '', NULL, '1', '2019-01-14 09:52:38', '1', '2019-01-14 09:52:38', '', '1');
INSERT INTO `test_data` VALUES ('ba7c670abe4a49d1af8ded2256810f36', '56620c5ef567427c8debe68875c0eda2', '5', '1', '', 'a', '2019-01-08', '1', '2019-01-08 16:12:42', '1', '2019-01-10 19:00:11', 'aaaaaaa', '1');
INSERT INTO `test_data` VALUES ('bbd94222359142af97c01e5f9920ea32', '56620c5ef567427c8debe68875c0eda2', '4', '3fbaf3a3f58a47118f13976cb2e2544d', '改革', '', '2019-01-02', '1', '2019-01-02 11:10:22', '1', '2019-01-24 16:55:50', '', '1');
INSERT INTO `test_data` VALUES ('c59589dba7fd454bb73593f8d692b07c', '', '', '', '', '', NULL, '1', '2019-06-01 15:26:57', '1', '2019-06-01 15:26:57', '', '0');
INSERT INTO `test_data` VALUES ('cae0e3f27fd54a9f91645d4d503cbb78', '4', '3', 'da2da01621b64be5a85b07a8c883228f', 'ccc', '1', '2019-03-18', '1', '2019-03-18 18:10:02', '1', '2019-03-19 22:42:52', '', '1');
INSERT INTO `test_data` VALUES ('d4df25cb179b4e158c6f0e38342c67aa', '3', '4', 'da2da01621b64be5a85b07a8c883228f', '88', '', NULL, '1', '2020-01-17 17:22:23', '1', '2020-01-17 17:22:43', '', '0');
INSERT INTO `test_data` VALUES ('dd4b760594de4228ab01c48f508e6994', '1', '1', '1', '啊啊', 'n', '2019-05-05', '1', '2019-05-05 18:17:01', '1', '2019-05-05 18:17:01', 'sdaf', '0');
INSERT INTO `test_data` VALUES ('e3391cb15ebb4562874bbac1fb30da12', '1', '4', '', '00826622', '', NULL, '1', '2019-01-30 15:40:41', '1', '2019-01-30 15:40:41', '', '1');
INSERT INTO `test_data` VALUES ('e55163dab0e74737968584bc6c2d7507', '43f6a4a84e784e5e98b5b1c530bef73b', '3', 'da2da01621b64be5a85b07a8c883228f', '', '', '2019-01-02', '1', '2019-01-02 13:07:00', '1', '2019-01-02 13:07:00', '', '1');
INSERT INTO `test_data` VALUES ('e5ced960dabe403e880706695fd44c4b', '3', '3', 'f762fb569d8445f28a226a9b831cfb90', 'FF', '男', '2019-05-16', '1', '2019-05-16 15:29:04', '1', '2019-05-16 15:29:25', '水电费', '1');
INSERT INTO `test_data` VALUES ('e74d0a99dbff4659a818b250199f00e2', '56620c5ef567427c8debe68875c0eda2', '3', 'f762fb569d8445f28a226a9b831cfb90', '111', '男', '2019-02-21', '1', '2019-02-21 16:12:32', '1', '2019-02-25 09:45:56', 'd', '1');
INSERT INTO `test_data` VALUES ('f67da4bbbb7648148285897c0e41c88d', '', '', '', '', '', NULL, '1', '2019-05-29 12:19:29', '1', '2019-05-29 12:19:29', '', '1');
INSERT INTO `test_data` VALUES ('fe4b265a02ac481d8a83cfdb4b5e2b38', '4', '1', '1', 'test', '', NULL, '1', '2020-01-13 16:49:53', '1', '2020-03-10 18:05:14', '', '0');

-- ----------------------------
-- Table structure for test_data_child
-- ----------------------------
DROP TABLE IF EXISTS `test_data_child`;
CREATE TABLE `test_data_child`  (
  `id` varchar(64) CHARACTER SET utf8 COLLATE utf8_bin NOT NULL COMMENT '编号',
  `test_data_main_id` varchar(64) CHARACTER SET utf8 COLLATE utf8_bin NULL DEFAULT NULL COMMENT '业务主表ID',
  `name` varchar(100) CHARACTER SET utf8 COLLATE utf8_bin NULL DEFAULT NULL COMMENT '名称',
  `create_by` varchar(64) CHARACTER SET utf8 COLLATE utf8_bin NOT NULL COMMENT '创建者',
  `create_date` datetime(0) NOT NULL COMMENT '创建时间',
  `update_by` varchar(64) CHARACTER SET utf8 COLLATE utf8_bin NOT NULL COMMENT '更新者',
  `update_date` datetime(0) NOT NULL COMMENT '更新时间',
  `remarks` varchar(255) CHARACTER SET utf8 COLLATE utf8_bin NULL DEFAULT NULL COMMENT '备注信息',
  `del_flag` char(1) CHARACTER SET utf8 COLLATE utf8_bin NOT NULL DEFAULT '0' COMMENT '删除标记',
  PRIMARY KEY (`id`) USING BTREE,
  INDEX `test_data_child_del_flag`(`del_flag`) USING BTREE
) ENGINE = InnoDB CHARACTER SET = utf8 COLLATE = utf8_bin COMMENT = '业务数据子表' ROW_FORMAT = Compact;

-- ----------------------------
-- Records of test_data_child
-- ----------------------------
INSERT INTO `test_data_child` VALUES ('01486928eb214626b6d2289c37e4af65', '8d312ac090e14a2ba79c3cd9d4bc53c8', 'ewewe', '1', '2020-01-10 13:35:15', '1', '2020-01-10 13:35:15', '', '1');
INSERT INTO `test_data_child` VALUES ('0762990f4c2347149a3f64dd74e4892d', 'cf0ca8a9fbb142cc826d2af75164fdc3', 'dsfdf', '1', '2019-04-01 13:10:29', '1', '2019-04-01 13:10:29', 'gfgf', '0');
INSERT INTO `test_data_child` VALUES ('0cebe5ebe21a4e8db4cc73d4609677d0', '832c429504574bb39b2f42a5f7c1e33d', '', '1', '2020-02-23 21:19:46', '1', '2020-02-23 21:19:46', '', '0');
INSERT INTO `test_data_child` VALUES ('0fec8507383444d7b6b3cd0d0d8c2817', NULL, '12121', '1', '2019-04-13 14:16:47', '1', '2019-06-04 15:33:06', '1212', '0');
INSERT INTO `test_data_child` VALUES ('2357df346f1642d99a15a49e1be09cfb', '40a0fd9625e742f19e310a9469341260', 'aaabb', '1', '2019-01-04 15:59:34', '1', '2019-01-04 15:59:34', 'abbb', '1');
INSERT INTO `test_data_child` VALUES ('2ae73764e7b84f4292218d18ad87b8de', 'f9422e63fcc94319a8e2cbb0b53a1120', '', '1', '2019-02-25 16:53:58', '1', '2019-02-25 16:53:58', '', '1');
INSERT INTO `test_data_child` VALUES ('3a0b078939154c02a56be126c38b9a4c', '2298e9fe6bcc47db9707f308d02414cf', '2222', '1', '2019-03-20 17:57:39', '1', '2019-03-20 17:57:39', '2222', '0');
INSERT INTO `test_data_child` VALUES ('3e425fcb69de4bdeaf1293bde7920899', NULL, '123123', '1', '2019-04-13 14:16:47', '1', '2019-06-04 15:33:06', '123123', '0');
INSERT INTO `test_data_child` VALUES ('40122aace3044a46afdf14d7e44fddec', '40a0fd9625e742f19e310a9469341260', '1', '1', '2019-03-25 10:36:33', '1', '2019-03-25 10:36:33', '1', '0');
INSERT INTO `test_data_child` VALUES ('40844af4b30d4da6b89a57abdcda676a', NULL, '123123', '1', '2019-04-13 14:16:47', '1', '2019-06-04 15:33:06', '1231231', '0');
INSERT INTO `test_data_child` VALUES ('4bd2b735a42b478eaa2423f41de079d0', NULL, '收到', '1', '2019-02-25 16:56:11', '1', '2019-03-25 10:36:33', 'asfd', '0');
INSERT INTO `test_data_child` VALUES ('4ea3065da8ea4d3eba50403cf2c29972', NULL, 'werw', '1', '2019-01-21 09:20:52', '1', '2019-02-25 16:56:37', '44', '0');
INSERT INTO `test_data_child` VALUES ('4fd234bb5ba147cf8103ab5e97ff0a08', NULL, '333', '1', '2019-01-05 21:49:14', '1', '2019-01-05 21:55:37', '444', '0');
INSERT INTO `test_data_child` VALUES ('57e03ba66d3f43149b5d3683ae59bf68', '012a96dea26f428aa8052072292c2a87', '111', '1', '2020-02-23 21:19:55', '1', '2020-02-23 21:19:55', '', '0');
INSERT INTO `test_data_child` VALUES ('5ad9527740534f518fd03df5504e8311', '8f7f90c21d7248a6a9f231b904b04d39', '', '1', '2019-03-03 19:49:38', '1', '2019-03-03 19:49:38', '', '0');
INSERT INTO `test_data_child` VALUES ('5b238dd8864a4afcb376936591dc373e', '135e474961044a42b1d480c7dfe816f0', '是', '1', '2019-02-25 16:56:50', '1', '2019-02-25 16:56:50', '2222', '0');
INSERT INTO `test_data_child` VALUES ('5c393aca623f49b9badf54ff44463fb6', NULL, 'testtbl1', '1', '2019-01-11 18:15:43', '1', '2019-01-21 09:20:52', '', '0');
INSERT INTO `test_data_child` VALUES ('602c718de7e64281a5d72845aa5348ed', '8f7f90c21d7248a6a9f231b904b04d39', '', '1', '2019-03-03 19:49:38', '1', '2019-03-03 19:49:38', '', '0');
INSERT INTO `test_data_child` VALUES ('609adb32576748539919acf48e902d3d', NULL, '测试子表', '1', '2019-02-25 16:53:58', '1', '2019-02-25 16:56:22', '', '0');
INSERT INTO `test_data_child` VALUES ('68fd0ae27b3b47c0a90d188b290a8384', '1aa274239ae040acac49e132de1eeb0d', '地方三房', '1', '2019-03-15 14:40:45', '1', '2019-03-15 14:40:45', '发送', '0');
INSERT INTO `test_data_child` VALUES ('6c4be2cc266c44baa087d6a71dfee9e2', NULL, 'wre', '1', '2019-01-07 13:35:47', '1', '2019-01-08 11:53:29', 'ewr', '0');
INSERT INTO `test_data_child` VALUES ('6cbf4b86873840c08954387b3898084d', NULL, 'rwerw', '1', '2019-01-07 13:35:47', '1', '2019-01-08 11:53:29', 'erwewr', '0');
INSERT INTO `test_data_child` VALUES ('6ef7e924ed704747a0e8c5473f152f0a', NULL, '', '1', '2019-01-29 19:13:09', '1', '2019-01-30 22:06:05', '', '0');
INSERT INTO `test_data_child` VALUES ('75b9a6dd4f28482fb56c8021ec749197', '0514f4e253f645e680e7acf9ad9c4bef', '', '1', '2019-04-02 09:50:58', '1', '2019-04-02 09:50:58', '', '1');
INSERT INTO `test_data_child` VALUES ('87dc993eb5264f66be64d253e5fa6933', '40a0fd9625e742f19e310a9469341260', '123213', '1', '2019-02-25 16:53:08', '1', '2019-02-25 16:53:08', '21421313213', '1');
INSERT INTO `test_data_child` VALUES ('89d2e2e7ed214dc094bf6cedc711148c', 'f9422e63fcc94319a8e2cbb0b53a1120', '222222', '1', '2019-03-03 19:49:58', '1', '2019-03-03 19:49:58', '22222', '0');
INSERT INTO `test_data_child` VALUES ('9b9b80c449904d1db187cccd3f01db04', '0514f4e253f645e680e7acf9ad9c4bef', '', '1', '2019-04-02 09:50:58', '1', '2019-04-02 09:50:58', '', '1');
INSERT INTO `test_data_child` VALUES ('a1e907508a8d4502a84cb27d2bf0a260', NULL, '11', '1', '2019-04-08 21:21:02', '1', '2019-05-19 15:38:43', '11', '0');
INSERT INTO `test_data_child` VALUES ('a29be038d7634c1cba8f9c16de7c6cc4', '832c429504574bb39b2f42a5f7c1e33d', '444', '1', '2020-01-07 22:06:56', '1', '2020-01-07 22:06:56', '45646456', '1');
INSERT INTO `test_data_child` VALUES ('a6b8d00d29664df99bf6dbecb08f719b', 'c557c0a63c854975beed9ec276129b3f', 'sfsadf', '1', '2019-01-02 12:28:28', '1', '2019-01-02 12:28:28', 'sadf', '1');
INSERT INTO `test_data_child` VALUES ('ae53651e705449a0b14d49a53fd38184', 'f9422e63fcc94319a8e2cbb0b53a1120', '22222', '1', '2019-03-03 19:49:58', '1', '2019-03-03 19:49:58', '2222222222', '0');
INSERT INTO `test_data_child` VALUES ('b49de329fb6f4663b026576eab6cb729', NULL, '111', '1', '2019-01-05 21:49:14', '1', '2019-01-05 21:55:37', '222', '0');
INSERT INTO `test_data_child` VALUES ('b4d0a97e71fb472b89a99948bd7820df', '72416d03367448ac9298f2f80573c4fb', '', '1', '2019-02-26 14:57:14', '1', '2019-02-26 14:57:14', '', '0');
INSERT INTO `test_data_child` VALUES ('b616f755ff89413482dad12bfa61a167', NULL, 'asfd', '1', '2019-02-25 16:56:37', '1', '2019-02-25 16:56:50', 'sdf', '0');
INSERT INTO `test_data_child` VALUES ('b7a0e143c155407588fece3039360ded', 'cf0ca8a9fbb142cc826d2af75164fdc3', 'fdsfd', '1', '2019-04-01 13:10:29', '1', '2019-04-01 13:10:29', 'dfsdf', '0');
INSERT INTO `test_data_child` VALUES ('be693b17d3214f5dbb4285e07d1fd3aa', NULL, '', '1', '2019-01-29 19:13:09', '1', '2019-01-30 22:06:05', '', '0');
INSERT INTO `test_data_child` VALUES ('bf2028ae232647b39f117e7a121aed6f', '72416d03367448ac9298f2f80573c4fb', '', '1', '2019-02-26 14:57:14', '1', '2019-02-26 14:57:14', '', '0');
INSERT INTO `test_data_child` VALUES ('c00d88eb0eea4bd496cce09b4c5e6025', 'cf0ca8a9fbb142cc826d2af75164fdc3', 'dsfsd', '1', '2019-04-01 13:10:29', '1', '2019-04-01 13:10:29', 'sdfsdfsd', '0');
INSERT INTO `test_data_child` VALUES ('c048e370336e41bb92c7f45791aa4872', NULL, 'erwrw', '1', '2019-01-07 13:35:47', '1', '2019-01-08 11:53:29', 'rewrew', '0');
INSERT INTO `test_data_child` VALUES ('c264f20204c04f7fbe1cd96e80e11f47', NULL, 'ddd', '1', '2019-01-30 22:06:05', '1', '2019-02-25 09:46:11', 'ddd', '0');
INSERT INTO `test_data_child` VALUES ('c7cda1f2e6b444afa68f78970b32d77d', '2298e9fe6bcc47db9707f308d02414cf', '11111', '1', '2019-03-20 17:57:39', '1', '2019-03-20 17:57:39', '11111', '0');
INSERT INTO `test_data_child` VALUES ('c9988aa5a78042e5aa51a34996006adb', '82331375175a4a8ebddc0aa11c09fc02', '', '1', '2019-04-19 14:03:21', '1', '2019-04-19 14:03:21', '', '0');
INSERT INTO `test_data_child` VALUES ('cf664108e25343ada1cef9185510dbcb', '832c429504574bb39b2f42a5f7c1e33d', '', '1', '2020-02-23 21:19:46', '1', '2020-02-23 21:19:46', '', '0');
INSERT INTO `test_data_child` VALUES ('da097b02c67640c88f51ddab62f6097a', NULL, '', '1', '2019-03-07 16:52:52', '1', '2019-03-15 14:40:17', '', '0');
INSERT INTO `test_data_child` VALUES ('e09ddbd55180465f9a8ab4dc8e6fd990', '838616e721d440c88c56605aee981c99', '', '1', '2019-01-07 09:40:27', '1', '2019-01-07 09:40:27', '', '1');
INSERT INTO `test_data_child` VALUES ('e1ada6eb1b004e5da5df693b4b02a3c9', 'f9422e63fcc94319a8e2cbb0b53a1120', '', '1', '2019-02-25 16:53:58', '1', '2019-02-25 16:53:58', '', '1');
INSERT INTO `test_data_child` VALUES ('e25c048833974c4ca4908c00caaaa299', 'f9422e63fcc94319a8e2cbb0b53a1120', '', '1', '2019-03-03 19:49:58', '1', '2019-03-03 19:49:58', '', '0');
INSERT INTO `test_data_child` VALUES ('e4f228d237204430a18eeea8101c7a1f', '40a0fd9625e742f19e310a9469341260', 'bbbbcc', '1', '2019-01-04 15:59:34', '1', '2019-01-04 15:59:34', 'ccdd', '1');
INSERT INTO `test_data_child` VALUES ('e853549c46154b07b1d62085958e21d4', '8d312ac090e14a2ba79c3cd9d4bc53c8', 'wwww', '1', '2020-01-10 13:35:15', '1', '2020-01-10 13:35:15', '', '1');
INSERT INTO `test_data_child` VALUES ('f1c77a564b924e948ab5c193aab3b27d', NULL, 'werw', '1', '2019-01-21 09:20:42', '1', '2019-01-26 10:53:42', 'aew', '0');
INSERT INTO `test_data_child` VALUES ('f5c7be0c8f2740dc82004d08fc596ecc', '012a96dea26f428aa8052072292c2a87', '222', '1', '2020-02-23 21:19:56', '1', '2020-02-23 21:19:56', '', '0');
INSERT INTO `test_data_child` VALUES ('f65f6099f4db4f6aac5dfda733f8697f', '8f7f90c21d7248a6a9f231b904b04d39', '', '1', '2019-03-03 19:49:38', '1', '2019-03-03 19:49:38', '', '0');
INSERT INTO `test_data_child` VALUES ('fc4114fd1b8b4cd2aac56c4ce202247b', NULL, '11', '1', '2019-04-08 21:21:02', '1', '2019-05-19 15:38:43', '111', '0');
INSERT INTO `test_data_child` VALUES ('ffebe89e782440e5bf5009e5dc646cc1', 'f9422e63fcc94319a8e2cbb0b53a1120', '222222', '1', '2019-03-03 19:49:58', '1', '2019-03-03 19:49:58', '2222', '0');

-- ----------------------------
-- Table structure for test_data_main
-- ----------------------------
DROP TABLE IF EXISTS `test_data_main`;
CREATE TABLE `test_data_main`  (
  `id` varchar(64) CHARACTER SET utf8 COLLATE utf8_bin NOT NULL COMMENT '编号',
  `user_id` varchar(64) CHARACTER SET utf8 COLLATE utf8_bin NULL DEFAULT NULL COMMENT '归属用户',
  `office_id` varchar(64) CHARACTER SET utf8 COLLATE utf8_bin NULL DEFAULT NULL COMMENT '归属部门',
  `area_id` varchar(64) CHARACTER SET utf8 COLLATE utf8_bin NULL DEFAULT NULL COMMENT '归属区域',
  `name` varchar(100) CHARACTER SET utf8 COLLATE utf8_bin NULL DEFAULT NULL COMMENT '名称',
  `sex` char(1) CHARACTER SET utf8 COLLATE utf8_bin NULL DEFAULT NULL COMMENT '性别',
  `in_date` date NULL DEFAULT NULL COMMENT '加入日期',
  `create_by` varchar(64) CHARACTER SET utf8 COLLATE utf8_bin NOT NULL COMMENT '创建者',
  `create_date` datetime(0) NOT NULL COMMENT '创建时间',
  `update_by` varchar(64) CHARACTER SET utf8 COLLATE utf8_bin NOT NULL COMMENT '更新者',
  `update_date` datetime(0) NOT NULL COMMENT '更新时间',
  `remarks` varchar(255) CHARACTER SET utf8 COLLATE utf8_bin NULL DEFAULT NULL COMMENT '备注信息',
  `del_flag` char(1) CHARACTER SET utf8 COLLATE utf8_bin NOT NULL DEFAULT '0' COMMENT '删除标记',
  PRIMARY KEY (`id`) USING BTREE,
  INDEX `test_data_main_del_flag`(`del_flag`) USING BTREE
) ENGINE = InnoDB CHARACTER SET = utf8 COLLATE = utf8_bin COMMENT = '业务数据表' ROW_FORMAT = Compact;

-- ----------------------------
-- Records of test_data_main
-- ----------------------------
INSERT INTO `test_data_main` VALUES ('012a96dea26f428aa8052072292c2a87', '', '', '', '', '', NULL, '1', '2020-02-23 21:19:55', '1', '2020-02-23 21:19:55', '', '0');
INSERT INTO `test_data_main` VALUES ('0514f4e253f645e680e7acf9ad9c4bef', '', '', '', '', '', '2019-05-19', '1', '2019-04-02 09:50:58', '1', '2019-05-19 15:38:43', '', '0');
INSERT INTO `test_data_main` VALUES ('135e474961044a42b1d480c7dfe816f0', '3', '4', 'f762fb569d8445f28a226a9b831cfb90', '站点', '难', '2019-01-05', '1', '2019-01-05 21:49:14', '1', '2019-02-25 16:56:50', '', '0');
INSERT INTO `test_data_main` VALUES ('1aa274239ae040acac49e132de1eeb0d', '1', '3', 'da2da01621b64be5a85b07a8c883228f', '', '', NULL, '1', '2019-03-07 16:52:52', '1', '2019-03-15 14:40:45', '', '0');
INSERT INTO `test_data_main` VALUES ('2298e9fe6bcc47db9707f308d02414cf', '', '', '', '', '', NULL, '1', '2019-03-20 17:57:39', '1', '2019-03-20 17:57:39', '', '0');
INSERT INTO `test_data_main` VALUES ('40a0fd9625e742f19e310a9469341260', '68225048f4b7465293feb9779448d0af', '5', '3fbaf3a3f58a47118f13976cb2e2544d', 'aaaabbb', 'a', '2019-01-04', '1', '2019-01-04 15:59:34', '1', '2019-03-25 10:36:33', 'aaa', '0');
INSERT INTO `test_data_main` VALUES ('72416d03367448ac9298f2f80573c4fb', '', '', '', '', '', NULL, '1', '2019-02-26 14:57:14', '1', '2019-02-26 14:57:14', '', '0');
INSERT INTO `test_data_main` VALUES ('82331375175a4a8ebddc0aa11c09fc02', '', '', '', '', '', NULL, '1', '2019-04-19 14:03:21', '1', '2019-04-19 14:03:21', '', '0');
INSERT INTO `test_data_main` VALUES ('832c429504574bb39b2f42a5f7c1e33d', '3', '3', '16166c3ecb954be0ad47159c087cd8af', '工作会', 'a', '2019-04-13', '1', '2019-04-13 14:16:47', '1', '2020-02-23 21:19:46', '', '0');
INSERT INTO `test_data_main` VALUES ('838616e721d440c88c56605aee981c99', '', '', '', '', '', NULL, '1', '2019-01-07 09:40:27', '1', '2019-01-07 09:40:27', '', '1');
INSERT INTO `test_data_main` VALUES ('8d312ac090e14a2ba79c3cd9d4bc53c8', '', '', '', '', '', NULL, '1', '2020-01-10 13:35:15', '1', '2020-01-10 13:35:15', '', '1');
INSERT INTO `test_data_main` VALUES ('8f7f90c21d7248a6a9f231b904b04d39', '', '', '', '', '', NULL, '1', '2019-03-03 19:49:38', '1', '2019-03-03 19:49:38', '', '0');
INSERT INTO `test_data_main` VALUES ('bf07d5f74023446db5b070e25bbdae26', '4', '3', 'f762fb569d8445f28a226a9b831cfb90', '', 'a', NULL, '1', '2019-01-02 12:28:49', '1', '2019-01-02 17:27:17', 'asdf', '1');
INSERT INTO `test_data_main` VALUES ('c557c0a63c854975beed9ec276129b3f', '', '', '', '', '', NULL, '1', '2019-01-02 12:28:28', '1', '2019-01-02 12:28:28', '', '1');
INSERT INTO `test_data_main` VALUES ('ccd6f2f4e93d47f38d299c520ad6979b', '', '', '', '', '', NULL, '1', '2019-12-19 11:49:43', '1', '2019-12-19 11:49:43', '', '1');
INSERT INTO `test_data_main` VALUES ('cf0ca8a9fbb142cc826d2af75164fdc3', '3', '30808ed5d34f4e64b5d9d93ff0967f0d', '3fbaf3a3f58a47118f13976cb2e2544d', '', '', NULL, '1', '2019-04-01 13:10:29', '1', '2019-04-01 13:10:29', '', '0');
INSERT INTO `test_data_main` VALUES ('f9422e63fcc94319a8e2cbb0b53a1120', '171eb600266c4d32998c7265a20a8648', '5', 'f762fb569d8445f28a226a9b831cfb90', '测试', '', '2019-02-25', '1', '2019-02-25 16:53:58', '1', '2019-03-03 19:49:58', '测试主子', '0');

-- ----------------------------
-- Table structure for test_tree
-- ----------------------------
DROP TABLE IF EXISTS `test_tree`;
CREATE TABLE `test_tree`  (
  `id` varchar(64) CHARACTER SET utf8 COLLATE utf8_bin NOT NULL COMMENT '编号',
  `parent_id` varchar(64) CHARACTER SET utf8 COLLATE utf8_bin NOT NULL COMMENT '父级编号',
  `parent_ids` varchar(2000) CHARACTER SET utf8 COLLATE utf8_bin NOT NULL COMMENT '所有父级编号',
  `name` varchar(100) CHARACTER SET utf8 COLLATE utf8_bin NULL DEFAULT NULL COMMENT '名称',
  `sort` decimal(10, 0) NULL DEFAULT NULL COMMENT '排序',
  `tree_leaf` char(1) CHARACTER SET utf8 COLLATE utf8_bin NULL DEFAULT NULL COMMENT '是否树形叶子节点（0:不是,1:是）',
  `tree_level` decimal(4, 0) NULL DEFAULT NULL COMMENT '树形层级(0:根级)',
  `create_by` varchar(64) CHARACTER SET utf8 COLLATE utf8_bin NOT NULL COMMENT '创建者',
  `create_date` datetime(0) NOT NULL COMMENT '创建时间',
  `update_by` varchar(64) CHARACTER SET utf8 COLLATE utf8_bin NOT NULL COMMENT '更新者',
  `update_date` datetime(0) NOT NULL COMMENT '更新时间',
  `remarks` varchar(255) CHARACTER SET utf8 COLLATE utf8_bin NULL DEFAULT NULL COMMENT '备注信息',
  `del_flag` char(1) CHARACTER SET utf8 COLLATE utf8_bin NOT NULL DEFAULT '0' COMMENT '删除标记',
  PRIMARY KEY (`id`) USING BTREE,
  INDEX `test_tree_del_flag`(`del_flag`) USING BTREE,
  INDEX `test_data_parent_id`(`parent_id`) USING BTREE
) ENGINE = InnoDB CHARACTER SET = utf8 COLLATE = utf8_bin COMMENT = '树结构表' ROW_FORMAT = Compact;

-- ----------------------------
-- Records of test_tree
-- ----------------------------
INSERT INTO `test_tree` VALUES ('0e5f08e37f354783b83d4c12292bb8ce', '0', '0,', '', 30, '1', 0, '1', '2019-01-10 21:44:15', '1', '2019-03-11 17:51:38', '', '0');
INSERT INTO `test_tree` VALUES ('219b2b960041419db042fdc8e22e5fff', '381f24a283e54099a55473eb0c4a56e8', '0,381f24a283e54099a55473eb0c4a56e8,', '', 30, '1', 1, '1', '2019-03-01 16:37:43', '1', '2019-03-15 14:40:56', '', '0');
INSERT INTO `test_tree` VALUES ('31f28474706a4530b8913ead4d0e2689', '0', '0,', '', 30, '1', 0, '1', '2019-03-28 21:30:53', '1', '2019-03-28 21:30:53', '', '0');
INSERT INTO `test_tree` VALUES ('381f24a283e54099a55473eb0c4a56e8', '0', '0,', '', 30, '0', 0, '1', '2019-03-01 16:37:29', '1', '2019-03-01 16:37:43', '', '0');
INSERT INTO `test_tree` VALUES ('3ec40e64877f44b6a94332770346aa36', '0', '0,', '电力交易项目', 30, '1', 0, '1', '2019-02-28 10:17:15', '1', '2019-02-28 10:17:15', '', '0');
INSERT INTO `test_tree` VALUES ('4568301f13a3491482ff62946775110d', '8b68dda1a112488ba29a07a311e8ff21', '0,8b68dda1a112488ba29a07a311e8ff21,', '331', 30, '1', 1, '1', '2019-01-25 17:57:37', '1', '2019-03-12 11:01:40', '', '0');
INSERT INTO `test_tree` VALUES ('73eb554899594ee0b45eb72360586351', 'e323c4775e6240fbb924b6442ab8a49d', '0,e323c4775e6240fbb924b6442ab8a49d,', '', 30, '1', 1, '1', '2019-01-24 14:24:59', '1', '2019-01-24 14:24:59', '', '0');
INSERT INTO `test_tree` VALUES ('77bffd3657a84b439e6d2524de0bd2bd', '0', '0,', '', 30, '1', 0, '1', '2019-05-27 23:45:32', '1', '2019-05-27 23:45:32', '', '0');
INSERT INTO `test_tree` VALUES ('7c471d46c95a440abc0bab50c0b60994', '0', '0,', '', 30, '1', 0, '1', '2019-01-11 21:32:12', '1', '2019-01-11 21:32:12', '', '0');
INSERT INTO `test_tree` VALUES ('816b96133fbb4ab997e811d27dc14429', '0', '0,', '', 30, '1', 0, '1', '2019-04-13 14:17:21', '1', '2019-04-13 14:17:21', '', '0');
INSERT INTO `test_tree` VALUES ('8b68dda1a112488ba29a07a311e8ff21', '0', '0,', '333', 30, '0', 0, '1', '2019-01-25 17:57:30', '1', '2019-01-25 17:57:37', '', '0');
INSERT INTO `test_tree` VALUES ('a8456765a18f46e18e2ed11f6217f038', '0', '0,', '', NULL, '1', 0, '1', '2019-05-27 23:45:39', '1', '2019-05-27 23:45:39', '', '0');
INSERT INTO `test_tree` VALUES ('cb47b0adc17443619c3e27bbae69d5a1', '0', '0,', '杨磊', 30, '1', 0, '1', '2019-02-28 10:22:59', '1', '2019-02-28 10:22:59', '', '0');
INSERT INTO `test_tree` VALUES ('d54b05fdf1a24592a3656d74c5b3a4cd', '0', '0,', 'test1', 30, '1', 0, '1', '2019-06-04 09:42:30', '1', '2019-06-11 14:57:16', '', '0');
INSERT INTO `test_tree` VALUES ('e323c4775e6240fbb924b6442ab8a49d', '0', '0,', '树结构父节点', 30, '0', 0, '1', '2019-01-07 16:55:15', '1', '2019-04-15 16:21:23', 'aa', '0');
INSERT INTO `test_tree` VALUES ('e5a9917fecb94db4b1e6ceede9716715', 'e323c4775e6240fbb924b6442ab8a49d', '0,e323c4775e6240fbb924b6442ab8a49d,', '树结构子节点', 30, '1', 1, '1', '2019-01-07 17:39:06', '1', '2019-01-15 11:00:44', '啊啊', '0');

SET FOREIGN_KEY_CHECKS = 1;
